[{"pk": 1, "model": "alumnes.nivell", "fields": {"ordre_nivell": null, "nom_nivell": "ESO", "descripcio_nivell": "Ensenyament Secundari Obligatori", "anotacions_nivell": ""}}, {"pk": 2, "model": "alumnes.nivell", "fields": {"ordre_nivell": null, "nom_nivell": "BTX", "descripcio_nivell": "Batxillerat", "anotacions_nivell": ""}}, {"pk": 3, "model": "alumnes.nivell", "fields": {"ordre_nivell": null, "nom_nivell": "CFGM Admin", "descripcio_nivell": "CFGM Gesti\u00f3 administrativa", "anotacions_nivell": ""}}, {"pk": 4, "model": "alumnes.nivell", "fields": {"ordre_nivell": null, "nom_nivell": "CFGM Infor", "descripcio_nivell": "CFGM Sistemes microinform\u00e0tics i xarxes ", "anotacions_nivell": ""}}, {"pk": 5, "model": "alumnes.nivell", "fields": {"ordre_nivell": null, "nom_nivell": "CFGS Inform", "descripcio_nivell": "CFGS Administraci\u00f3 de sistemes inform\u00e0tics en la xarxa", "anotacions_nivell": ""}}, {"pk": 6, "model": "alumnes.nivell", "fields": {"ordre_nivell": null, "nom_nivell": "CFGS Admin", "descripcio_nivell": "CFGS Administraci\u00f3 i finances", "anotacions_nivell": ""}}, {"pk": 8, "model": "alumnes.nivell", "fields": {"ordre_nivell": null, "nom_nivell": "Alumnes x Classificar", "descripcio_nivell": "", "anotacions_nivell": ""}}, {"pk": 1, "model": "alumnes.curs", "fields": {"nom_curs_complert": "1r ESO", "data_inici_curs": "2011-09-12", "nom_curs": "1", "data_fi_curs": "2012-06-22", "nivell": 1}}, {"pk": 2, "model": "alumnes.curs", "fields": {"nom_curs_complert": "2n ESO", "data_inici_curs": "2011-09-12", "nom_curs": "2", "data_fi_curs": "2012-06-22", "nivell": 1}}, {"pk": 3, "model": "alumnes.curs", "fields": {"nom_curs_complert": "3r ESO", "data_inici_curs": "2011-09-12", "nom_curs": "3", "data_fi_curs": "2012-06-22", "nivell": 1}}, {"pk": 4, "model": "alumnes.curs", "fields": {"nom_curs_complert": "4t ESO", "data_inici_curs": "2011-09-12", "nom_curs": "4", "data_fi_curs": "2012-06-22", "nivell": 1}}, {"pk": 6, "model": "alumnes.curs", "fields": {"nom_curs_complert": "1r BTX", "data_inici_curs": "2011-09-12", "nom_curs": "1", "data_fi_curs": "2012-06-22", "nivell": 2}}, {"pk": 7, "model": "alumnes.curs", "fields": {"nom_curs_complert": "2n BTX", "data_inici_curs": "2011-09-12", "nom_curs": "2", "data_fi_curs": "2012-06-22", "nivell": 2}}, {"pk": 8, "model": "alumnes.curs", "fields": {"nom_curs_complert": "1r CFGM Admin", "data_inici_curs": "2011-09-12", "nom_curs": "1", "data_fi_curs": "2012-06-22", "nivell": 3}}, {"pk": 9, "model": "alumnes.curs", "fields": {"nom_curs_complert": "2n CFGM Admin", "data_inici_curs": "2011-09-12", "nom_curs": "2", "data_fi_curs": "2012-06-22", "nivell": 3}}, {"pk": 10, "model": "alumnes.curs", "fields": {"nom_curs_complert": "1r CFGM Inform", "data_inici_curs": "2011-09-12", "nom_curs": "1", "data_fi_curs": "2012-06-22", "nivell": 4}}, {"pk": 11, "model": "alumnes.curs", "fields": {"nom_curs_complert": "2n CFGM Inform", "data_inici_curs": "2011-09-12", "nom_curs": "2", "data_fi_curs": "2012-06-22", "nivell": 4}}, {"pk": 12, "model": "alumnes.curs", "fields": {"nom_curs_complert": "1r CFGS Inform", "data_inici_curs": "2011-08-21", "nom_curs": "1", "data_fi_curs": "2012-06-22", "nivell": 5}}, {"pk": 13, "model": "alumnes.curs", "fields": {"nom_curs_complert": "2n CFGS Inform", "data_inici_curs": "2011-08-21", "nom_curs": "2", "data_fi_curs": "2012-06-22", "nivell": 5}}, {"pk": 14, "model": "alumnes.curs", "fields": {"nom_curs_complert": "2r CFGS Admin", "data_inici_curs": "2011-09-19", "nom_curs": "2", "data_fi_curs": "2012-06-22", "nivell": 6}}, {"pk": 16, "model": "alumnes.curs", "fields": {"nom_curs_complert": "*", "data_inici_curs": "2011-09-12", "nom_curs": "*", "data_fi_curs": "2012-06-22", "nivell": 1}}, {"pk": 17, "model": "alumnes.curs", "fields": {"nom_curs_complert": "Alumnes x Classificar", "data_inici_curs": null, "nom_curs": "", "data_fi_curs": null, "nivell": 8}}, {"pk": 19, "model": "alumnes.curs", "fields": {"nom_curs_complert": "1r CFGS Admin", "data_inici_curs": null, "nom_curs": "1", "data_fi_curs": null, "nivell": 6}}, {"pk": 20, "model": "alumnes.curs", "fields": {"nom_curs_complert": "ACO/UEC", "data_inici_curs": "2011-09-12", "nom_curs": "ACO/UEC", "data_fi_curs": "2012-06-22", "nivell": 1}}, {"pk": 1, "model": "alumnes.grup", "fields": {"codi_enllac_horari_src": "", "enllac_saga": "", "descripcio_grup": "1r ESO AO1", "curs": 1, "nom_grup": "AO1"}}, {"pk": 2, "model": "alumnes.grup", "fields": {"codi_enllac_horari_src": "", "enllac_saga": "", "descripcio_grup": "2n ESO AO2", "curs": 2, "nom_grup": "AO2"}}, {"pk": 3, "model": "alumnes.grup", "fields": {"codi_enllac_horari_src": "", "enllac_saga": "", "descripcio_grup": "3r ESO AO3", "curs": 3, "nom_grup": "AO3"}}, {"pk": 4, "model": "alumnes.grup", "fields": {"codi_enllac_horari_src": "", "enllac_saga": "", "descripcio_grup": "4t ESO AO4", "curs": 4, "nom_grup": "AO4"}}, {"pk": 5, "model": "alumnes.grup", "fields": {"codi_enllac_horari_src": "", "enllac_saga": "", "descripcio_grup": "* ACU", "curs": 16, "nom_grup": "ACU"}}, {"pk": 6, "model": "alumnes.grup", "fields": {"codi_enllac_horari_src": "", "enllac_saga": "BTX 2 B", "descripcio_grup": "Alumnes x Classificar x Classificar: BTX 2 B", "curs": 17, "nom_grup": "x Classificar: BTX 2 B"}}, {"pk": 7, "model": "alumnes.grup", "fields": {"codi_enllac_horari_src": "", "enllac_saga": "1 ESO D", "descripcio_grup": "Alumnes x Classificar x Classificar: 1 ESO D", "curs": 17, "nom_grup": "x Classificar: 1 ESO D"}}, {"pk": 8, "model": "alumnes.grup", "fields": {"codi_enllac_horari_src": "", "enllac_saga": "3 ESO B", "descripcio_grup": "Alumnes x Classificar x Classificar: 3 ESO B", "curs": 17, "nom_grup": "x Classificar: 3 ESO B"}}, {"pk": 9, "model": "alumnes.grup", "fields": {"codi_enllac_horari_src": "", "enllac_saga": "1 ESO B", "descripcio_grup": "Alumnes x Classificar x Classificar: 1 ESO B", "curs": 17, "nom_grup": "x Classificar: 1 ESO B"}}, {"pk": 10, "model": "alumnes.grup", "fields": {"codi_enllac_horari_src": "", "enllac_saga": "4 ESO A", "descripcio_grup": "Alumnes x Classificar x Classificar: 4 ESO A", "curs": 17, "nom_grup": "x Classificar: 4 ESO A"}}, {"pk": 11, "model": "alumnes.grup", "fields": {"codi_enllac_horari_src": "", "enllac_saga": "3 ESO C", "descripcio_grup": "Alumnes x Classificar x Classificar: 3 ESO C", "curs": 17, "nom_grup": "x Classificar: 3 ESO C"}}, {"pk": 12, "model": "alumnes.grup", "fields": {"codi_enllac_horari_src": "", "enllac_saga": "4 ESO E", "descripcio_grup": "Alumnes x Classificar x Classificar: 4 ESO E", "curs": 17, "nom_grup": "x Classificar: 4 ESO E"}}, {"pk": 13, "model": "alumnes.grup", "fields": {"codi_enllac_horari_src": "", "enllac_saga": "4 ESO B", "descripcio_grup": "Alumnes x Classificar x Classificar: 4 ESO B", "curs": 17, "nom_grup": "x Classificar: 4 ESO B"}}, {"pk": 14, "model": "alumnes.grup", "fields": {"codi_enllac_horari_src": "", "enllac_saga": "CF Inf GS 1", "descripcio_grup": "Alumnes x Classificar x Classificar: CF Inf GS 1", "curs": 17, "nom_grup": "x Classificar: CF Inf GS 1"}}, {"pk": 15, "model": "alumnes.grup", "fields": {"codi_enllac_horari_src": "", "enllac_saga": "2 ESO A", "descripcio_grup": "Alumnes x Classificar x Classificar: 2 ESO A", "curs": 17, "nom_grup": "x Classificar: 2 ESO A"}}, {"pk": 16, "model": "alumnes.grup", "fields": {"codi_enllac_horari_src": "", "enllac_saga": "BTX 1 A", "descripcio_grup": "Alumnes x Classificar x Classificar: BTX 1 A", "curs": 17, "nom_grup": "x Classificar: BTX 1 A"}}, {"pk": 17, "model": "alumnes.grup", "fields": {"codi_enllac_horari_src": "", "enllac_saga": "CF Inf GM 1B", "descripcio_grup": "Alumnes x Classificar x Classificar: CF Inf GM 1B", "curs": 17, "nom_grup": "x Classificar: CF Inf GM 1B"}}, {"pk": 18, "model": "alumnes.grup", "fields": {"codi_enllac_horari_src": "", "enllac_saga": "CF Inf GM 1A", "descripcio_grup": "Alumnes x Classificar x Classificar: CF Inf GM 1A", "curs": 17, "nom_grup": "x Classificar: CF Inf GM 1A"}}, {"pk": 19, "model": "alumnes.grup", "fields": {"codi_enllac_horari_src": "", "enllac_saga": "4 ESO D", "descripcio_grup": "Alumnes x Classificar x Classificar: 4 ESO D", "curs": 17, "nom_grup": "x Classificar: 4 ESO D"}}, {"pk": 20, "model": "alumnes.grup", "fields": {"codi_enllac_horari_src": "", "enllac_saga": "CF Adm GS 2", "descripcio_grup": "Alumnes x Classificar x Classificar: CF Adm GS 2", "curs": 17, "nom_grup": "x Classificar: CF Adm GS 2"}}, {"pk": 21, "model": "alumnes.grup", "fields": {"codi_enllac_horari_src": "", "enllac_saga": "CF Adm GS 1", "descripcio_grup": "Alumnes x Classificar x Classificar: CF Adm GS 1", "curs": 17, "nom_grup": "x Classificar: CF Adm GS 1"}}, {"pk": 22, "model": "alumnes.grup", "fields": {"codi_enllac_horari_src": "", "enllac_saga": "2 ESO C", "descripcio_grup": "Alumnes x Classificar x Classificar: 2 ESO C", "curs": 17, "nom_grup": "x Classificar: 2 ESO C"}}, {"pk": 23, "model": "alumnes.grup", "fields": {"codi_enllac_horari_src": "", "enllac_saga": "3 ESO A", "descripcio_grup": "Alumnes x Classificar x Classificar: 3 ESO A", "curs": 17, "nom_grup": "x Classificar: 3 ESO A"}}, {"pk": 24, "model": "alumnes.grup", "fields": {"codi_enllac_horari_src": "", "enllac_saga": "3 ESO D", "descripcio_grup": "Alumnes x Classificar x Classificar: 3 ESO D", "curs": 17, "nom_grup": "x Classificar: 3 ESO D"}}, {"pk": 25, "model": "alumnes.grup", "fields": {"codi_enllac_horari_src": "", "enllac_saga": "BTX 1 B", "descripcio_grup": "Alumnes x Classificar x Classificar: BTX 1 B", "curs": 17, "nom_grup": "x Classificar: BTX 1 B"}}, {"pk": 26, "model": "alumnes.grup", "fields": {"codi_enllac_horari_src": "", "enllac_saga": "1 ESO A", "descripcio_grup": "Alumnes x Classificar x Classificar: 1 ESO A", "curs": 17, "nom_grup": "x Classificar: 1 ESO A"}}, {"pk": 27, "model": "alumnes.grup", "fields": {"codi_enllac_horari_src": "", "enllac_saga": "BTX 1 C", "descripcio_grup": "Alumnes x Classificar x Classificar: BTX 1 C", "curs": 17, "nom_grup": "x Classificar: BTX 1 C"}}, {"pk": 28, "model": "alumnes.grup", "fields": {"codi_enllac_horari_src": "", "enllac_saga": "BTX 2 A", "descripcio_grup": "Alumnes x Classificar x Classificar: BTX 2 A", "curs": 17, "nom_grup": "x Classificar: BTX 2 A"}}, {"pk": 29, "model": "alumnes.grup", "fields": {"codi_enllac_horari_src": "", "enllac_saga": "2 ESO B", "descripcio_grup": "Alumnes x Classificar x Classificar: 2 ESO B", "curs": 17, "nom_grup": "x Classificar: 2 ESO B"}}, {"pk": 30, "model": "alumnes.grup", "fields": {"codi_enllac_horari_src": "", "enllac_saga": "4 ESO C", "descripcio_grup": "Alumnes x Classificar x Classificar: 4 ESO C", "curs": 17, "nom_grup": "x Classificar: 4 ESO C"}}, {"pk": 31, "model": "alumnes.grup", "fields": {"codi_enllac_horari_src": "", "enllac_saga": "2 ESO D", "descripcio_grup": "Alumnes x Classificar x Classificar: 2 ESO D", "curs": 17, "nom_grup": "x Classificar: 2 ESO D"}}, {"pk": 32, "model": "alumnes.grup", "fields": {"codi_enllac_horari_src": "", "enllac_saga": "CF Adm GM B", "descripcio_grup": "Alumnes x Classificar x Classificar: CF Adm GM B", "curs": 17, "nom_grup": "x Classificar: CF Adm GM B"}}, {"pk": 33, "model": "alumnes.grup", "fields": {"codi_enllac_horari_src": "", "enllac_saga": "CF Inf GM 1C", "descripcio_grup": "Alumnes x Classificar x Classificar: CF Inf GM 1C", "curs": 17, "nom_grup": "x Classificar: CF Inf GM 1C"}}, {"pk": 34, "model": "alumnes.grup", "fields": {"codi_enllac_horari_src": "", "enllac_saga": "1 ESO C", "descripcio_grup": "Alumnes x Classificar x Classificar: 1 ESO C", "curs": 17, "nom_grup": "x Classificar: 1 ESO C"}}, {"pk": 35, "model": "alumnes.grup", "fields": {"codi_enllac_horari_src": "", "enllac_saga": "CF Inf GS 2", "descripcio_grup": "Alumnes x Classificar x Classificar: CF Inf GS 2", "curs": 17, "nom_grup": "x Classificar: CF Inf GS 2"}}, {"pk": 36, "model": "alumnes.grup", "fields": {"codi_enllac_horari_src": "", "enllac_saga": "2 ESO U", "descripcio_grup": "Alumnes x Classificar x Classificar: 2 ESO U", "curs": 17, "nom_grup": "x Classificar: 2 ESO U"}}, {"pk": 37, "model": "alumnes.grup", "fields": {"codi_enllac_horari_src": "", "enllac_saga": "CF Adm GM A", "descripcio_grup": "Alumnes x Classificar x Classificar: CF Adm GM A", "curs": 17, "nom_grup": "x Classificar: CF Adm GM A"}}, {"pk": 38, "model": "alumnes.grup", "fields": {"codi_enllac_horari_src": "", "enllac_saga": "CF Adm GS FCT", "descripcio_grup": "Alumnes x Classificar x Classificar: CF Adm GS FCT", "curs": 17, "nom_grup": "x Classificar: CF Adm GS FCT"}}, {"pk": 39, "model": "alumnes.grup", "fields": {"codi_enllac_horari_src": "", "enllac_saga": "CF Inf GM 2A", "descripcio_grup": "Alumnes x Classificar x Classificar: CF Inf GM 2A", "curs": 17, "nom_grup": "x Classificar: CF Inf GM 2A"}}, {"pk": 40, "model": "alumnes.grup", "fields": {"codi_enllac_horari_src": "", "enllac_saga": "CF Adm GM FCT", "descripcio_grup": "Alumnes x Classificar x Classificar: CF Adm GM FCT", "curs": 17, "nom_grup": "x Classificar: CF Adm GM FCT"}}, {"pk": 41, "model": "alumnes.grup", "fields": {"codi_enllac_horari_src": "", "enllac_saga": "CF Adm GM FCT Pendents", "descripcio_grup": "Alumnes x Classificar x Classificar: CF Adm GM FCT Pendents", "curs": 17, "nom_grup": "x Classificar: CF Adm GM FCT Pendents"}}, {"pk": 42, "model": "alumnes.grup", "fields": {"codi_enllac_horari_src": "", "enllac_saga": "3 ESO U", "descripcio_grup": "Alumnes x Classificar x Classificar: 3 ESO U", "curs": 17, "nom_grup": "x Classificar: 3 ESO U"}}]
