--
-- PostgreSQL database dump
--

\restrict H6mEtoAttAIJfPlv3eTbC6eXFfXafkzSQi9I8K4oGg9iOMbN5pJlmczRgI32diG

-- Dumped from database version 14.19
-- Dumped by pg_dump version 14.19

SET statement_timeout = 0;
SET lock_timeout = 0;
SET idle_in_transaction_session_timeout = 0;
SET client_encoding = 'UTF8';
SET standard_conforming_strings = on;
SELECT pg_catalog.set_config('search_path', '', false);
SET check_function_bodies = false;
SET xmloption = content;
SET client_min_messages = warning;
SET row_security = off;

SET default_tablespace = '';

SET default_table_access_method = heap;

--
-- Name: alumnes_alumne; Type: TABLE; Schema: public; Owner: demo_user
--

CREATE TABLE public.alumnes_alumne (
    id integer NOT NULL,
    nom character varying(240) NOT NULL,
    cognoms character varying(240) NOT NULL,
    data_neixement date,
    estat_sincronitzacio character varying(3) NOT NULL,
    correu_tutors character varying(240) NOT NULL,
    correu_relacio_familia_pare character varying(254) NOT NULL,
    correu_relacio_familia_mare character varying(254) NOT NULL,
    motiu_bloqueig character varying(250) NOT NULL,
    tutors_volen_rebre_correu boolean,
    centre_de_procedencia character varying(250) NOT NULL,
    localitat character varying(240) NOT NULL,
    telefons character varying(250) NOT NULL,
    tutors character varying(250) NOT NULL,
    adreca character varying(250) NOT NULL,
    data_alta date NOT NULL,
    data_baixa date,
    relacio_familia_darrera_notificacio timestamp with time zone,
    periodicitat_faltes integer NOT NULL,
    periodicitat_incidencies boolean NOT NULL,
    grup_id integer NOT NULL,
    user_associat_id integer,
    ralc character varying(100) NOT NULL,
    altres_telefons character varying(250) NOT NULL,
    correu character varying(240) NOT NULL,
    rp1_correu character varying(240) NOT NULL,
    rp1_mobil character varying(250) NOT NULL,
    rp1_nom character varying(250) NOT NULL,
    rp1_telefon character varying(250) NOT NULL,
    rp2_correu character varying(240) NOT NULL,
    rp2_mobil character varying(250) NOT NULL,
    rp2_nom character varying(250) NOT NULL,
    rp2_telefon character varying(250) NOT NULL,
    municipi character varying(240) NOT NULL,
    cp character varying(240) NOT NULL,
    foto character varying(100),
    primer_responsable integer NOT NULL,
    observacions text,
    nom_sentit character varying(240) NOT NULL,
    responsable_preferent_id integer,
    aruco_marker integer NOT NULL
);


ALTER TABLE public.alumnes_alumne OWNER TO demo_user;

--
-- Name: alumnes_alumne_id_seq; Type: SEQUENCE; Schema: public; Owner: demo_user
--

ALTER TABLE public.alumnes_alumne ALTER COLUMN id ADD GENERATED BY DEFAULT AS IDENTITY (
    SEQUENCE NAME public.alumnes_alumne_id_seq
    START WITH 1
    INCREMENT BY 1
    NO MINVALUE
    NO MAXVALUE
    CACHE 1
);


--
-- Name: alumnes_curs; Type: TABLE; Schema: public; Owner: demo_user
--

CREATE TABLE public.alumnes_curs (
    id integer NOT NULL,
    nom_curs character varying(45) NOT NULL,
    nom_curs_complert character varying(45) NOT NULL,
    data_inici_curs date,
    data_fi_curs date,
    nivell_id integer NOT NULL,
    confirmacio_oberta boolean NOT NULL,
    limit_confirmacio date
);


ALTER TABLE public.alumnes_curs OWNER TO demo_user;

--
-- Name: alumnes_curs_id_seq; Type: SEQUENCE; Schema: public; Owner: demo_user
--

ALTER TABLE public.alumnes_curs ALTER COLUMN id ADD GENERATED BY DEFAULT AS IDENTITY (
    SEQUENCE NAME public.alumnes_curs_id_seq
    START WITH 1
    INCREMENT BY 1
    NO MINVALUE
    NO MAXVALUE
    CACHE 1
);


--
-- Name: alumnes_dadesaddicionalsalumne; Type: TABLE; Schema: public; Owner: demo_user
--

CREATE TABLE public.alumnes_dadesaddicionalsalumne (
    id integer NOT NULL,
    label character varying(50) NOT NULL,
    value character varying(500),
    alumne_id integer NOT NULL
);


ALTER TABLE public.alumnes_dadesaddicionalsalumne OWNER TO demo_user;

--
-- Name: alumnes_dadesaddicionalsalumne_id_seq; Type: SEQUENCE; Schema: public; Owner: demo_user
--

ALTER TABLE public.alumnes_dadesaddicionalsalumne ALTER COLUMN id ADD GENERATED BY DEFAULT AS IDENTITY (
    SEQUENCE NAME public.alumnes_dadesaddicionalsalumne_id_seq
    START WITH 1
    INCREMENT BY 1
    NO MINVALUE
    NO MAXVALUE
    CACHE 1
);


--
-- Name: alumnes_grup; Type: TABLE; Schema: public; Owner: demo_user
--

CREATE TABLE public.alumnes_grup (
    id integer NOT NULL,
    nom_grup character varying(45) NOT NULL,
    descripcio_grup character varying(240) NOT NULL,
    curs_id integer NOT NULL
);


ALTER TABLE public.alumnes_grup OWNER TO demo_user;

--
-- Name: alumnes_grup_id_seq; Type: SEQUENCE; Schema: public; Owner: demo_user
--

ALTER TABLE public.alumnes_grup ALTER COLUMN id ADD GENERATED BY DEFAULT AS IDENTITY (
    SEQUENCE NAME public.alumnes_grup_id_seq
    START WITH 1
    INCREMENT BY 1
    NO MINVALUE
    NO MAXVALUE
    CACHE 1
);


--
-- Name: alumnes_nivell; Type: TABLE; Schema: public; Owner: demo_user
--

CREATE TABLE public.alumnes_nivell (
    id integer NOT NULL,
    nom_nivell character varying(45) NOT NULL,
    ordre_nivell integer,
    descripcio_nivell character varying(240) NOT NULL,
    anotacions_nivell text NOT NULL,
    limit_matricula date,
    matricula_oberta boolean NOT NULL,
    taxes_id integer,
    preexclusiva boolean NOT NULL
);


ALTER TABLE public.alumnes_nivell OWNER TO demo_user;

--
-- Name: alumnes_nivell_id_seq; Type: SEQUENCE; Schema: public; Owner: demo_user
--

ALTER TABLE public.alumnes_nivell ALTER COLUMN id ADD GENERATED BY DEFAULT AS IDENTITY (
    SEQUENCE NAME public.alumnes_nivell_id_seq
    START WITH 1
    INCREMENT BY 1
    NO MINVALUE
    NO MAXVALUE
    CACHE 1
);


--
-- Name: assignatures_assignatura; Type: TABLE; Schema: public; Owner: demo_user
--

CREATE TABLE public.assignatures_assignatura (
    id integer NOT NULL,
    codi_assignatura character varying(45) NOT NULL,
    nom_assignatura character varying(250) NOT NULL,
    curs_id integer,
    tipus_assignatura_id integer
);


ALTER TABLE public.assignatures_assignatura OWNER TO demo_user;

--
-- Name: assignatures_assignatura_id_seq; Type: SEQUENCE; Schema: public; Owner: demo_user
--

ALTER TABLE public.assignatures_assignatura ALTER COLUMN id ADD GENERATED BY DEFAULT AS IDENTITY (
    SEQUENCE NAME public.assignatures_assignatura_id_seq
    START WITH 1
    INCREMENT BY 1
    NO MINVALUE
    NO MAXVALUE
    CACHE 1
);


--
-- Name: assignatures_tipusdassignatura; Type: TABLE; Schema: public; Owner: demo_user
--

CREATE TABLE public.assignatures_tipusdassignatura (
    id integer NOT NULL,
    tipus_assignatura character varying(45) NOT NULL,
    ambit_on_prendre_alumnes character varying(45) NOT NULL,
    capcelera character varying(45) NOT NULL
);


ALTER TABLE public.assignatures_tipusdassignatura OWNER TO demo_user;

--
-- Name: assignatures_tipusdassignatura_id_seq; Type: SEQUENCE; Schema: public; Owner: demo_user
--

ALTER TABLE public.assignatures_tipusdassignatura ALTER COLUMN id ADD GENERATED BY DEFAULT AS IDENTITY (
    SEQUENCE NAME public.assignatures_tipusdassignatura_id_seq
    START WITH 1
    INCREMENT BY 1
    NO MINVALUE
    NO MAXVALUE
    CACHE 1
);


--
-- Name: aules_aula; Type: TABLE; Schema: public; Owner: demo_user
--

CREATE TABLE public.aules_aula (
    id integer NOT NULL,
    nom_aula character varying(45) NOT NULL,
    descripcio_aula character varying(240) NOT NULL,
    horari_lliure boolean NOT NULL,
    reservable boolean NOT NULL
);


ALTER TABLE public.aules_aula OWNER TO demo_user;

--
-- Name: aules_aula_disponibilitat_horaria; Type: TABLE; Schema: public; Owner: demo_user
--

CREATE TABLE public.aules_aula_disponibilitat_horaria (
    id integer NOT NULL,
    aula_id integer NOT NULL,
    franjahoraria_id integer NOT NULL
);


ALTER TABLE public.aules_aula_disponibilitat_horaria OWNER TO demo_user;

--
-- Name: aules_aula_disponibilitat_horaria_id_seq; Type: SEQUENCE; Schema: public; Owner: demo_user
--

ALTER TABLE public.aules_aula_disponibilitat_horaria ALTER COLUMN id ADD GENERATED BY DEFAULT AS IDENTITY (
    SEQUENCE NAME public.aules_aula_disponibilitat_horaria_id_seq
    START WITH 1
    INCREMENT BY 1
    NO MINVALUE
    NO MAXVALUE
    CACHE 1
);


--
-- Name: aules_aula_id_seq; Type: SEQUENCE; Schema: public; Owner: demo_user
--

ALTER TABLE public.aules_aula ALTER COLUMN id ADD GENERATED BY DEFAULT AS IDENTITY (
    SEQUENCE NAME public.aules_aula_id_seq
    START WITH 1
    INCREMENT BY 1
    NO MINVALUE
    NO MAXVALUE
    CACHE 1
);


--
-- Name: aules_reservaaula; Type: TABLE; Schema: public; Owner: demo_user
--

CREATE TABLE public.aules_reservaaula (
    id integer NOT NULL,
    dia_reserva date NOT NULL,
    hora_inici time without time zone NOT NULL,
    hora_fi time without time zone NOT NULL,
    motiu character varying(120) NOT NULL,
    aula_id integer NOT NULL,
    hora_id integer,
    usuari_id integer NOT NULL,
    es_reserva_manual boolean NOT NULL
);


ALTER TABLE public.aules_reservaaula OWNER TO demo_user;

--
-- Name: aules_reservaaula_id_seq; Type: SEQUENCE; Schema: public; Owner: demo_user
--

ALTER TABLE public.aules_reservaaula ALTER COLUMN id ADD GENERATED BY DEFAULT AS IDENTITY (
    SEQUENCE NAME public.aules_reservaaula_id_seq
    START WITH 1
    INCREMENT BY 1
    NO MINVALUE
    NO MAXVALUE
    CACHE 1
);


--
-- Name: auth_group; Type: TABLE; Schema: public; Owner: demo_user
--

CREATE TABLE public.auth_group (
    id integer NOT NULL,
    name character varying(150) NOT NULL
);


ALTER TABLE public.auth_group OWNER TO demo_user;

--
-- Name: auth_group_id_seq; Type: SEQUENCE; Schema: public; Owner: demo_user
--

ALTER TABLE public.auth_group ALTER COLUMN id ADD GENERATED BY DEFAULT AS IDENTITY (
    SEQUENCE NAME public.auth_group_id_seq
    START WITH 1
    INCREMENT BY 1
    NO MINVALUE
    NO MAXVALUE
    CACHE 1
);


--
-- Name: auth_group_permissions; Type: TABLE; Schema: public; Owner: demo_user
--

CREATE TABLE public.auth_group_permissions (
    id integer NOT NULL,
    group_id integer NOT NULL,
    permission_id integer NOT NULL
);


ALTER TABLE public.auth_group_permissions OWNER TO demo_user;

--
-- Name: auth_group_permissions_id_seq; Type: SEQUENCE; Schema: public; Owner: demo_user
--

ALTER TABLE public.auth_group_permissions ALTER COLUMN id ADD GENERATED BY DEFAULT AS IDENTITY (
    SEQUENCE NAME public.auth_group_permissions_id_seq
    START WITH 1
    INCREMENT BY 1
    NO MINVALUE
    NO MAXVALUE
    CACHE 1
);


--
-- Name: auth_permission; Type: TABLE; Schema: public; Owner: demo_user
--

CREATE TABLE public.auth_permission (
    id integer NOT NULL,
    name character varying(255) NOT NULL,
    content_type_id integer NOT NULL,
    codename character varying(100) NOT NULL
);


ALTER TABLE public.auth_permission OWNER TO demo_user;

--
-- Name: auth_permission_id_seq; Type: SEQUENCE; Schema: public; Owner: demo_user
--

ALTER TABLE public.auth_permission ALTER COLUMN id ADD GENERATED BY DEFAULT AS IDENTITY (
    SEQUENCE NAME public.auth_permission_id_seq
    START WITH 1
    INCREMENT BY 1
    NO MINVALUE
    NO MAXVALUE
    CACHE 1
);


--
-- Name: auth_user; Type: TABLE; Schema: public; Owner: demo_user
--

CREATE TABLE public.auth_user (
    id integer NOT NULL,
    password character varying(128) NOT NULL,
    last_login timestamp with time zone,
    is_superuser boolean NOT NULL,
    username character varying(150) NOT NULL,
    first_name character varying(150) NOT NULL,
    last_name character varying(150) NOT NULL,
    email character varying(254) NOT NULL,
    is_staff boolean NOT NULL,
    is_active boolean NOT NULL,
    date_joined timestamp with time zone NOT NULL
);


ALTER TABLE public.auth_user OWNER TO demo_user;

--
-- Name: auth_user_groups; Type: TABLE; Schema: public; Owner: demo_user
--

CREATE TABLE public.auth_user_groups (
    id integer NOT NULL,
    user_id integer NOT NULL,
    group_id integer NOT NULL
);


ALTER TABLE public.auth_user_groups OWNER TO demo_user;

--
-- Name: auth_user_groups_id_seq; Type: SEQUENCE; Schema: public; Owner: demo_user
--

ALTER TABLE public.auth_user_groups ALTER COLUMN id ADD GENERATED BY DEFAULT AS IDENTITY (
    SEQUENCE NAME public.auth_user_groups_id_seq
    START WITH 1
    INCREMENT BY 1
    NO MINVALUE
    NO MAXVALUE
    CACHE 1
);


--
-- Name: auth_user_id_seq; Type: SEQUENCE; Schema: public; Owner: demo_user
--

ALTER TABLE public.auth_user ALTER COLUMN id ADD GENERATED BY DEFAULT AS IDENTITY (
    SEQUENCE NAME public.auth_user_id_seq
    START WITH 1
    INCREMENT BY 1
    NO MINVALUE
    NO MAXVALUE
    CACHE 1
);


--
-- Name: auth_user_user_permissions; Type: TABLE; Schema: public; Owner: demo_user
--

CREATE TABLE public.auth_user_user_permissions (
    id integer NOT NULL,
    user_id integer NOT NULL,
    permission_id integer NOT NULL
);


ALTER TABLE public.auth_user_user_permissions OWNER TO demo_user;

--
-- Name: auth_user_user_permissions_id_seq; Type: SEQUENCE; Schema: public; Owner: demo_user
--

ALTER TABLE public.auth_user_user_permissions ALTER COLUMN id ADD GENERATED BY DEFAULT AS IDENTITY (
    SEQUENCE NAME public.auth_user_user_permissions_id_seq
    START WITH 1
    INCREMENT BY 1
    NO MINVALUE
    NO MAXVALUE
    CACHE 1
);


--
-- Name: avaluacioQualitativa_avaluacioqualitativa; Type: TABLE; Schema: public; Owner: demo_user
--

CREATE TABLE public."avaluacioQualitativa_avaluacioqualitativa" (
    id integer NOT NULL,
    nom_avaluacio character varying(120) NOT NULL,
    data_obrir_avaluacio date NOT NULL,
    data_tancar_avaluacio date NOT NULL,
    data_obrir_portal_families date,
    data_tancar_tancar_portal_families date
);


ALTER TABLE public."avaluacioQualitativa_avaluacioqualitativa" OWNER TO demo_user;

--
-- Name: avaluacioQualitativa_avaluacioqualitativa_grups; Type: TABLE; Schema: public; Owner: demo_user
--

CREATE TABLE public."avaluacioQualitativa_avaluacioqualitativa_grups" (
    id integer NOT NULL,
    avaluacioqualitativa_id integer NOT NULL,
    grup_id integer NOT NULL
);


ALTER TABLE public."avaluacioQualitativa_avaluacioqualitativa_grups" OWNER TO demo_user;

--
-- Name: avaluacioQualitativa_avaluacioqualitativa_grups_id_seq; Type: SEQUENCE; Schema: public; Owner: demo_user
--

ALTER TABLE public."avaluacioQualitativa_avaluacioqualitativa_grups" ALTER COLUMN id ADD GENERATED BY DEFAULT AS IDENTITY (
    SEQUENCE NAME public."avaluacioQualitativa_avaluacioqualitativa_grups_id_seq"
    START WITH 1
    INCREMENT BY 1
    NO MINVALUE
    NO MAXVALUE
    CACHE 1
);


--
-- Name: avaluacioQualitativa_avaluacioqualitativa_id_seq; Type: SEQUENCE; Schema: public; Owner: demo_user
--

ALTER TABLE public."avaluacioQualitativa_avaluacioqualitativa" ALTER COLUMN id ADD GENERATED BY DEFAULT AS IDENTITY (
    SEQUENCE NAME public."avaluacioQualitativa_avaluacioqualitativa_id_seq"
    START WITH 1
    INCREMENT BY 1
    NO MINVALUE
    NO MAXVALUE
    CACHE 1
);


--
-- Name: avaluacioQualitativa_itemqualitativa; Type: TABLE; Schema: public; Owner: demo_user
--

CREATE TABLE public."avaluacioQualitativa_itemqualitativa" (
    id integer NOT NULL,
    text character varying(120) NOT NULL,
    codi_agrupacio character varying(10) NOT NULL
);


ALTER TABLE public."avaluacioQualitativa_itemqualitativa" OWNER TO demo_user;

--
-- Name: avaluacioQualitativa_itemqualitativa_id_seq; Type: SEQUENCE; Schema: public; Owner: demo_user
--

ALTER TABLE public."avaluacioQualitativa_itemqualitativa" ALTER COLUMN id ADD GENERATED BY DEFAULT AS IDENTITY (
    SEQUENCE NAME public."avaluacioQualitativa_itemqualitativa_id_seq"
    START WITH 1
    INCREMENT BY 1
    NO MINVALUE
    NO MAXVALUE
    CACHE 1
);


--
-- Name: avaluacioQualitativa_itemqualitativa_nivells; Type: TABLE; Schema: public; Owner: demo_user
--

CREATE TABLE public."avaluacioQualitativa_itemqualitativa_nivells" (
    id integer NOT NULL,
    itemqualitativa_id integer NOT NULL,
    nivell_id integer NOT NULL
);


ALTER TABLE public."avaluacioQualitativa_itemqualitativa_nivells" OWNER TO demo_user;

--
-- Name: avaluacioQualitativa_itemqualitativa_nivells_id_seq; Type: SEQUENCE; Schema: public; Owner: demo_user
--

ALTER TABLE public."avaluacioQualitativa_itemqualitativa_nivells" ALTER COLUMN id ADD GENERATED BY DEFAULT AS IDENTITY (
    SEQUENCE NAME public."avaluacioQualitativa_itemqualitativa_nivells_id_seq"
    START WITH 1
    INCREMENT BY 1
    NO MINVALUE
    NO MAXVALUE
    CACHE 1
);


--
-- Name: avaluacioQualitativa_respostaavaluacioqualitativa; Type: TABLE; Schema: public; Owner: demo_user
--

CREATE TABLE public."avaluacioQualitativa_respostaavaluacioqualitativa" (
    id integer NOT NULL,
    frase_oberta character varying(120) NOT NULL,
    alumne_id integer NOT NULL,
    assignatura_id integer NOT NULL,
    item_id integer,
    professor_id integer NOT NULL,
    qualitativa_id integer NOT NULL,
    relacio_familia_notificada timestamp with time zone,
    relacio_familia_revisada timestamp with time zone
);


ALTER TABLE public."avaluacioQualitativa_respostaavaluacioqualitativa" OWNER TO demo_user;

--
-- Name: avaluacioQualitativa_respostaavaluacioqualitativa_id_seq; Type: SEQUENCE; Schema: public; Owner: demo_user
--

ALTER TABLE public."avaluacioQualitativa_respostaavaluacioqualitativa" ALTER COLUMN id ADD GENERATED BY DEFAULT AS IDENTITY (
    SEQUENCE NAME public."avaluacioQualitativa_respostaavaluacioqualitativa_id_seq"
    START WITH 1
    INCREMENT BY 1
    NO MINVALUE
    NO MAXVALUE
    CACHE 1
);


--
-- Name: avaluacioQualitativa_respostaavaluacioqualitativa_notificacb104; Type: TABLE; Schema: public; Owner: demo_user
--

CREATE TABLE public."avaluacioQualitativa_respostaavaluacioqualitativa_notificacb104" (
    id integer NOT NULL,
    respostaavaluacioqualitativa_id integer NOT NULL,
    notifusuari_id integer NOT NULL
);


ALTER TABLE public."avaluacioQualitativa_respostaavaluacioqualitativa_notificacb104" OWNER TO demo_user;

--
-- Name: avaluacioQualitativa_respostaavaluacioqualitativa_notifi_id_seq; Type: SEQUENCE; Schema: public; Owner: demo_user
--

ALTER TABLE public."avaluacioQualitativa_respostaavaluacioqualitativa_notificacb104" ALTER COLUMN id ADD GENERATED BY DEFAULT AS IDENTITY (
    SEQUENCE NAME public."avaluacioQualitativa_respostaavaluacioqualitativa_notifi_id_seq"
    START WITH 1
    INCREMENT BY 1
    NO MINVALUE
    NO MAXVALUE
    CACHE 1
);


--
-- Name: baixes_feina; Type: TABLE; Schema: public; Owner: demo_user
--

CREATE TABLE public.baixes_feina (
    id integer NOT NULL,
    feina_a_fer text NOT NULL,
    comentaris_per_al_professor_guardia text NOT NULL,
    comentaris_professor_guardia text NOT NULL,
    impartir_id integer NOT NULL,
    professor_darrera_modificacio_id integer NOT NULL,
    professor_fa_guardia_id integer
);


ALTER TABLE public.baixes_feina OWNER TO demo_user;

--
-- Name: baixes_feina_id_seq; Type: SEQUENCE; Schema: public; Owner: demo_user
--

ALTER TABLE public.baixes_feina ALTER COLUMN id ADD GENERATED BY DEFAULT AS IDENTITY (
    SEQUENCE NAME public.baixes_feina_id_seq
    START WITH 1
    INCREMENT BY 1
    NO MINVALUE
    NO MAXVALUE
    CACHE 1
);


--
-- Name: django_admin_log; Type: TABLE; Schema: public; Owner: demo_user
--

CREATE TABLE public.django_admin_log (
    id integer NOT NULL,
    action_time timestamp with time zone NOT NULL,
    object_id text,
    object_repr character varying(200) NOT NULL,
    action_flag smallint NOT NULL,
    change_message text NOT NULL,
    content_type_id integer,
    user_id integer NOT NULL,
    CONSTRAINT django_admin_log_action_flag_check CHECK ((action_flag >= 0))
);


ALTER TABLE public.django_admin_log OWNER TO demo_user;

--
-- Name: django_admin_log_id_seq; Type: SEQUENCE; Schema: public; Owner: demo_user
--

ALTER TABLE public.django_admin_log ALTER COLUMN id ADD GENERATED BY DEFAULT AS IDENTITY (
    SEQUENCE NAME public.django_admin_log_id_seq
    START WITH 1
    INCREMENT BY 1
    NO MINVALUE
    NO MAXVALUE
    CACHE 1
);


--
-- Name: django_content_type; Type: TABLE; Schema: public; Owner: demo_user
--

CREATE TABLE public.django_content_type (
    id integer NOT NULL,
    app_label character varying(100) NOT NULL,
    model character varying(100) NOT NULL
);


ALTER TABLE public.django_content_type OWNER TO demo_user;

--
-- Name: django_content_type_id_seq; Type: SEQUENCE; Schema: public; Owner: demo_user
--

ALTER TABLE public.django_content_type ALTER COLUMN id ADD GENERATED BY DEFAULT AS IDENTITY (
    SEQUENCE NAME public.django_content_type_id_seq
    START WITH 1
    INCREMENT BY 1
    NO MINVALUE
    NO MAXVALUE
    CACHE 1
);


--
-- Name: django_migrations; Type: TABLE; Schema: public; Owner: demo_user
--

CREATE TABLE public.django_migrations (
    id integer NOT NULL,
    app character varying(255) NOT NULL,
    name character varying(255) NOT NULL,
    applied timestamp with time zone NOT NULL
);


ALTER TABLE public.django_migrations OWNER TO demo_user;

--
-- Name: django_migrations_id_seq; Type: SEQUENCE; Schema: public; Owner: demo_user
--

ALTER TABLE public.django_migrations ALTER COLUMN id ADD GENERATED BY DEFAULT AS IDENTITY (
    SEQUENCE NAME public.django_migrations_id_seq
    START WITH 1
    INCREMENT BY 1
    NO MINVALUE
    NO MAXVALUE
    CACHE 1
);


--
-- Name: django_session; Type: TABLE; Schema: public; Owner: demo_user
--

CREATE TABLE public.django_session (
    session_key character varying(40) NOT NULL,
    session_data text NOT NULL,
    expire_date timestamp with time zone NOT NULL
);


ALTER TABLE public.django_session OWNER TO demo_user;

--
-- Name: django_site; Type: TABLE; Schema: public; Owner: demo_user
--

CREATE TABLE public.django_site (
    id integer NOT NULL,
    domain character varying(100) NOT NULL,
    name character varying(50) NOT NULL
);


ALTER TABLE public.django_site OWNER TO demo_user;

--
-- Name: django_site_id_seq; Type: SEQUENCE; Schema: public; Owner: demo_user
--

ALTER TABLE public.django_site ALTER COLUMN id ADD GENERATED BY DEFAULT AS IDENTITY (
    SEQUENCE NAME public.django_site_id_seq
    START WITH 1
    INCREMENT BY 1
    NO MINVALUE
    NO MAXVALUE
    CACHE 1
);


--
-- Name: extEsfera_grup2aula; Type: TABLE; Schema: public; Owner: demo_user
--

CREATE TABLE public."extEsfera_grup2aula" (
    id integer NOT NULL,
    grup_esfera character varying(60) NOT NULL,
    "Grup2Aula_id" integer
);


ALTER TABLE public."extEsfera_grup2aula" OWNER TO demo_user;

--
-- Name: extEsfera_grup2aula_id_seq; Type: SEQUENCE; Schema: public; Owner: demo_user
--

ALTER TABLE public."extEsfera_grup2aula" ALTER COLUMN id ADD GENERATED BY DEFAULT AS IDENTITY (
    SEQUENCE NAME public."extEsfera_grup2aula_id_seq"
    START WITH 1
    INCREMENT BY 1
    NO MINVALUE
    NO MAXVALUE
    CACHE 1
);


--
-- Name: extEsfera_parametreesfera; Type: TABLE; Schema: public; Owner: demo_user
--

CREATE TABLE public."extEsfera_parametreesfera" (
    id integer NOT NULL,
    nom_parametre character varying(45) NOT NULL,
    valor_parametre character varying(240) NOT NULL
);


ALTER TABLE public."extEsfera_parametreesfera" OWNER TO demo_user;

--
-- Name: extEsfera_parametreesfera_id_seq; Type: SEQUENCE; Schema: public; Owner: demo_user
--

ALTER TABLE public."extEsfera_parametreesfera" ALTER COLUMN id ADD GENERATED BY DEFAULT AS IDENTITY (
    SEQUENCE NAME public."extEsfera_parametreesfera_id_seq"
    START WITH 1
    INCREMENT BY 1
    NO MINVALUE
    NO MAXVALUE
    CACHE 1
);


--
-- Name: extKronowin_franja2aula; Type: TABLE; Schema: public; Owner: demo_user
--

CREATE TABLE public."extKronowin_franja2aula" (
    id integer NOT NULL,
    franja_kronowin character varying(45) NOT NULL,
    franja_aula_id integer
);


ALTER TABLE public."extKronowin_franja2aula" OWNER TO demo_user;

--
-- Name: extKronowin_franja2aula_id_seq; Type: SEQUENCE; Schema: public; Owner: demo_user
--

ALTER TABLE public."extKronowin_franja2aula" ALTER COLUMN id ADD GENERATED BY DEFAULT AS IDENTITY (
    SEQUENCE NAME public."extKronowin_franja2aula_id_seq"
    START WITH 1
    INCREMENT BY 1
    NO MINVALUE
    NO MAXVALUE
    CACHE 1
);


--
-- Name: extKronowin_grup2aula; Type: TABLE; Schema: public; Owner: demo_user
--

CREATE TABLE public."extKronowin_grup2aula" (
    id integer NOT NULL,
    grup_kronowin character varying(45) NOT NULL,
    "Grup2Aula_id" integer
);


ALTER TABLE public."extKronowin_grup2aula" OWNER TO demo_user;

--
-- Name: extKronowin_grup2aula_id_seq; Type: SEQUENCE; Schema: public; Owner: demo_user
--

ALTER TABLE public."extKronowin_grup2aula" ALTER COLUMN id ADD GENERATED BY DEFAULT AS IDENTITY (
    SEQUENCE NAME public."extKronowin_grup2aula_id_seq"
    START WITH 1
    INCREMENT BY 1
    NO MINVALUE
    NO MAXVALUE
    CACHE 1
);


--
-- Name: extKronowin_parametrekronowin; Type: TABLE; Schema: public; Owner: demo_user
--

CREATE TABLE public."extKronowin_parametrekronowin" (
    id integer NOT NULL,
    nom_parametre character varying(45) NOT NULL,
    valor_parametre character varying(240) NOT NULL
);


ALTER TABLE public."extKronowin_parametrekronowin" OWNER TO demo_user;

--
-- Name: extKronowin_parametrekronowin_id_seq; Type: SEQUENCE; Schema: public; Owner: demo_user
--

ALTER TABLE public."extKronowin_parametrekronowin" ALTER COLUMN id ADD GENERATED BY DEFAULT AS IDENTITY (
    SEQUENCE NAME public."extKronowin_parametrekronowin_id_seq"
    START WITH 1
    INCREMENT BY 1
    NO MINVALUE
    NO MAXVALUE
    CACHE 1
);


--
-- Name: extPreinscripcio_nivell2aula; Type: TABLE; Schema: public; Owner: demo_user
--

CREATE TABLE public."extPreinscripcio_nivell2aula" (
    id integer NOT NULL,
    nivellgedac character varying(60) NOT NULL,
    "nivellDjau_id" integer
);


ALTER TABLE public."extPreinscripcio_nivell2aula" OWNER TO demo_user;

--
-- Name: extPreinscripcio_nivell2aula_id_seq; Type: SEQUENCE; Schema: public; Owner: demo_user
--

ALTER TABLE public."extPreinscripcio_nivell2aula" ALTER COLUMN id ADD GENERATED BY DEFAULT AS IDENTITY (
    SEQUENCE NAME public."extPreinscripcio_nivell2aula_id_seq"
    START WITH 1
    INCREMENT BY 1
    NO MINVALUE
    NO MAXVALUE
    CACHE 1
);


--
-- Name: extPreinscripcio_preinscripcio; Type: TABLE; Schema: public; Owner: demo_user
--

CREATE TABLE public."extPreinscripcio_preinscripcio" (
    id integer NOT NULL,
    nom character varying(50),
    cognoms character varying(100),
    ralc character varying(20),
    codiestudis character varying(50),
    nomestudis character varying(100),
    codimodalitat character varying(50),
    nommodalitat character varying(100),
    curs character varying(50),
    regim character varying(50),
    torn character varying(50),
    identificador character varying(50),
    tis character varying(50),
    naixement date,
    sexe character varying(10),
    nacionalitat character varying(50),
    paisnaixement character varying(100),
    "adreça" character varying(300),
    provincia character varying(50),
    municipi character varying(100),
    localitat character varying(100),
    cp character varying(50),
    paisresidencia character varying(50),
    telefon character varying(50),
    correu character varying(254),
    tdoctut1 character varying(50),
    doctut1 character varying(50),
    nomtut1 character varying(50),
    cognomstut1 character varying(1000),
    tdoctut2 character varying(50),
    doctut2 character varying(50),
    nomtut2 character varying(50),
    cognomstut2 character varying(100),
    codicentreprocedencia character varying(50),
    centreprocedencia character varying(100),
    codiestudisprocedencia character varying(50),
    estudisprocedencia character varying(100),
    cursestudisprocedencia character varying(50),
    centreassignat character varying(50),
    estat character varying(50),
    "any" integer NOT NULL
);


ALTER TABLE public."extPreinscripcio_preinscripcio" OWNER TO demo_user;

--
-- Name: extPreinscripcio_preinscripcio_id_seq; Type: SEQUENCE; Schema: public; Owner: demo_user
--

ALTER TABLE public."extPreinscripcio_preinscripcio" ALTER COLUMN id ADD GENERATED BY DEFAULT AS IDENTITY (
    SEQUENCE NAME public."extPreinscripcio_preinscripcio_id_seq"
    START WITH 1
    INCREMENT BY 1
    NO MINVALUE
    NO MAXVALUE
    CACHE 1
);


--
-- Name: extSaga_grup2aula; Type: TABLE; Schema: public; Owner: demo_user
--

CREATE TABLE public."extSaga_grup2aula" (
    id integer NOT NULL,
    grup_saga character varying(60) NOT NULL,
    "Grup2Aula_id" integer
);


ALTER TABLE public."extSaga_grup2aula" OWNER TO demo_user;

--
-- Name: extSaga_grup2aula_id_seq; Type: SEQUENCE; Schema: public; Owner: demo_user
--

ALTER TABLE public."extSaga_grup2aula" ALTER COLUMN id ADD GENERATED BY DEFAULT AS IDENTITY (
    SEQUENCE NAME public."extSaga_grup2aula_id_seq"
    START WITH 1
    INCREMENT BY 1
    NO MINVALUE
    NO MAXVALUE
    CACHE 1
);


--
-- Name: extSaga_parametresaga; Type: TABLE; Schema: public; Owner: demo_user
--

CREATE TABLE public."extSaga_parametresaga" (
    id integer NOT NULL,
    nom_parametre character varying(45) NOT NULL,
    valor_parametre character varying(240) NOT NULL
);


ALTER TABLE public."extSaga_parametresaga" OWNER TO demo_user;

--
-- Name: extSaga_parametresaga_id_seq; Type: SEQUENCE; Schema: public; Owner: demo_user
--

ALTER TABLE public."extSaga_parametresaga" ALTER COLUMN id ADD GENERATED BY DEFAULT AS IDENTITY (
    SEQUENCE NAME public."extSaga_parametresaga_id_seq"
    START WITH 1
    INCREMENT BY 1
    NO MINVALUE
    NO MAXVALUE
    CACHE 1
);


--
-- Name: extUntis_agrupament; Type: TABLE; Schema: public; Owner: demo_user
--

CREATE TABLE public."extUntis_agrupament" (
    id integer NOT NULL,
    grup_alumnes_id integer NOT NULL,
    grup_horari_id integer NOT NULL
);


ALTER TABLE public."extUntis_agrupament" OWNER TO demo_user;

--
-- Name: extUntis_agrupament_id_seq; Type: SEQUENCE; Schema: public; Owner: demo_user
--

ALTER TABLE public."extUntis_agrupament" ALTER COLUMN id ADD GENERATED BY DEFAULT AS IDENTITY (
    SEQUENCE NAME public."extUntis_agrupament_id_seq"
    START WITH 1
    INCREMENT BY 1
    NO MINVALUE
    NO MAXVALUE
    CACHE 1
);


--
-- Name: horaris_diadelasetmana; Type: TABLE; Schema: public; Owner: demo_user
--

CREATE TABLE public.horaris_diadelasetmana (
    id integer NOT NULL,
    n_dia_uk integer NOT NULL,
    n_dia_ca integer NOT NULL,
    dia_2_lletres character varying(6) NOT NULL,
    dia_de_la_setmana character varying(45) NOT NULL,
    es_festiu boolean NOT NULL
);


ALTER TABLE public.horaris_diadelasetmana OWNER TO demo_user;

--
-- Name: horaris_diadelasetmana_id_seq; Type: SEQUENCE; Schema: public; Owner: demo_user
--

ALTER TABLE public.horaris_diadelasetmana ALTER COLUMN id ADD GENERATED BY DEFAULT AS IDENTITY (
    SEQUENCE NAME public.horaris_diadelasetmana_id_seq
    START WITH 1
    INCREMENT BY 1
    NO MINVALUE
    NO MAXVALUE
    CACHE 1
);


--
-- Name: horaris_festiu; Type: TABLE; Schema: public; Owner: demo_user
--

CREATE TABLE public.horaris_festiu (
    id integer NOT NULL,
    data_inici_festiu date NOT NULL,
    data_fi_festiu date NOT NULL,
    descripcio character varying(45) NOT NULL,
    curs_id integer,
    franja_horaria_fi_id integer NOT NULL,
    franja_horaria_inici_id integer NOT NULL
);


ALTER TABLE public.horaris_festiu OWNER TO demo_user;

--
-- Name: horaris_festiu_id_seq; Type: SEQUENCE; Schema: public; Owner: demo_user
--

ALTER TABLE public.horaris_festiu ALTER COLUMN id ADD GENERATED BY DEFAULT AS IDENTITY (
    SEQUENCE NAME public.horaris_festiu_id_seq
    START WITH 1
    INCREMENT BY 1
    NO MINVALUE
    NO MAXVALUE
    CACHE 1
);


--
-- Name: horaris_franjahoraria; Type: TABLE; Schema: public; Owner: demo_user
--

CREATE TABLE public.horaris_franjahoraria (
    id integer NOT NULL,
    hora_inici time without time zone NOT NULL,
    hora_fi time without time zone NOT NULL,
    nom_franja character varying(45) NOT NULL
);


ALTER TABLE public.horaris_franjahoraria OWNER TO demo_user;

--
-- Name: horaris_franjahoraria_id_seq; Type: SEQUENCE; Schema: public; Owner: demo_user
--

ALTER TABLE public.horaris_franjahoraria ALTER COLUMN id ADD GENERATED BY DEFAULT AS IDENTITY (
    SEQUENCE NAME public.horaris_franjahoraria_id_seq
    START WITH 1
    INCREMENT BY 1
    NO MINVALUE
    NO MAXVALUE
    CACHE 1
);


--
-- Name: horaris_horari; Type: TABLE; Schema: public; Owner: demo_user
--

CREATE TABLE public.horaris_horari (
    id integer NOT NULL,
    nom_aula character varying(45) NOT NULL,
    es_actiu boolean NOT NULL,
    estat_sincronitzacio character varying(3) NOT NULL,
    assignatura_id integer,
    dia_de_la_setmana_id integer NOT NULL,
    grup_id integer,
    hora_id integer NOT NULL,
    professor_id integer,
    aula_id integer
);


ALTER TABLE public.horaris_horari OWNER TO demo_user;

--
-- Name: horaris_horari_id_seq; Type: SEQUENCE; Schema: public; Owner: demo_user
--

ALTER TABLE public.horaris_horari ALTER COLUMN id ADD GENERATED BY DEFAULT AS IDENTITY (
    SEQUENCE NAME public.horaris_horari_id_seq
    START WITH 1
    INCREMENT BY 1
    NO MINVALUE
    NO MAXVALUE
    CACHE 1
);


--
-- Name: incidencies_expulsio; Type: TABLE; Schema: public; Owner: demo_user
--

CREATE TABLE public.incidencies_expulsio (
    id integer NOT NULL,
    estat character varying(2) NOT NULL,
    dia_expulsio date NOT NULL,
    motiu text NOT NULL,
    moment_comunicacio_a_tutors timestamp with time zone,
    tutor_contactat_per_l_expulsio character varying(250) NOT NULL,
    tramitacio_finalitzada boolean NOT NULL,
    comentaris_cap_d_estudis text NOT NULL,
    es_expulsio_per_acumulacio_incidencies boolean NOT NULL,
    es_vigent boolean NOT NULL,
    relacio_familia_revisada timestamp with time zone,
    relacio_familia_notificada timestamp with time zone,
    alumne_id integer NOT NULL,
    control_assistencia_id integer,
    franja_expulsio_id integer NOT NULL,
    professor_id integer,
    professor_recull_id integer NOT NULL,
    provoca_sancio_id integer
);


ALTER TABLE public.incidencies_expulsio OWNER TO demo_user;

--
-- Name: incidencies_expulsio_id_seq; Type: SEQUENCE; Schema: public; Owner: demo_user
--

ALTER TABLE public.incidencies_expulsio ALTER COLUMN id ADD GENERATED BY DEFAULT AS IDENTITY (
    SEQUENCE NAME public.incidencies_expulsio_id_seq
    START WITH 1
    INCREMENT BY 1
    NO MINVALUE
    NO MAXVALUE
    CACHE 1
);


--
-- Name: incidencies_expulsio_notificacions_familia; Type: TABLE; Schema: public; Owner: demo_user
--

CREATE TABLE public.incidencies_expulsio_notificacions_familia (
    id integer NOT NULL,
    expulsio_id integer NOT NULL,
    notifusuari_id integer NOT NULL
);


ALTER TABLE public.incidencies_expulsio_notificacions_familia OWNER TO demo_user;

--
-- Name: incidencies_expulsio_notificacions_familia_id_seq; Type: SEQUENCE; Schema: public; Owner: demo_user
--

ALTER TABLE public.incidencies_expulsio_notificacions_familia ALTER COLUMN id ADD GENERATED BY DEFAULT AS IDENTITY (
    SEQUENCE NAME public.incidencies_expulsio_notificacions_familia_id_seq
    START WITH 1
    INCREMENT BY 1
    NO MINVALUE
    NO MAXVALUE
    CACHE 1
);


--
-- Name: incidencies_frassesincidenciaaula; Type: TABLE; Schema: public; Owner: demo_user
--

CREATE TABLE public.incidencies_frassesincidenciaaula (
    id integer NOT NULL,
    frase character varying(350) NOT NULL,
    tipus_id integer NOT NULL
);


ALTER TABLE public.incidencies_frassesincidenciaaula OWNER TO demo_user;

--
-- Name: incidencies_frassesincidenciaaula_id_seq; Type: SEQUENCE; Schema: public; Owner: demo_user
--

ALTER TABLE public.incidencies_frassesincidenciaaula ALTER COLUMN id ADD GENERATED BY DEFAULT AS IDENTITY (
    SEQUENCE NAME public.incidencies_frassesincidenciaaula_id_seq
    START WITH 1
    INCREMENT BY 1
    NO MINVALUE
    NO MAXVALUE
    CACHE 1
);


--
-- Name: incidencies_incidencia; Type: TABLE; Schema: public; Owner: demo_user
--

CREATE TABLE public.incidencies_incidencia (
    id integer NOT NULL,
    dia_incidencia date NOT NULL,
    descripcio_incidencia character varying(350) NOT NULL,
    es_vigent boolean NOT NULL,
    relacio_familia_revisada timestamp with time zone,
    relacio_familia_notificada timestamp with time zone,
    alumne_id integer NOT NULL,
    control_assistencia_id integer,
    franja_incidencia_id integer NOT NULL,
    professional_id integer NOT NULL,
    provoca_expulsio_id integer,
    provoca_sancio_id integer,
    tipus_id integer NOT NULL,
    gestionada_pel_tutor boolean NOT NULL,
    gestionada_pel_tutor_motiu character varying(20) NOT NULL,
    professional_inicia_id integer
);


ALTER TABLE public.incidencies_incidencia OWNER TO demo_user;

--
-- Name: incidencies_incidencia_id_seq; Type: SEQUENCE; Schema: public; Owner: demo_user
--

ALTER TABLE public.incidencies_incidencia ALTER COLUMN id ADD GENERATED BY DEFAULT AS IDENTITY (
    SEQUENCE NAME public.incidencies_incidencia_id_seq
    START WITH 1
    INCREMENT BY 1
    NO MINVALUE
    NO MAXVALUE
    CACHE 1
);


--
-- Name: incidencies_incidencia_notificacions_familia; Type: TABLE; Schema: public; Owner: demo_user
--

CREATE TABLE public.incidencies_incidencia_notificacions_familia (
    id integer NOT NULL,
    incidencia_id integer NOT NULL,
    notifusuari_id integer NOT NULL
);


ALTER TABLE public.incidencies_incidencia_notificacions_familia OWNER TO demo_user;

--
-- Name: incidencies_incidencia_notificacions_familia_id_seq; Type: SEQUENCE; Schema: public; Owner: demo_user
--

ALTER TABLE public.incidencies_incidencia_notificacions_familia ALTER COLUMN id ADD GENERATED BY DEFAULT AS IDENTITY (
    SEQUENCE NAME public.incidencies_incidencia_notificacions_familia_id_seq
    START WITH 1
    INCREMENT BY 1
    NO MINVALUE
    NO MAXVALUE
    CACHE 1
);


--
-- Name: incidencies_sancio; Type: TABLE; Schema: public; Owner: demo_user
--

CREATE TABLE public.incidencies_sancio (
    id integer NOT NULL,
    data_inici date NOT NULL,
    data_fi date NOT NULL,
    data_carta date NOT NULL,
    motiu text,
    obra_expedient boolean NOT NULL,
    comentaris_cap_d_estudis text NOT NULL,
    signat character varying(250) NOT NULL,
    impres boolean NOT NULL,
    relacio_familia_revisada timestamp with time zone,
    relacio_familia_notificada timestamp with time zone,
    alumne_id integer NOT NULL,
    franja_fi_id integer NOT NULL,
    franja_inici_id integer NOT NULL,
    professor_id integer NOT NULL,
    tipus_id integer NOT NULL
);


ALTER TABLE public.incidencies_sancio OWNER TO demo_user;

--
-- Name: incidencies_sancio_id_seq; Type: SEQUENCE; Schema: public; Owner: demo_user
--

ALTER TABLE public.incidencies_sancio ALTER COLUMN id ADD GENERATED BY DEFAULT AS IDENTITY (
    SEQUENCE NAME public.incidencies_sancio_id_seq
    START WITH 1
    INCREMENT BY 1
    NO MINVALUE
    NO MAXVALUE
    CACHE 1
);


--
-- Name: incidencies_sancio_notificacions_familia; Type: TABLE; Schema: public; Owner: demo_user
--

CREATE TABLE public.incidencies_sancio_notificacions_familia (
    id integer NOT NULL,
    sancio_id integer NOT NULL,
    notifusuari_id integer NOT NULL
);


ALTER TABLE public.incidencies_sancio_notificacions_familia OWNER TO demo_user;

--
-- Name: incidencies_sancio_notificacions_familia_id_seq; Type: SEQUENCE; Schema: public; Owner: demo_user
--

ALTER TABLE public.incidencies_sancio_notificacions_familia ALTER COLUMN id ADD GENERATED BY DEFAULT AS IDENTITY (
    SEQUENCE NAME public.incidencies_sancio_notificacions_familia_id_seq
    START WITH 1
    INCREMENT BY 1
    NO MINVALUE
    NO MAXVALUE
    CACHE 1
);


--
-- Name: incidencies_tipusincidencia; Type: TABLE; Schema: public; Owner: demo_user
--

CREATE TABLE public.incidencies_tipusincidencia (
    id integer NOT NULL,
    tipus character varying(50) NOT NULL,
    es_informativa boolean NOT NULL,
    notificar_equip_directiu boolean NOT NULL
);


ALTER TABLE public.incidencies_tipusincidencia OWNER TO demo_user;

--
-- Name: incidencies_tipusincidencia_id_seq; Type: SEQUENCE; Schema: public; Owner: demo_user
--

ALTER TABLE public.incidencies_tipusincidencia ALTER COLUMN id ADD GENERATED BY DEFAULT AS IDENTITY (
    SEQUENCE NAME public.incidencies_tipusincidencia_id_seq
    START WITH 1
    INCREMENT BY 1
    NO MINVALUE
    NO MAXVALUE
    CACHE 1
);


--
-- Name: incidencies_tipussancio; Type: TABLE; Schema: public; Owner: demo_user
--

CREATE TABLE public.incidencies_tipussancio (
    id integer NOT NULL,
    tipus character varying(50) NOT NULL,
    carta_slug character varying(10) NOT NULL,
    justificar boolean NOT NULL
);


ALTER TABLE public.incidencies_tipussancio OWNER TO demo_user;

--
-- Name: incidencies_tipussancio_id_seq; Type: SEQUENCE; Schema: public; Owner: demo_user
--

ALTER TABLE public.incidencies_tipussancio ALTER COLUMN id ADD GENERATED BY DEFAULT AS IDENTITY (
    SEQUENCE NAME public.incidencies_tipussancio_id_seq
    START WITH 1
    INCREMENT BY 1
    NO MINVALUE
    NO MAXVALUE
    CACHE 1
);


--
-- Name: material_recurs; Type: TABLE; Schema: public; Owner: demo_user
--

CREATE TABLE public.material_recurs (
    id integer NOT NULL,
    nom_recurs character varying(45) NOT NULL,
    descripcio_recurs character varying(240) NOT NULL,
    horari_lliure boolean NOT NULL,
    reservable boolean NOT NULL
);


ALTER TABLE public.material_recurs OWNER TO demo_user;

--
-- Name: material_recurs_disponibilitat_horaria; Type: TABLE; Schema: public; Owner: demo_user
--

CREATE TABLE public.material_recurs_disponibilitat_horaria (
    id integer NOT NULL,
    recurs_id integer NOT NULL,
    franjahoraria_id integer NOT NULL
);


ALTER TABLE public.material_recurs_disponibilitat_horaria OWNER TO demo_user;

--
-- Name: material_recurs_disponibilitat_horaria_id_seq; Type: SEQUENCE; Schema: public; Owner: demo_user
--

ALTER TABLE public.material_recurs_disponibilitat_horaria ALTER COLUMN id ADD GENERATED BY DEFAULT AS IDENTITY (
    SEQUENCE NAME public.material_recurs_disponibilitat_horaria_id_seq
    START WITH 1
    INCREMENT BY 1
    NO MINVALUE
    NO MAXVALUE
    CACHE 1
);


--
-- Name: material_recurs_id_seq; Type: SEQUENCE; Schema: public; Owner: demo_user
--

ALTER TABLE public.material_recurs ALTER COLUMN id ADD GENERATED BY DEFAULT AS IDENTITY (
    SEQUENCE NAME public.material_recurs_id_seq
    START WITH 1
    INCREMENT BY 1
    NO MINVALUE
    NO MAXVALUE
    CACHE 1
);


--
-- Name: material_reservarecurs; Type: TABLE; Schema: public; Owner: demo_user
--

CREATE TABLE public.material_reservarecurs (
    id integer NOT NULL,
    dia_reserva date NOT NULL,
    hora_inici time without time zone NOT NULL,
    hora_fi time without time zone NOT NULL,
    motiu character varying(120) NOT NULL,
    es_reserva_manual boolean NOT NULL,
    hora_id integer,
    recurs_id integer NOT NULL,
    usuari_id integer NOT NULL
);


ALTER TABLE public.material_reservarecurs OWNER TO demo_user;

--
-- Name: material_reservarecurs_id_seq; Type: SEQUENCE; Schema: public; Owner: demo_user
--

ALTER TABLE public.material_reservarecurs ALTER COLUMN id ADD GENERATED BY DEFAULT AS IDENTITY (
    SEQUENCE NAME public.material_reservarecurs_id_seq
    START WITH 1
    INCREMENT BY 1
    NO MINVALUE
    NO MAXVALUE
    CACHE 1
);


--
-- Name: matricula_document; Type: TABLE; Schema: public; Owner: demo_user
--

CREATE TABLE public.matricula_document (
    id integer NOT NULL,
    fitxer character varying(100),
    matricula_id integer
);


ALTER TABLE public.matricula_document OWNER TO demo_user;

--
-- Name: matricula_document_id_seq; Type: SEQUENCE; Schema: public; Owner: demo_user
--

ALTER TABLE public.matricula_document ALTER COLUMN id ADD GENERATED BY DEFAULT AS IDENTITY (
    SEQUENCE NAME public.matricula_document_id_seq
    START WITH 1
    INCREMENT BY 1
    NO MINVALUE
    NO MAXVALUE
    CACHE 1
);


--
-- Name: matricula_matricula; Type: TABLE; Schema: public; Owner: demo_user
--

CREATE TABLE public.matricula_matricula (
    id integer NOT NULL,
    "idAlumne" character varying(15) NOT NULL,
    estat character varying(1) NOT NULL,
    "any" integer NOT NULL,
    acceptar_condicions boolean NOT NULL,
    acceptacio_en timestamp with time zone,
    confirma_matricula character varying(1),
    curs_complet boolean NOT NULL,
    quantitat_ufs integer,
    llistaufs character varying(250),
    bonificacio character varying(1) NOT NULL,
    fracciona_taxes boolean NOT NULL,
    nom character varying(50) NOT NULL,
    cognoms character varying(100) NOT NULL,
    centre_de_procedencia character varying(50),
    data_naixement date NOT NULL,
    alumne_correu character varying(254),
    adreca character varying(250) NOT NULL,
    localitat character varying(240) NOT NULL,
    cp character varying(10) NOT NULL,
    rp1_nom character varying(50) NOT NULL,
    rp1_telefon character varying(15) NOT NULL,
    rp1_correu character varying(254) NOT NULL,
    rp2_nom character varying(50),
    rp2_telefon character varying(15),
    rp2_correu character varying(254),
    alumne_id integer,
    curs_id integer NOT NULL,
    preinscripcio_id integer,
    quota_id integer,
    rp1_adreca character varying(250) NOT NULL,
    rp1_cognoms character varying(100) NOT NULL,
    rp1_cp character varying(10) NOT NULL,
    rp1_dni character varying(10) NOT NULL,
    rp1_localitat character varying(240) NOT NULL,
    rp1_parentiu character varying(20) NOT NULL,
    rp2_adreca character varying(250),
    rp2_cognoms character varying(100),
    rp2_cp character varying(10),
    rp2_dni character varying(10),
    rp2_localitat character varying(240),
    rp2_parentiu character varying(20)
);


ALTER TABLE public.matricula_matricula OWNER TO demo_user;

--
-- Name: matricula_matricula_id_seq; Type: SEQUENCE; Schema: public; Owner: demo_user
--

ALTER TABLE public.matricula_matricula ALTER COLUMN id ADD GENERATED BY DEFAULT AS IDENTITY (
    SEQUENCE NAME public.matricula_matricula_id_seq
    START WITH 1
    INCREMENT BY 1
    NO MINVALUE
    NO MAXVALUE
    CACHE 1
);


--
-- Name: missatgeria_destinatari; Type: TABLE; Schema: public; Owner: demo_user
--

CREATE TABLE public.missatgeria_destinatari (
    id integer NOT NULL,
    importancia character varying(2) NOT NULL,
    moment_lectura timestamp with time zone,
    followed boolean NOT NULL,
    destinatari_id integer NOT NULL,
    missatge_id integer NOT NULL
);


ALTER TABLE public.missatgeria_destinatari OWNER TO demo_user;

--
-- Name: missatgeria_destinatari_id_seq; Type: SEQUENCE; Schema: public; Owner: demo_user
--

ALTER TABLE public.missatgeria_destinatari ALTER COLUMN id ADD GENERATED BY DEFAULT AS IDENTITY (
    SEQUENCE NAME public.missatgeria_destinatari_id_seq
    START WITH 1
    INCREMENT BY 1
    NO MINVALUE
    NO MAXVALUE
    CACHE 1
);


--
-- Name: missatgeria_detallmissatge; Type: TABLE; Schema: public; Owner: demo_user
--

CREATE TABLE public.missatgeria_detallmissatge (
    id integer NOT NULL,
    detall text NOT NULL,
    tipus character varying(2) NOT NULL,
    missatge_id integer NOT NULL
);


ALTER TABLE public.missatgeria_detallmissatge OWNER TO demo_user;

--
-- Name: missatgeria_detallmissatge_id_seq; Type: SEQUENCE; Schema: public; Owner: demo_user
--

ALTER TABLE public.missatgeria_detallmissatge ALTER COLUMN id ADD GENERATED BY DEFAULT AS IDENTITY (
    SEQUENCE NAME public.missatgeria_detallmissatge_id_seq
    START WITH 1
    INCREMENT BY 1
    NO MINVALUE
    NO MAXVALUE
    CACHE 1
);


--
-- Name: missatgeria_missatge; Type: TABLE; Schema: public; Owner: demo_user
--

CREATE TABLE public.missatgeria_missatge (
    id integer NOT NULL,
    data timestamp with time zone NOT NULL,
    text_missatge text NOT NULL,
    enllac character varying(200) NOT NULL,
    remitent_id integer NOT NULL,
    tipus_de_missatge character varying(250)
);


ALTER TABLE public.missatgeria_missatge OWNER TO demo_user;

--
-- Name: missatgeria_missatge_id_seq; Type: SEQUENCE; Schema: public; Owner: demo_user
--

ALTER TABLE public.missatgeria_missatge ALTER COLUMN id ADD GENERATED BY DEFAULT AS IDENTITY (
    SEQUENCE NAME public.missatgeria_missatge_id_seq
    START WITH 1
    INCREMENT BY 1
    NO MINVALUE
    NO MAXVALUE
    CACHE 1
);


--
-- Name: presencia_controlassistencia; Type: TABLE; Schema: public; Owner: demo_user
--

CREATE TABLE public.presencia_controlassistencia (
    id integer NOT NULL,
    swaped boolean NOT NULL,
    relacio_familia_revisada timestamp with time zone,
    relacio_familia_notificada timestamp with time zone,
    alumne_id integer NOT NULL,
    estat_id integer,
    estat_backup_id integer,
    impartir_id integer NOT NULL,
    professor_id integer,
    professor_backup_id integer,
    comunicat_id integer
);


ALTER TABLE public.presencia_controlassistencia OWNER TO demo_user;

--
-- Name: presencia_controlassistencia_id_seq; Type: SEQUENCE; Schema: public; Owner: demo_user
--

ALTER TABLE public.presencia_controlassistencia ALTER COLUMN id ADD GENERATED BY DEFAULT AS IDENTITY (
    SEQUENCE NAME public.presencia_controlassistencia_id_seq
    START WITH 1
    INCREMENT BY 1
    NO MINVALUE
    NO MAXVALUE
    CACHE 1
);


--
-- Name: presencia_controlassistencia_notificacions_familia; Type: TABLE; Schema: public; Owner: demo_user
--

CREATE TABLE public.presencia_controlassistencia_notificacions_familia (
    id integer NOT NULL,
    controlassistencia_id integer NOT NULL,
    notifusuari_id integer NOT NULL
);


ALTER TABLE public.presencia_controlassistencia_notificacions_familia OWNER TO demo_user;

--
-- Name: presencia_controlassistencia_notificacions_familia_id_seq; Type: SEQUENCE; Schema: public; Owner: demo_user
--

ALTER TABLE public.presencia_controlassistencia_notificacions_familia ALTER COLUMN id ADD GENERATED BY DEFAULT AS IDENTITY (
    SEQUENCE NAME public.presencia_controlassistencia_notificacions_familia_id_seq
    START WITH 1
    INCREMENT BY 1
    NO MINVALUE
    NO MAXVALUE
    CACHE 1
);


--
-- Name: presencia_estatcontrolassistencia; Type: TABLE; Schema: public; Owner: demo_user
--

CREATE TABLE public.presencia_estatcontrolassistencia (
    id integer NOT NULL,
    codi_estat character varying(1) NOT NULL,
    nom_estat character varying(45) NOT NULL,
    pct_ausencia integer NOT NULL
);


ALTER TABLE public.presencia_estatcontrolassistencia OWNER TO demo_user;

--
-- Name: presencia_estatcontrolassistencia_id_seq; Type: SEQUENCE; Schema: public; Owner: demo_user
--

ALTER TABLE public.presencia_estatcontrolassistencia ALTER COLUMN id ADD GENERATED BY DEFAULT AS IDENTITY (
    SEQUENCE NAME public.presencia_estatcontrolassistencia_id_seq
    START WITH 1
    INCREMENT BY 1
    NO MINVALUE
    NO MAXVALUE
    CACHE 1
);


--
-- Name: presencia_impartir; Type: TABLE; Schema: public; Owner: demo_user
--

CREATE TABLE public.presencia_impartir (
    id integer NOT NULL,
    dia_impartir date NOT NULL,
    dia_passa_llista timestamp with time zone,
    "comentariImpartir" text NOT NULL,
    pot_no_tenir_alumnes boolean NOT NULL,
    horari_id integer NOT NULL,
    professor_guardia_id integer,
    professor_passa_llista_id integer,
    reserva_id integer
);


ALTER TABLE public.presencia_impartir OWNER TO demo_user;

--
-- Name: presencia_impartir_id_seq; Type: SEQUENCE; Schema: public; Owner: demo_user
--

ALTER TABLE public.presencia_impartir ALTER COLUMN id ADD GENERATED BY DEFAULT AS IDENTITY (
    SEQUENCE NAME public.presencia_impartir_id_seq
    START WITH 1
    INCREMENT BY 1
    NO MINVALUE
    NO MAXVALUE
    CACHE 1
);


--
-- Name: presencia_nohadeseralaula; Type: TABLE; Schema: public; Owner: demo_user
--

CREATE TABLE public.presencia_nohadeseralaula (
    id integer NOT NULL,
    motiu character varying(5) NOT NULL,
    control_id integer NOT NULL,
    sancio_id integer,
    sortida_id integer
);


ALTER TABLE public.presencia_nohadeseralaula OWNER TO demo_user;

--
-- Name: presencia_nohadeseralaula_id_seq; Type: SEQUENCE; Schema: public; Owner: demo_user
--

ALTER TABLE public.presencia_nohadeseralaula ALTER COLUMN id ADD GENERATED BY DEFAULT AS IDENTITY (
    SEQUENCE NAME public.presencia_nohadeseralaula_id_seq
    START WITH 1
    INCREMENT BY 1
    NO MINVALUE
    NO MAXVALUE
    CACHE 1
);


--
-- Name: relacioFamilies_docattach; Type: TABLE; Schema: public; Owner: demo_user
--

CREATE TABLE public."relacioFamilies_docattach" (
    id integer NOT NULL,
    fitxer character varying(100) NOT NULL,
    email_id integer NOT NULL
);


ALTER TABLE public."relacioFamilies_docattach" OWNER TO demo_user;

--
-- Name: relacioFamilies_docattach_id_seq; Type: SEQUENCE; Schema: public; Owner: demo_user
--

ALTER TABLE public."relacioFamilies_docattach" ALTER COLUMN id ADD GENERATED BY DEFAULT AS IDENTITY (
    SEQUENCE NAME public."relacioFamilies_docattach_id_seq"
    START WITH 1
    INCREMENT BY 1
    NO MINVALUE
    NO MAXVALUE
    CACHE 1
);


--
-- Name: relacioFamilies_emailpendent; Type: TABLE; Schema: public; Owner: demo_user
--

CREATE TABLE public."relacioFamilies_emailpendent" (
    id integer NOT NULL,
    subject text,
    message text,
    fromemail character varying(100),
    toemail text
);


ALTER TABLE public."relacioFamilies_emailpendent" OWNER TO demo_user;

--
-- Name: relacioFamilies_emailpendent_id_seq; Type: SEQUENCE; Schema: public; Owner: demo_user
--

ALTER TABLE public."relacioFamilies_emailpendent" ALTER COLUMN id ADD GENERATED BY DEFAULT AS IDENTITY (
    SEQUENCE NAME public."relacioFamilies_emailpendent_id_seq"
    START WITH 1
    INCREMENT BY 1
    NO MINVALUE
    NO MAXVALUE
    CACHE 1
);


--
-- Name: relacioFamilies_responsable; Type: TABLE; Schema: public; Owner: demo_user
--

CREATE TABLE public."relacioFamilies_responsable" (
    id integer NOT NULL,
    dni character varying(10) NOT NULL,
    nom character varying(240) NOT NULL,
    cognoms character varying(240) NOT NULL,
    parentiu character varying(20) NOT NULL,
    localitat character varying(240) NOT NULL,
    municipi character varying(240) NOT NULL,
    cp character varying(240) NOT NULL,
    adreca character varying(250) NOT NULL,
    telefon character varying(250) NOT NULL,
    correu character varying(240) NOT NULL,
    data_alta date NOT NULL,
    data_baixa date,
    correu_relacio_familia character varying(254) NOT NULL,
    periodicitat_faltes integer NOT NULL,
    periodicitat_incidencies boolean NOT NULL,
    motiu_bloqueig character varying(250) NOT NULL,
    user_associat_id integer
);


ALTER TABLE public."relacioFamilies_responsable" OWNER TO demo_user;

--
-- Name: relacioFamilies_responsable_alumnes_associats; Type: TABLE; Schema: public; Owner: demo_user
--

CREATE TABLE public."relacioFamilies_responsable_alumnes_associats" (
    id integer NOT NULL,
    responsable_id integer NOT NULL,
    alumne_id integer NOT NULL
);


ALTER TABLE public."relacioFamilies_responsable_alumnes_associats" OWNER TO demo_user;

--
-- Name: relacioFamilies_responsable_alumnes_associats_id_seq; Type: SEQUENCE; Schema: public; Owner: demo_user
--

ALTER TABLE public."relacioFamilies_responsable_alumnes_associats" ALTER COLUMN id ADD GENERATED BY DEFAULT AS IDENTITY (
    SEQUENCE NAME public."relacioFamilies_responsable_alumnes_associats_id_seq"
    START WITH 1
    INCREMENT BY 1
    NO MINVALUE
    NO MAXVALUE
    CACHE 1
);


--
-- Name: relacioFamilies_responsable_id_seq; Type: SEQUENCE; Schema: public; Owner: demo_user
--

ALTER TABLE public."relacioFamilies_responsable" ALTER COLUMN id ADD GENERATED BY DEFAULT AS IDENTITY (
    SEQUENCE NAME public."relacioFamilies_responsable_id_seq"
    START WITH 1
    INCREMENT BY 1
    NO MINVALUE
    NO MAXVALUE
    CACHE 1
);


--
-- Name: sortides_notificasortida; Type: TABLE; Schema: public; Owner: demo_user
--

CREATE TABLE public.sortides_notificasortida (
    id integer NOT NULL,
    relacio_familia_revisada timestamp with time zone,
    relacio_familia_notificada timestamp with time zone,
    alumne_id integer NOT NULL,
    sortida_id integer NOT NULL
);


ALTER TABLE public.sortides_notificasortida OWNER TO demo_user;

--
-- Name: sortides_notificasortida_id_seq; Type: SEQUENCE; Schema: public; Owner: demo_user
--

ALTER TABLE public.sortides_notificasortida ALTER COLUMN id ADD GENERATED BY DEFAULT AS IDENTITY (
    SEQUENCE NAME public.sortides_notificasortida_id_seq
    START WITH 1
    INCREMENT BY 1
    NO MINVALUE
    NO MAXVALUE
    CACHE 1
);


--
-- Name: sortides_notificasortida_notificacions_familia; Type: TABLE; Schema: public; Owner: demo_user
--

CREATE TABLE public.sortides_notificasortida_notificacions_familia (
    id integer NOT NULL,
    notificasortida_id integer NOT NULL,
    notifusuari_id integer NOT NULL
);


ALTER TABLE public.sortides_notificasortida_notificacions_familia OWNER TO demo_user;

--
-- Name: sortides_notificasortida_notificacions_familia_id_seq; Type: SEQUENCE; Schema: public; Owner: demo_user
--

ALTER TABLE public.sortides_notificasortida_notificacions_familia ALTER COLUMN id ADD GENERATED BY DEFAULT AS IDENTITY (
    SEQUENCE NAME public.sortides_notificasortida_notificacions_familia_id_seq
    START WITH 1
    INCREMENT BY 1
    NO MINVALUE
    NO MAXVALUE
    CACHE 1
);


--
-- Name: sortides_pagament; Type: TABLE; Schema: public; Owner: demo_user
--

CREATE TABLE public.sortides_pagament (
    id integer NOT NULL,
    data_hora_pagament timestamp with time zone,
    pagament_realitzat boolean,
    alumne_id integer,
    sortida_id integer,
    ordre_pagament character varying(12),
    "dataLimit" date,
    estat character varying(1),
    fracciona boolean,
    "importParcial" numeric(7,2) NOT NULL,
    quota_id integer,
    observacions character varying(150)
);


ALTER TABLE public.sortides_pagament OWNER TO demo_user;

--
-- Name: sortides_pagament_id_seq; Type: SEQUENCE; Schema: public; Owner: demo_user
--

ALTER TABLE public.sortides_pagament ALTER COLUMN id ADD GENERATED BY DEFAULT AS IDENTITY (
    SEQUENCE NAME public.sortides_pagament_id_seq
    START WITH 1
    INCREMENT BY 1
    NO MINVALUE
    NO MAXVALUE
    CACHE 1
);


--
-- Name: sortides_pagament_notificacions_familia; Type: TABLE; Schema: public; Owner: demo_user
--

CREATE TABLE public.sortides_pagament_notificacions_familia (
    id integer NOT NULL,
    pagament_id integer NOT NULL,
    notifusuari_id integer NOT NULL
);


ALTER TABLE public.sortides_pagament_notificacions_familia OWNER TO demo_user;

--
-- Name: sortides_pagament_notificacions_familia_id_seq; Type: SEQUENCE; Schema: public; Owner: demo_user
--

ALTER TABLE public.sortides_pagament_notificacions_familia ALTER COLUMN id ADD GENERATED BY DEFAULT AS IDENTITY (
    SEQUENCE NAME public.sortides_pagament_notificacions_familia_id_seq
    START WITH 1
    INCREMENT BY 1
    NO MINVALUE
    NO MAXVALUE
    CACHE 1
);


--
-- Name: sortides_quota; Type: TABLE; Schema: public; Owner: demo_user
--

CREATE TABLE public.sortides_quota (
    id integer NOT NULL,
    "importQuota" numeric(7,2) NOT NULL,
    "dataLimit" date,
    "any" integer NOT NULL,
    descripcio character varying(200) NOT NULL,
    curs_id integer,
    tipus_id integer NOT NULL,
    tpv_id integer NOT NULL
);


ALTER TABLE public.sortides_quota OWNER TO demo_user;

--
-- Name: sortides_quota_id_seq; Type: SEQUENCE; Schema: public; Owner: demo_user
--

ALTER TABLE public.sortides_quota ALTER COLUMN id ADD GENERATED BY DEFAULT AS IDENTITY (
    SEQUENCE NAME public.sortides_quota_id_seq
    START WITH 1
    INCREMENT BY 1
    NO MINVALUE
    NO MAXVALUE
    CACHE 1
);


--
-- Name: sortides_sortida; Type: TABLE; Schema: public; Owner: demo_user
--

CREATE TABLE public.sortides_sortida (
    id integer NOT NULL,
    estat character varying(1) NOT NULL,
    tipus character varying(1) NOT NULL,
    titol character varying(40) NOT NULL,
    ambit character varying(20) NOT NULL,
    ciutat character varying(30) NOT NULL,
    esta_aprovada_pel_consell_escolar character varying(1) NOT NULL,
    comentari_organitza character varying(50) NOT NULL,
    data_inici date,
    data_fi date,
    calendari_desde timestamp with time zone NOT NULL,
    calendari_finsa timestamp with time zone NOT NULL,
    calendari_public boolean NOT NULL,
    materia character varying(50) NOT NULL,
    preu_per_alumne numeric(5,2),
    participacio character varying(100) NOT NULL,
    mitja_de_transport character varying(2) NOT NULL,
    empresa_de_transport character varying(250) NOT NULL,
    pagament_a_empresa_de_transport character varying(100) NOT NULL,
    pagament_a_altres_empreses text NOT NULL,
    feina_per_als_alumnes_aula text NOT NULL,
    programa_de_la_sortida text NOT NULL,
    comentaris_interns text NOT NULL,
    departament_que_organitza_id integer,
    franja_fi_id integer,
    franja_inici_id integer,
    professor_que_proposa_id integer NOT NULL,
    condicions_generals text NOT NULL,
    termini_pagament timestamp with time zone,
    alumnes_a_l_aula_amb_professor_titular boolean NOT NULL,
    estat_sincronitzacio character varying(1) NOT NULL,
    codi_de_barres character varying(100) NOT NULL,
    informacio_pagament text NOT NULL,
    tipus_de_pagament character varying(2) NOT NULL,
    tpv_id integer,
    subtipus character varying(2) NOT NULL
);


ALTER TABLE public.sortides_sortida OWNER TO demo_user;

--
-- Name: sortides_sortida_altres_professors_acompanyants; Type: TABLE; Schema: public; Owner: demo_user
--

CREATE TABLE public.sortides_sortida_altres_professors_acompanyants (
    id integer NOT NULL,
    sortida_id integer NOT NULL,
    professor_id integer NOT NULL
);


ALTER TABLE public.sortides_sortida_altres_professors_acompanyants OWNER TO demo_user;

--
-- Name: sortides_sortida_altres_professors_acompanyants_id_seq; Type: SEQUENCE; Schema: public; Owner: demo_user
--

ALTER TABLE public.sortides_sortida_altres_professors_acompanyants ALTER COLUMN id ADD GENERATED BY DEFAULT AS IDENTITY (
    SEQUENCE NAME public.sortides_sortida_altres_professors_acompanyants_id_seq
    START WITH 1
    INCREMENT BY 1
    NO MINVALUE
    NO MAXVALUE
    CACHE 1
);


--
-- Name: sortides_sortida_alumnes_convocats; Type: TABLE; Schema: public; Owner: demo_user
--

CREATE TABLE public.sortides_sortida_alumnes_convocats (
    id integer NOT NULL,
    sortida_id integer NOT NULL,
    alumne_id integer NOT NULL
);


ALTER TABLE public.sortides_sortida_alumnes_convocats OWNER TO demo_user;

--
-- Name: sortides_sortida_alumnes_convocats_id_seq; Type: SEQUENCE; Schema: public; Owner: demo_user
--

ALTER TABLE public.sortides_sortida_alumnes_convocats ALTER COLUMN id ADD GENERATED BY DEFAULT AS IDENTITY (
    SEQUENCE NAME public.sortides_sortida_alumnes_convocats_id_seq
    START WITH 1
    INCREMENT BY 1
    NO MINVALUE
    NO MAXVALUE
    CACHE 1
);


--
-- Name: sortides_sortida_alumnes_justificacio; Type: TABLE; Schema: public; Owner: demo_user
--

CREATE TABLE public.sortides_sortida_alumnes_justificacio (
    id integer NOT NULL,
    sortida_id integer NOT NULL,
    alumne_id integer NOT NULL
);


ALTER TABLE public.sortides_sortida_alumnes_justificacio OWNER TO demo_user;

--
-- Name: sortides_sortida_alumnes_justificacio_id_seq; Type: SEQUENCE; Schema: public; Owner: demo_user
--

ALTER TABLE public.sortides_sortida_alumnes_justificacio ALTER COLUMN id ADD GENERATED BY DEFAULT AS IDENTITY (
    SEQUENCE NAME public.sortides_sortida_alumnes_justificacio_id_seq
    START WITH 1
    INCREMENT BY 1
    NO MINVALUE
    NO MAXVALUE
    CACHE 1
);


--
-- Name: sortides_sortida_alumnes_que_no_vindran; Type: TABLE; Schema: public; Owner: demo_user
--

CREATE TABLE public.sortides_sortida_alumnes_que_no_vindran (
    id integer NOT NULL,
    sortida_id integer NOT NULL,
    alumne_id integer NOT NULL
);


ALTER TABLE public.sortides_sortida_alumnes_que_no_vindran OWNER TO demo_user;

--
-- Name: sortides_sortida_alumnes_que_no_vindran_id_seq; Type: SEQUENCE; Schema: public; Owner: demo_user
--

ALTER TABLE public.sortides_sortida_alumnes_que_no_vindran ALTER COLUMN id ADD GENERATED BY DEFAULT AS IDENTITY (
    SEQUENCE NAME public.sortides_sortida_alumnes_que_no_vindran_id_seq
    START WITH 1
    INCREMENT BY 1
    NO MINVALUE
    NO MAXVALUE
    CACHE 1
);


--
-- Name: sortides_sortida_id_seq; Type: SEQUENCE; Schema: public; Owner: demo_user
--

ALTER TABLE public.sortides_sortida ALTER COLUMN id ADD GENERATED BY DEFAULT AS IDENTITY (
    SEQUENCE NAME public.sortides_sortida_id_seq
    START WITH 1
    INCREMENT BY 1
    NO MINVALUE
    NO MAXVALUE
    CACHE 1
);


--
-- Name: sortides_sortida_professors_responsables; Type: TABLE; Schema: public; Owner: demo_user
--

CREATE TABLE public.sortides_sortida_professors_responsables (
    id integer NOT NULL,
    sortida_id integer NOT NULL,
    professor_id integer NOT NULL
);


ALTER TABLE public.sortides_sortida_professors_responsables OWNER TO demo_user;

--
-- Name: sortides_sortida_professors_responsables_id_seq; Type: SEQUENCE; Schema: public; Owner: demo_user
--

ALTER TABLE public.sortides_sortida_professors_responsables ALTER COLUMN id ADD GENERATED BY DEFAULT AS IDENTITY (
    SEQUENCE NAME public.sortides_sortida_professors_responsables_id_seq
    START WITH 1
    INCREMENT BY 1
    NO MINVALUE
    NO MAXVALUE
    CACHE 1
);


--
-- Name: sortides_sortida_tutors_alumnes_convocats; Type: TABLE; Schema: public; Owner: demo_user
--

CREATE TABLE public.sortides_sortida_tutors_alumnes_convocats (
    id integer NOT NULL,
    sortida_id integer NOT NULL,
    professor_id integer NOT NULL
);


ALTER TABLE public.sortides_sortida_tutors_alumnes_convocats OWNER TO demo_user;

--
-- Name: sortides_sortida_tutors_alumnes_convocats_id_seq; Type: SEQUENCE; Schema: public; Owner: demo_user
--

ALTER TABLE public.sortides_sortida_tutors_alumnes_convocats ALTER COLUMN id ADD GENERATED BY DEFAULT AS IDENTITY (
    SEQUENCE NAME public.sortides_sortida_tutors_alumnes_convocats_id_seq
    START WITH 1
    INCREMENT BY 1
    NO MINVALUE
    NO MAXVALUE
    CACHE 1
);


--
-- Name: sortides_tipusquota; Type: TABLE; Schema: public; Owner: demo_user
--

CREATE TABLE public.sortides_tipusquota (
    id integer NOT NULL,
    nom character varying(100) NOT NULL
);


ALTER TABLE public.sortides_tipusquota OWNER TO demo_user;

--
-- Name: sortides_tipusquota_id_seq; Type: SEQUENCE; Schema: public; Owner: demo_user
--

ALTER TABLE public.sortides_tipusquota ALTER COLUMN id ADD GENERATED BY DEFAULT AS IDENTITY (
    SEQUENCE NAME public.sortides_tipusquota_id_seq
    START WITH 1
    INCREMENT BY 1
    NO MINVALUE
    NO MAXVALUE
    CACHE 1
);


--
-- Name: sortides_tpv; Type: TABLE; Schema: public; Owner: demo_user
--

CREATE TABLE public.sortides_tpv (
    id integer NOT NULL,
    nom character varying(32) NOT NULL,
    codi character varying(32) NOT NULL,
    key character varying(64) NOT NULL,
    descripcio character varying(200) NOT NULL,
    "entornReal" boolean NOT NULL
);


ALTER TABLE public.sortides_tpv OWNER TO demo_user;

--
-- Name: sortides_tpv_id_seq; Type: SEQUENCE; Schema: public; Owner: demo_user
--

ALTER TABLE public.sortides_tpv ALTER COLUMN id ADD GENERATED BY DEFAULT AS IDENTITY (
    SEQUENCE NAME public.sortides_tpv_id_seq
    START WITH 1
    INCREMENT BY 1
    NO MINVALUE
    NO MAXVALUE
    CACHE 1
);


--
-- Name: todo_todo; Type: TABLE; Schema: public; Owner: demo_user
--

CREATE TABLE public.todo_todo (
    id integer NOT NULL,
    data timestamp with time zone NOT NULL,
    tasca character varying(100) NOT NULL,
    informacio_adicional text NOT NULL,
    estat character varying(2) NOT NULL,
    prioritat character varying(2) NOT NULL,
    enllac character varying(200) NOT NULL,
    propietari_id integer NOT NULL
);


ALTER TABLE public.todo_todo OWNER TO demo_user;

--
-- Name: todo_todo_id_seq; Type: SEQUENCE; Schema: public; Owner: demo_user
--

ALTER TABLE public.todo_todo ALTER COLUMN id ADD GENERATED BY DEFAULT AS IDENTITY (
    SEQUENCE NAME public.todo_todo_id_seq
    START WITH 1
    INCREMENT BY 1
    NO MINVALUE
    NO MAXVALUE
    CACHE 1
);


--
-- Name: tutoria_actuacio; Type: TABLE; Schema: public; Owner: demo_user
--

CREATE TABLE public.tutoria_actuacio (
    id integer NOT NULL,
    moment_actuacio timestamp with time zone NOT NULL,
    qui_fa_actuacio character varying(1) NOT NULL,
    amb_qui_es_actuacio character varying(1) NOT NULL,
    assumpte character varying(1) NOT NULL,
    actuacio text NOT NULL,
    alumne_id integer NOT NULL,
    professional_id integer
);


ALTER TABLE public.tutoria_actuacio OWNER TO demo_user;

--
-- Name: tutoria_actuacio_id_seq; Type: SEQUENCE; Schema: public; Owner: demo_user
--

ALTER TABLE public.tutoria_actuacio ALTER COLUMN id ADD GENERATED BY DEFAULT AS IDENTITY (
    SEQUENCE NAME public.tutoria_actuacio_id_seq
    START WITH 1
    INCREMENT BY 1
    NO MINVALUE
    NO MAXVALUE
    CACHE 1
);


--
-- Name: tutoria_cartaabsentisme; Type: TABLE; Schema: public; Owner: demo_user
--

CREATE TABLE public.tutoria_cartaabsentisme (
    id integer NOT NULL,
    carta_numero integer NOT NULL,
    tipus_carta character varying(10) NOT NULL,
    faltes_fins_a_data date NOT NULL,
    data_carta date,
    faltes_incloses text NOT NULL,
    carta_esborrada_moment timestamp with time zone,
    nfaltes integer NOT NULL,
    impresa boolean NOT NULL,
    alumne_id integer NOT NULL,
    professor_id integer NOT NULL,
    faltes_des_de_data date
);


ALTER TABLE public.tutoria_cartaabsentisme OWNER TO demo_user;

--
-- Name: tutoria_cartaabsentisme_id_seq; Type: SEQUENCE; Schema: public; Owner: demo_user
--

ALTER TABLE public.tutoria_cartaabsentisme ALTER COLUMN id ADD GENERATED BY DEFAULT AS IDENTITY (
    SEQUENCE NAME public.tutoria_cartaabsentisme_id_seq
    START WITH 1
    INCREMENT BY 1
    NO MINVALUE
    NO MAXVALUE
    CACHE 1
);


--
-- Name: tutoria_resumanualalumne; Type: TABLE; Schema: public; Owner: demo_user
--

CREATE TABLE public.tutoria_resumanualalumne (
    id integer NOT NULL,
    curs_any_inici integer NOT NULL,
    text_resum text NOT NULL,
    seguiment_tutorial_id integer NOT NULL
);


ALTER TABLE public.tutoria_resumanualalumne OWNER TO demo_user;

--
-- Name: tutoria_resumanualalumne_id_seq; Type: SEQUENCE; Schema: public; Owner: demo_user
--

ALTER TABLE public.tutoria_resumanualalumne ALTER COLUMN id ADD GENERATED BY DEFAULT AS IDENTITY (
    SEQUENCE NAME public.tutoria_resumanualalumne_id_seq
    START WITH 1
    INCREMENT BY 1
    NO MINVALUE
    NO MAXVALUE
    CACHE 1
);


--
-- Name: tutoria_seguimenttutorial; Type: TABLE; Schema: public; Owner: demo_user
--

CREATE TABLE public.tutoria_seguimenttutorial (
    id integer NOT NULL,
    nom character varying(240) NOT NULL,
    cognoms character varying(240) NOT NULL,
    datadarreraactualitzacio timestamp with time zone,
    data_neixement date NOT NULL,
    informacio_de_primaria text NOT NULL,
    alumne_id integer
);


ALTER TABLE public.tutoria_seguimenttutorial OWNER TO demo_user;

--
-- Name: tutoria_seguimenttutorial_id_seq; Type: SEQUENCE; Schema: public; Owner: demo_user
--

ALTER TABLE public.tutoria_seguimenttutorial ALTER COLUMN id ADD GENERATED BY DEFAULT AS IDENTITY (
    SEQUENCE NAME public.tutoria_seguimenttutorial_id_seq
    START WITH 1
    INCREMENT BY 1
    NO MINVALUE
    NO MAXVALUE
    CACHE 1
);


--
-- Name: tutoria_seguimenttutorialpreguntes; Type: TABLE; Schema: public; Owner: demo_user
--

CREATE TABLE public.tutoria_seguimenttutorialpreguntes (
    id integer NOT NULL,
    pregunta character varying(250) NOT NULL,
    ajuda_pregunta character varying(250) NOT NULL,
    es_pregunta_oberta boolean NOT NULL,
    possibles_respostes text NOT NULL
);


ALTER TABLE public.tutoria_seguimenttutorialpreguntes OWNER TO demo_user;

--
-- Name: tutoria_seguimenttutorialpreguntes_id_seq; Type: SEQUENCE; Schema: public; Owner: demo_user
--

ALTER TABLE public.tutoria_seguimenttutorialpreguntes ALTER COLUMN id ADD GENERATED BY DEFAULT AS IDENTITY (
    SEQUENCE NAME public.tutoria_seguimenttutorialpreguntes_id_seq
    START WITH 1
    INCREMENT BY 1
    NO MINVALUE
    NO MAXVALUE
    CACHE 1
);


--
-- Name: tutoria_seguimenttutorialrespostes; Type: TABLE; Schema: public; Owner: demo_user
--

CREATE TABLE public.tutoria_seguimenttutorialrespostes (
    id integer NOT NULL,
    any_curs_academic integer NOT NULL,
    pregunta character varying(250) NOT NULL,
    resposta text NOT NULL,
    ordre integer NOT NULL,
    "professorQueInforma" character varying(200) NOT NULL,
    seguiment_tutorial_id integer NOT NULL
);


ALTER TABLE public.tutoria_seguimenttutorialrespostes OWNER TO demo_user;

--
-- Name: tutoria_seguimenttutorialrespostes_id_seq; Type: SEQUENCE; Schema: public; Owner: demo_user
--

ALTER TABLE public.tutoria_seguimenttutorialrespostes ALTER COLUMN id ADD GENERATED BY DEFAULT AS IDENTITY (
    SEQUENCE NAME public.tutoria_seguimenttutorialrespostes_id_seq
    START WITH 1
    INCREMENT BY 1
    NO MINVALUE
    NO MAXVALUE
    CACHE 1
);


--
-- Name: tutoria_tutor; Type: TABLE; Schema: public; Owner: demo_user
--

CREATE TABLE public.tutoria_tutor (
    id integer NOT NULL,
    grup_id integer NOT NULL,
    professor_id integer NOT NULL
);


ALTER TABLE public.tutoria_tutor OWNER TO demo_user;

--
-- Name: tutoria_tutor_id_seq; Type: SEQUENCE; Schema: public; Owner: demo_user
--

ALTER TABLE public.tutoria_tutor ALTER COLUMN id ADD GENERATED BY DEFAULT AS IDENTITY (
    SEQUENCE NAME public.tutoria_tutor_id_seq
    START WITH 1
    INCREMENT BY 1
    NO MINVALUE
    NO MAXVALUE
    CACHE 1
);


--
-- Name: tutoria_tutorindividualitzat; Type: TABLE; Schema: public; Owner: demo_user
--

CREATE TABLE public.tutoria_tutorindividualitzat (
    id integer NOT NULL,
    alumne_id integer NOT NULL,
    professor_id integer NOT NULL
);


ALTER TABLE public.tutoria_tutorindividualitzat OWNER TO demo_user;

--
-- Name: tutoria_tutorindividualitzat_id_seq; Type: SEQUENCE; Schema: public; Owner: demo_user
--

ALTER TABLE public.tutoria_tutorindividualitzat ALTER COLUMN id ADD GENERATED BY DEFAULT AS IDENTITY (
    SEQUENCE NAME public.tutoria_tutorindividualitzat_id_seq
    START WITH 1
    INCREMENT BY 1
    NO MINVALUE
    NO MAXVALUE
    CACHE 1
);


--
-- Name: usuaris_abstractonetimepasswd; Type: TABLE; Schema: public; Owner: demo_user
--

CREATE TABLE public.usuaris_abstractonetimepasswd (
    id integer NOT NULL,
    moment_expedicio timestamp with time zone NOT NULL,
    clau character varying(40) NOT NULL,
    reintents integer NOT NULL,
    usuari_id integer NOT NULL
);


ALTER TABLE public.usuaris_abstractonetimepasswd OWNER TO demo_user;

--
-- Name: usuaris_abstractonetimepasswd_id_seq; Type: SEQUENCE; Schema: public; Owner: demo_user
--

ALTER TABLE public.usuaris_abstractonetimepasswd ALTER COLUMN id ADD GENERATED BY DEFAULT AS IDENTITY (
    SEQUENCE NAME public.usuaris_abstractonetimepasswd_id_seq
    START WITH 1
    INCREMENT BY 1
    NO MINVALUE
    NO MAXVALUE
    CACHE 1
);


--
-- Name: usuaris_accio; Type: TABLE; Schema: public; Owner: demo_user
--

CREATE TABLE public.usuaris_accio (
    id integer NOT NULL,
    tipus character varying(2) NOT NULL,
    moment timestamp with time zone NOT NULL,
    l4 boolean NOT NULL,
    text text NOT NULL,
    impersonated_from_id integer,
    usuari_id integer NOT NULL
);


ALTER TABLE public.usuaris_accio OWNER TO demo_user;

--
-- Name: usuaris_accio_id_seq; Type: SEQUENCE; Schema: public; Owner: demo_user
--

ALTER TABLE public.usuaris_accio ALTER COLUMN id ADD GENERATED BY DEFAULT AS IDENTITY (
    SEQUENCE NAME public.usuaris_accio_id_seq
    START WITH 1
    INCREMENT BY 1
    NO MINVALUE
    NO MAXVALUE
    CACHE 1
);


--
-- Name: usuaris_dadesaddicionalsprofessor; Type: TABLE; Schema: public; Owner: demo_user
--

CREATE TABLE public.usuaris_dadesaddicionalsprofessor (
    id integer NOT NULL,
    "clauDeCalendari" uuid NOT NULL,
    professor_id integer NOT NULL,
    foto character varying(100)
);


ALTER TABLE public.usuaris_dadesaddicionalsprofessor OWNER TO demo_user;

--
-- Name: usuaris_dadesaddicionalsprofessor_id_seq; Type: SEQUENCE; Schema: public; Owner: demo_user
--

ALTER TABLE public.usuaris_dadesaddicionalsprofessor ALTER COLUMN id ADD GENERATED BY DEFAULT AS IDENTITY (
    SEQUENCE NAME public.usuaris_dadesaddicionalsprofessor_id_seq
    START WITH 1
    INCREMENT BY 1
    NO MINVALUE
    NO MAXVALUE
    CACHE 1
);


--
-- Name: usuaris_departament; Type: TABLE; Schema: public; Owner: demo_user
--

CREATE TABLE public.usuaris_departament (
    id integer NOT NULL,
    codi character varying(4) NOT NULL,
    nom character varying(300) NOT NULL
);


ALTER TABLE public.usuaris_departament OWNER TO demo_user;

--
-- Name: usuaris_departament_id_seq; Type: SEQUENCE; Schema: public; Owner: demo_user
--

ALTER TABLE public.usuaris_departament ALTER COLUMN id ADD GENERATED BY DEFAULT AS IDENTITY (
    SEQUENCE NAME public.usuaris_departament_id_seq
    START WITH 1
    INCREMENT BY 1
    NO MINVALUE
    NO MAXVALUE
    CACHE 1
);


--
-- Name: usuaris_loginusuari; Type: TABLE; Schema: public; Owner: demo_user
--

CREATE TABLE public.usuaris_loginusuari (
    id integer NOT NULL,
    exitos boolean NOT NULL,
    moment timestamp with time zone NOT NULL,
    ip character varying(15) NOT NULL,
    usuari_id integer NOT NULL
);


ALTER TABLE public.usuaris_loginusuari OWNER TO demo_user;

--
-- Name: usuaris_loginusuari_id_seq; Type: SEQUENCE; Schema: public; Owner: demo_user
--

ALTER TABLE public.usuaris_loginusuari ALTER COLUMN id ADD GENERATED BY DEFAULT AS IDENTITY (
    SEQUENCE NAME public.usuaris_loginusuari_id_seq
    START WITH 1
    INCREMENT BY 1
    NO MINVALUE
    NO MAXVALUE
    CACHE 1
);


--
-- Name: usuaris_notifusuari; Type: TABLE; Schema: public; Owner: demo_user
--

CREATE TABLE public.usuaris_notifusuari (
    id integer NOT NULL,
    moment timestamp with time zone NOT NULL,
    tipus character varying(1) NOT NULL,
    alumne_id integer NOT NULL,
    usuari_id integer NOT NULL
);


ALTER TABLE public.usuaris_notifusuari OWNER TO demo_user;

--
-- Name: usuaris_notifusuari_id_seq; Type: SEQUENCE; Schema: public; Owner: demo_user
--

ALTER TABLE public.usuaris_notifusuari ALTER COLUMN id ADD GENERATED BY DEFAULT AS IDENTITY (
    SEQUENCE NAME public.usuaris_notifusuari_id_seq
    START WITH 1
    INCREMENT BY 1
    NO MINVALUE
    NO MAXVALUE
    CACHE 1
);


--
-- Name: usuaris_onetimepasswd; Type: TABLE; Schema: public; Owner: demo_user
--

CREATE TABLE public.usuaris_onetimepasswd (
    abstractonetimepasswd_ptr_id integer NOT NULL
);


ALTER TABLE public.usuaris_onetimepasswd OWNER TO demo_user;

--
-- Name: usuaris_qrportal; Type: TABLE; Schema: public; Owner: demo_user
--

CREATE TABLE public.usuaris_qrportal (
    id integer NOT NULL,
    moment_expedicio timestamp with time zone NOT NULL,
    moment_captura timestamp with time zone,
    moment_confirmat_pel_tutor timestamp with time zone,
    darrera_sincronitzacio timestamp with time zone,
    novetats_detectades_moment timestamp with time zone,
    clau character varying(40) NOT NULL,
    localitzador character varying(4) NOT NULL,
    es_el_token_actiu boolean NOT NULL,
    alumne_referenciat_id integer NOT NULL,
    usuari_referenciat_id integer,
    numero_de_mobil character varying(40) NOT NULL
);


ALTER TABLE public.usuaris_qrportal OWNER TO demo_user;

--
-- Name: usuaris_qrportal_id_seq; Type: SEQUENCE; Schema: public; Owner: demo_user
--

ALTER TABLE public.usuaris_qrportal ALTER COLUMN id ADD GENERATED BY DEFAULT AS IDENTITY (
    SEQUENCE NAME public.usuaris_qrportal_id_seq
    START WITH 1
    INCREMENT BY 1
    NO MINVALUE
    NO MAXVALUE
    CACHE 1
);


--
-- Data for Name: alumnes_alumne; Type: TABLE DATA; Schema: public; Owner: demo_user
--

COPY public.alumnes_alumne (id, nom, cognoms, data_neixement, estat_sincronitzacio, correu_tutors, correu_relacio_familia_pare, correu_relacio_familia_mare, motiu_bloqueig, tutors_volen_rebre_correu, centre_de_procedencia, localitat, telefons, tutors, adreca, data_alta, data_baixa, relacio_familia_darrera_notificacio, periodicitat_faltes, periodicitat_incidencies, grup_id, user_associat_id, ralc, altres_telefons, correu, rp1_correu, rp1_mobil, rp1_nom, rp1_telefon, rp2_correu, rp2_mobil, rp2_nom, rp2_telefon, municipi, cp, foto, primer_responsable, observacions, nom_sentit, responsable_preferent_id, aruco_marker) FROM stdin;
171	Lola	Alsina Mas	2009-05-03					No sol·licitat	\N	La Salle	L'Armentera			c/ de l'aviador Inés Pardo Bernal	2025-11-11	\N	\N	1	t	10	456	42381329611	+34 XXXXXXX, +34 XXXXZZZZ, +34 XXXXYZZY	lola@mailintaor.com									Albanyà	36516	alumnes/fotos/foto_almn_42381329611.jpg	0	\N		\N	270
179	Joana	Cabrera Sala	2005-02-14					No sol·licitat	\N	La Salle	L'Armentera			c/ de l'aviador Daniel Rovira Bravo	2025-11-11	\N	\N	1	t	10	470	75967012229	+34 XXXXXXX, +34 XXXXZZZZ, +34 XXXXYZZY	joana@mailintaor.com									Albanyà	76264	alumnes/fotos/foto_almn_75967012229.jpg	0	\N		\N	278
184	Blanca	Medina Marti	2006-07-05					No sol·licitat	\N	La Salle	L'Armentera			c/ de l'aviador Judith Sancho Ferrer	2025-11-11	\N	\N	1	t	10	481	66776900415	+34 XXXXXXX, +34 XXXXZZZZ, +34 XXXXYZZY	blanca@mailintaor.com									Albanyà	91504	alumnes/fotos/foto_almn_66776900415.jpg	0	\N		\N	283
167	Gabriel	Singh Santos	2005-12-12					No sol·licitat	\N	La Salle	L'Armentera			c/ de l'aviador Malak Oliva Millan	2025-11-11	\N	\N	1	t	10	448	94900961842	+34 XXXXXXX, +34 XXXXZZZZ, +34 XXXXYZZY	gabriel@mailintaor.com									Albanyà	28053	alumnes/fotos/foto_almn_94900961842.jpg	0	\N		\N	266
203	Lola	Aparicio Pons	2011-07-23					No sol·licitat	\N	La Salle	L'Armentera			c/ de l'aviador Valentina Esteve Pallares	2025-11-11	\N	\N	1	t	9	522	61758157655	+34 XXXXXXX, +34 XXXXZZZZ, +34 XXXXYZZY	lola@mailintaor.com									Albanyà	87709	alumnes/fotos/foto_almn_61758157655.jpg	0	\N		\N	302
204	Bernat	Camps Maldonado	2010-08-18					No sol·licitat	\N	La Salle	L'Armentera			c/ de l'aviador Adrià Rico Lazaro	2025-11-11	\N	\N	1	t	9	525	36193475007	+34 XXXXXXX, +34 XXXXZZZZ, +34 XXXXYZZY	bernat@mailintaor.com									Albanyà	29580	alumnes/fotos/foto_almn_36193475007.jpg	0	\N		\N	303
185	Alexandra	Pons Suarez	2012-03-31					No sol·licitat	\N	La Salle	L'Armentera			c/ de l'aviador Blanca Carrillo Segura	2025-11-11	\N	\N	1	t	9	484	48526481096	+34 XXXXXXX, +34 XXXXZZZZ, +34 XXXXYZZY	alexandra@mailintaor.com									Albanyà	38080	alumnes/fotos/foto_almn_48526481096.jpg	0	\N		\N	284
195	Abril	Reina Busquets	2009-10-07					No sol·licitat	\N	La Salle	L'Armentera			c/ de l'aviador Ariadna Mas Vives	2025-11-11	\N	\N	1	t	9	506	57069766822	+34 XXXXXXX, +34 XXXXZZZZ, +34 XXXXYZZY	abril@mailintaor.com									Albanyà	36251	alumnes/fotos/foto_almn_57069766822.jpg	0	\N		\N	294
143	Nerea	Alba Puig	2009-11-29					No sol·licitat	\N	La Salle	L'Armentera			c/ de l'aviador Isaac Cano Arroyo	2025-11-11	\N	\N	1	t	11	390	74274387306	+34 XXXXXXX, +34 XXXXZZZZ, +34 XXXXYZZY	nerea@mailintaor.com									Albanyà	70773	alumnes/fotos/foto_almn_74274387306.jpg	0	\N		\N	242
127	Ayman	Bermudez Molina	2005-07-20					No sol·licitat	\N	La Salle	L'Armentera			c/ de l'aviador Ayman Guerra Singh	2025-11-11	\N	\N	1	t	11	360	79850764210	+34 XXXXXXX, +34 XXXXZZZZ, +34 XXXXYZZY	ayman@mailintaor.com									Albanyà	31531	alumnes/fotos/foto_almn_79850764210.jpg	0	\N		\N	226
132	Marwa	Calvo Marin	2011-04-27					No sol·licitat	\N	La Salle	L'Armentera			c/ de l'aviador Ismael Puig Gutierrez	2025-11-11	\N	\N	1	t	11	371	30159886659	+34 XXXXXXX, +34 XXXXZZZZ, +34 XXXXYZZY	marwa@mailintaor.com									Albanyà	75099	alumnes/fotos/foto_almn_30159886659.jpg	0	\N		\N	231
146	Aya	Linares Camacho	2005-05-14					No sol·licitat	\N	La Salle	L'Armentera			c/ de l'aviador Laura Galvez Villanueva	2025-11-11	\N	\N	1	t	11	399	28788023474	+34 XXXXXXX, +34 XXXXZZZZ, +34 XXXXYZZY	aya@mailintaor.com									Albanyà	65354	alumnes/fotos/foto_almn_28788023474.jpg	0	\N		\N	245
126	Clara	Martos Dalmau	2011-02-24					No sol·licitat	\N	La Salle	L'Armentera			c/ de l'aviador Aitor Rivas Salvador	2025-11-11	\N	\N	1	t	11	359	80432771752	+34 XXXXXXX, +34 XXXXZZZZ, +34 XXXXYZZY	clara@mailintaor.com									Albanyà	04035	alumnes/fotos/foto_almn_80432771752.jpg	0	\N		\N	225
142	Alan	Valencia Pastor	2012-06-28					No sol·licitat	\N	La Salle	L'Armentera			c/ de l'aviador Lucas Contreras Hernandez	2025-11-11	\N	\N	1	t	11	389	52286427283	+34 XXXXXXX, +34 XXXXZZZZ, +34 XXXXYZZY	alan@mailintaor.com									Albanyà	04167	alumnes/fotos/foto_almn_52286427283.jpg	0	\N		\N	241
145	Andrea	Valle Pozo	2012-09-05					No sol·licitat	\N	La Salle	L'Armentera			c/ de l'aviador Alan Gonzalez Prat	2025-11-11	\N	\N	1	t	11	396	98781505789	+34 XXXXXXX, +34 XXXXZZZZ, +34 XXXXYZZY	andrea@mailintaor.com									Albanyà	30390	alumnes/fotos/foto_almn_98781505789.jpg	0	\N		\N	244
16	Mar	Acosta Martinez	2010-02-18					No sol·licitat	\N	La Salle	L'Armentera			c/ de l'aviador Lola Bautista Soria	2025-11-11	\N	\N	1	t	3	61	98359907702	+34 XXXXXXX, +34 XXXXZZZZ, +34 XXXXYZZY	mar@mailintaor.com									Albanyà	78417	alumnes/fotos/foto_almn_98359907702.jpg	0	\N		\N	115
21	Arlet	Codina Lazaro	2010-07-31					No sol·licitat	\N	La Salle	L'Armentera			c/ de l'aviador Carlos Sala Gonzalez	2025-11-11	\N	\N	1	t	3	76	90643041151	+34 XXXXXXX, +34 XXXXZZZZ, +34 XXXXYZZY	arlet@mailintaor.com									Albanyà	11776	alumnes/fotos/foto_almn_90643041151.jpg	0	\N		\N	120
1	Gerard	Nuñez Acosta	2006-10-10					No sol·licitat	\N	La Salle	L'Armentera			c/ de l'aviador Oriol Oliva Collado	2025-11-11	\N	\N	1	t	3	16	64969616827	+34 XXXXXXX, +34 XXXXZZZZ, +34 XXXXYZZY	gerard@mailintaor.com									Albanyà	37535	alumnes/fotos/foto_almn_64969616827.jpg	0	\N		\N	100
15	Martí	Pons Salvador	2005-06-05					No sol·licitat	\N	La Salle	L'Armentera			c/ de l'aviador Sergio Salvador Vives	2025-11-11	\N	\N	1	t	3	58	30712745183	+34 XXXXXXX, +34 XXXXZZZZ, +34 XXXXYZZY	marti@mailintaor.com									Albanyà	41419	alumnes/fotos/foto_almn_30712745183.jpg	0	\N		\N	114
36	Gerard	Hidalgo Martos	2011-10-29					No sol·licitat	\N	La Salle	L'Armentera			c/ de l'aviador Ana Bueno Carbonell	2025-11-11	\N	\N	1	t	5	121	48271324051	+34 XXXXXXX, +34 XXXXZZZZ, +34 XXXXYZZY	gerard@mailintaor.com									Albanyà	28965	alumnes/fotos/foto_almn_48271324051.jpg	0	\N		\N	135
27	Iker	Santiago Rueda	2009-08-05					No sol·licitat	\N	La Salle	L'Armentera			c/ de l'aviador Adrián Ramos Molina	2025-11-11	\N	\N	1	t	5	94	82022740335	+34 XXXXXXX, +34 XXXXZZZZ, +34 XXXXYZZY	iker@mailintaor.com									Albanyà	96530	alumnes/fotos/foto_almn_82022740335.jpg	0	\N		\N	126
43	Blanca	Zamora Carmona	2009-11-26					No sol·licitat	\N	La Salle	L'Armentera			c/ de l'aviador Iker Peña Andres	2025-11-11	\N	\N	1	t	5	142	86986561816	+34 XXXXXXX, +34 XXXXZZZZ, +34 XXXXYZZY	blanca@mailintaor.com									Albanyà	62115	alumnes/fotos/foto_almn_86986561816.jpg	0	\N		\N	142
46	Elena	Llorens Reina	2009-12-31					No sol·licitat	\N	La Salle	L'Armentera			c/ de l'aviador Nil Bosch Vazquez	2025-11-11	\N	\N	1	t	7	151	71100606466	+34 XXXXXXX, +34 XXXXZZZZ, +34 XXXXYZZY	elena@mailintaor.com									Albanyà	00620	alumnes/fotos/foto_almn_71100606466.jpg	0	\N		\N	145
59	Blanca	Vicente Hidalgo	2010-08-29					No sol·licitat	\N	La Salle	L'Armentera			c/ de l'aviador Marina Rico Comas	2025-11-11	\N	\N	1	t	7	190	95132191245	+34 XXXXXXX, +34 XXXXZZZZ, +34 XXXXYZZY	blanca@mailintaor.com									Albanyà	10767	alumnes/fotos/foto_almn_95132191245.jpg	0	\N		\N	158
28	Marta	Coll Singh	2006-06-12					No sol·licitat	\N	La Salle	L'Armentera			c/ de l'aviador Roc Gallego Alarcon	2025-11-11	\N	\N	1	t	5	97	35555678966	+34 XXXXXXX, +34 XXXXZZZZ, +34 XXXXYZZY	marta@mailintaor.com									Albanyà	63389	alumnes/fotos/foto_almn_35555678966.jpg	0	\N		\N	127
209	Eva	Ferrer Codina	2005-03-09					No sol·licitat	\N	La Salle	L'Armentera			c/ de l'aviador Naia Rios Comas	2025-11-11	\N	\N	1	t	13	538	33536860893	+34 XXXXXXX, +34 XXXXZZZZ, +34 XXXXYZZY	eva@mailintaor.com									Albanyà	95174	alumnes/fotos/foto_almn_33536860893.jpg	0	\N		\N	308
208	Judith	Nieto Pozo	2010-04-19					No sol·licitat	\N	La Salle	L'Armentera			c/ de l'aviador Arlet Ribera Morales	2025-11-11	\N	\N	1	t	13	535	50067342814	+34 XXXXXXX, +34 XXXXZZZZ, +34 XXXXYZZY	judith@mailintaor.com									Albanyà	75014	alumnes/fotos/foto_almn_50067342814.jpg	0	\N		\N	307
157	Bernat	Rojas Rivera	2011-08-22					No sol·licitat	\N	La Salle	L'Armentera			c/ de l'aviador Aleix Ordoñez Parra	2025-11-11	\N	\N	1	t	12	426	20271380199	+34 XXXXXXX, +34 XXXXZZZZ, +34 XXXXYZZY	bernat@mailintaor.com									Albanyà	74783	alumnes/fotos/foto_almn_20271380199.jpg	0	\N		\N	256
70	Roc	Bueno Cano	2008-05-08					No sol·licitat	\N	La Salle	L'Armentera			c/ de l'aviador Javier Espinosa Ramon	2025-11-11	\N	\N	1	t	2	223	99277924798	+34 XXXXXXX, +34 XXXXZZZZ, +34 XXXXYZZY	roc@mailintaor.com									Albanyà	03679	alumnes/fotos/foto_almn_99277924798.jpg	0	\N		\N	169
73	Nil	Jurado Blasco	2012-01-05					No sol·licitat	\N	La Salle	L'Armentera			c/ de l'aviador Hugo Galan Santamaria	2025-11-11	\N	\N	1	t	2	232	52606409646	+34 XXXXXXX, +34 XXXXZZZZ, +34 XXXXYZZY	nil@mailintaor.com									Albanyà	60717	alumnes/fotos/foto_almn_52606409646.jpg	0	\N		\N	172
67	Leire	Nadal Ramon	2010-04-29					No sol·licitat	\N	La Salle	L'Armentera			c/ de l'aviador Iris Prat Bueno	2025-11-11	\N	\N	1	t	2	214	68927958563	+34 XXXXXXX, +34 XXXXZZZZ, +34 XXXXYZZY	leire@mailintaor.com									Albanyà	70095	alumnes/fotos/foto_almn_68927958563.jpg	0	\N		\N	166
88	Arlet	Ferrer Figueras	2005-01-15					No sol·licitat	\N	La Salle	L'Armentera			c/ de l'aviador Mar Flores Contreras	2025-11-11	\N	\N	1	t	4	265	29956157541	+34 XXXXXXX, +34 XXXXZZZZ, +34 XXXXYZZY	arlet@mailintaor.com									Albanyà	55905	alumnes/fotos/foto_almn_29956157541.jpg	0	\N		\N	187
85	Noa	Pereira Luna	2006-01-03					No sol·licitat	\N	La Salle	L'Armentera			c/ de l'aviador Marwa Jurado Alsina	2025-11-11	\N	\N	1	t	4	256	24901520728	+34 XXXXXXX, +34 XXXXZZZZ, +34 XXXXYZZY	noa@mailintaor.com									Albanyà	56037	alumnes/fotos/foto_almn_24901520728.jpg	0	\N		\N	184
94	Xavi	Valles Rios	2012-03-14					No sol·licitat	\N	La Salle	L'Armentera			c/ de l'aviador Joan Montes Millan	2025-11-11	\N	\N	1	t	4	281	48210792821	+34 XXXXXXX, +34 XXXXZZZZ, +34 XXXXYZZY	xavi@mailintaor.com									Albanyà	68245	alumnes/fotos/foto_almn_48210792821.jpg	0	\N		\N	193
111	Axel	Herrera Royo	2009-12-01					No sol·licitat	\N	La Salle	L'Armentera			c/ de l'aviador Sergio Llorens Bernal	2025-11-11	\N	\N	1	t	6	320	47481140893	+34 XXXXXXX, +34 XXXXZZZZ, +34 XXXXYZZY	axel@mailintaor.com									Albanyà	40903	alumnes/fotos/foto_almn_47481140893.jpg	0	\N		\N	210
115	Bruna	Blanco Cabello	2011-07-16					No sol·licitat	\N	La Salle	L'Armentera			c/ de l'aviador Andrea Guerra Pastor	2025-11-11	\N	\N	1	t	1	330	56235470018	+34 XXXXXXX, +34 XXXXZZZZ, +34 XXXXYZZY	bruna@mailintaor.com									Albanyà	43998	alumnes/fotos/foto_almn_56235470018.jpg	0	\N		\N	214
120	Aitor	Moya Cano	2007-05-10					No sol·licitat	\N	La Salle	L'Armentera			c/ de l'aviador Leire Andreu Egea	2025-11-11	\N	\N	1	t	1	343	80706345540	+34 XXXXXXX, +34 XXXXZZZZ, +34 XXXXYZZY	aitor@mailintaor.com									Albanyà	70256	alumnes/fotos/foto_almn_80706345540.jpg	0	\N		\N	219
82	Pablo	Font Gutierrez	2009-02-23					No sol·licitat	\N	La Salle	L'Armentera			c/ de l'aviador Joan Contreras Blasco	2025-11-11	\N	\N	1	t	4	251	98128744455	+34 XXXXXXX, +34 XXXXZZZZ, +34 XXXXYZZY	pablo@mailintaor.com									Albanyà	70244	alumnes/fotos/foto_almn_98128744455.jpg	0	\N		\N	181
109	Martina	Castillo Badia	2010-06-07					No sol·licitat	\N	La Salle	L'Armentera			c/ de l'aviador Jordi Lozano Miguel	2025-11-11	\N	\N	1	t	6	314	76901811674	+34 XXXXXXX, +34 XXXXZZZZ, +34 XXXXYZZY	martina@mailintaor.com									Albanyà	25990	alumnes/fotos/foto_almn_76901811674.jpg	0	\N		\N	208
144	Alba	Sala Muñoz	2008-05-27					No sol·licitat	\N	La Salle	L'Armentera			c/ de l'aviador Bruno Montero Soto	2025-11-11	\N	\N	1	t	11	393	57736663680	+34 XXXXXXX, +34 XXXXZZZZ, +34 XXXXYZZY	alba@mailintaor.com									Albanyà	59211	alumnes/fotos/foto_almn_57736663680.jpg	0	\N		\N	243
164	Elena	Requena Alba	2008-04-11					No sol·licitat	\N	La Salle	L'Armentera			c/ de l'aviador Laura Juan Gracia	2025-11-11	\N	\N	1	t	12	441	95054654666	+34 XXXXXXX, +34 XXXXZZZZ, +34 XXXXYZZY	elena@mailintaor.com									Albanyà	45591	alumnes/fotos/foto_almn_95054654666.jpg	0	\N		\N	263
191	Nora	Ramos Domingo	2009-05-13					No sol·licitat	\N	La Salle	L'Armentera			c/ de l'aviador Samuel Benitez Bonet	2025-11-11	\N	\N	1	t	9	500	91852510985	+34 XXXXXXX, +34 XXXXZZZZ, +34 XXXXYZZY	nora@mailintaor.com									Albanyà	28480	alumnes/fotos/foto_almn_91852510985.jpg	0	\N		\N	290
4	Emma	Badia Navas	2011-01-26					No sol·licitat	\N	La Salle	L'Armentera			c/ de l'aviador Joan Carreras Marcos	2025-11-11	\N	\N	1	t	3	25	83959090524	+34 XXXXXXX, +34 XXXXZZZZ, +34 XXXXYZZY	emma@mailintaor.com									Albanyà	95719	alumnes/fotos/foto_almn_83959090524.jpg	0	\N		\N	103
11	Joel	Beltran Blanch	2008-06-30					No sol·licitat	\N	La Salle	L'Armentera			c/ de l'aviador Carla Cortes Camacho	2025-11-11	\N	\N	1	t	3	46	53581627595	+34 XXXXXXX, +34 XXXXZZZZ, +34 XXXXYZZY	joel@mailintaor.com									Albanyà	49923	alumnes/fotos/foto_almn_53581627595.jpg	0	\N		\N	110
9	Xavier	Blanco Gallego	2010-05-06					No sol·licitat	\N	La Salle	L'Armentera			c/ de l'aviador Adriana Dominguez Gallego	2025-11-11	\N	\N	1	t	3	40	70105903032	+34 XXXXXXX, +34 XXXXZZZZ, +34 XXXXYZZY	xavier@mailintaor.com									Albanyà	33624	alumnes/fotos/foto_almn_70105903032.jpg	0	\N		\N	108
7	Aya	Carbonell Alsina	2009-05-25					No sol·licitat	\N	La Salle	L'Armentera			c/ de l'aviador Laura Marquez Amaya	2025-11-11	\N	\N	1	t	3	34	83451990593	+34 XXXXXXX, +34 XXXXZZZZ, +34 XXXXYZZY	aya@mailintaor.com									Albanyà	46705	alumnes/fotos/foto_almn_83451990593.jpg	0	\N		\N	106
3	Ismael	Castillo Luque	2010-10-18					No sol·licitat	\N	La Salle	L'Armentera			c/ de l'aviador Carlota Blasco Pascual	2025-11-11	\N	\N	1	t	3	22	94663509966	+34 XXXXXXX, +34 XXXXZZZZ, +34 XXXXYZZY	ismael@mailintaor.com									Albanyà	83604	alumnes/fotos/foto_almn_94663509966.jpg	0	\N		\N	102
5	Naiara	Dominguez Mas	2006-07-01					No sol·licitat	\N	La Salle	L'Armentera			c/ de l'aviador Arlet Arias Linares	2025-11-11	\N	\N	1	t	3	28	56695463226	+34 XXXXXXX, +34 XXXXZZZZ, +34 XXXXYZZY	naiara@mailintaor.com									Albanyà	24417	alumnes/fotos/foto_almn_56695463226.jpg	0	\N		\N	104
6	Bernat	Herrero Pages	2008-06-29					No sol·licitat	\N	La Salle	L'Armentera			c/ de l'aviador Javier Valle Dominguez	2025-11-11	\N	\N	1	t	3	31	91149302729	+34 XXXXXXX, +34 XXXXZZZZ, +34 XXXXYZZY	bernat@mailintaor.com									Albanyà	52025	alumnes/fotos/foto_almn_91149302729.jpg	0	\N		\N	105
2	Adrià	Manzano Lopez	2005-07-19					No sol·licitat	\N	La Salle	L'Armentera			c/ de l'aviador Javier Pastor Mateu	2025-11-11	\N	\N	1	t	3	19	93934594254	+34 XXXXXXX, +34 XXXXZZZZ, +34 XXXXYZZY	adria@mailintaor.com									Albanyà	67325	alumnes/fotos/foto_almn_93934594254.jpg	0	\N		\N	101
8	Jana	Pardo Coll	2012-07-25					No sol·licitat	\N	La Salle	L'Armentera			c/ de l'aviador Miguel Montoya Farre	2025-11-11	\N	\N	1	t	3	37	71958958252	+34 XXXXXXX, +34 XXXXZZZZ, +34 XXXXYZZY	jana@mailintaor.com									Albanyà	00537	alumnes/fotos/foto_almn_71958958252.jpg	0	\N		\N	107
10	Miguel	Viñas Miguel	2010-02-25					No sol·licitat	\N	La Salle	L'Armentera			c/ de l'aviador Naiara Jurado Paredes	2025-11-11	\N	\N	1	t	3	43	11261939978	+34 XXXXXXX, +34 XXXXZZZZ, +34 XXXXYZZY	miguel@mailintaor.com									Albanyà	31194	alumnes/fotos/foto_almn_11261939978.jpg	0	\N		\N	109
219	Clara	Alarcon Benitez	2007-10-03					No sol·licitat	\N	La Salle	L'Armentera			c/ de l'aviador Queralt Cabrera Marco	2025-11-11	\N	\N	1	t	13	558	45709636019	+34 XXXXXXX, +34 XXXXZZZZ, +34 XXXXYZZY	clara@mailintaor.com									Albanyà	05423	alumnes/fotos/foto_almn_45709636019.jpg	0	\N		\N	318
223	Elena	Blasco Rico	2012-11-18					No sol·licitat	\N	La Salle	L'Armentera			c/ de l'aviador Marta Alcaraz Valero	2025-11-11	\N	\N	1	t	13	568	34071759746	+34 XXXXXXX, +34 XXXXZZZZ, +34 XXXXYZZY	elena@mailintaor.com									Albanyà	06991	alumnes/fotos/foto_almn_34071759746.jpg	0	\N		\N	322
222	Lucía	Castaño Marquez	2011-07-27					No sol·licitat	\N	La Salle	L'Armentera			c/ de l'aviador Abril Prats Ibañez	2025-11-11	\N	\N	1	t	13	565	13198809589	+34 XXXXXXX, +34 XXXXZZZZ, +34 XXXXYZZY	lucia@mailintaor.com									Albanyà	74695	alumnes/fotos/foto_almn_13198809589.jpg	0	\N		\N	321
221	Mar	Codina Mir	2009-12-19					No sol·licitat	\N	La Salle	L'Armentera			c/ de l'aviador Jaume Torrent Prieto	2025-11-11	\N	\N	1	t	13	562	29182132155	+34 XXXXXXX, +34 XXXXZZZZ, +34 XXXXYZZY	mar@mailintaor.com									Albanyà	10840	alumnes/fotos/foto_almn_29182132155.jpg	0	\N		\N	320
218	Ivet	Rovira Contreras	2011-05-23					No sol·licitat	\N	La Salle	L'Armentera			c/ de l'aviador David Bernal Miralles	2025-11-11	\N	\N	1	t	13	557	35230083145	+34 XXXXXXX, +34 XXXXZZZZ, +34 XXXXYZZY	ivet@mailintaor.com									Albanyà	47828	alumnes/fotos/foto_almn_35230083145.jpg	0	\N		\N	317
220	Unai	Soriano Casanova	2005-07-22					No sol·licitat	\N	La Salle	L'Armentera			c/ de l'aviador Alejandro Ribera Cruz	2025-11-11	\N	\N	1	t	13	559	93085043032	+34 XXXXXXX, +34 XXXXZZZZ, +34 XXXXYZZY	unai@mailintaor.com									Albanyà	17813	alumnes/fotos/foto_almn_93085043032.jpg	0	\N		\N	319
22	Arnau	Aguilera Pages	2008-09-01					No sol·licitat	\N	La Salle	L'Armentera			c/ de l'aviador Gerard Miro Miro	2025-11-11	\N	\N	1	t	3	79	67934456375	+34 XXXXXXX, +34 XXXXZZZZ, +34 XXXXYZZY	arnau@mailintaor.com									Albanyà	65409	alumnes/fotos/foto_almn_67934456375.jpg	0	\N		\N	121
24	Nerea	Blanco Leon	2011-02-25					No sol·licitat	\N	La Salle	L'Armentera			c/ de l'aviador Ivet Merino Roca	2025-11-11	\N	\N	1	t	3	85	68449159316	+34 XXXXXXX, +34 XXXXZZZZ, +34 XXXXYZZY	nerea@mailintaor.com									Albanyà	65696	alumnes/fotos/foto_almn_68449159316.jpg	0	\N		\N	123
13	Ainhoa	Diez Simon	2012-09-23					No sol·licitat	\N	La Salle	L'Armentera			c/ de l'aviador Ona Saez Llorens	2025-11-11	\N	\N	1	t	3	52	59978980156	+34 XXXXXXX, +34 XXXXZZZZ, +34 XXXXYZZY	ainhoa@mailintaor.com									Albanyà	52472	alumnes/fotos/foto_almn_59978980156.jpg	0	\N		\N	112
12	Mario	Estrada Cortes	2008-10-06					No sol·licitat	\N	La Salle	L'Armentera			c/ de l'aviador Ian Arias Reina	2025-11-11	\N	\N	1	t	3	49	95298539084	+34 XXXXXXX, +34 XXXXZZZZ, +34 XXXXYZZY	mario@mailintaor.com									Albanyà	94192	alumnes/fotos/foto_almn_95298539084.jpg	0	\N		\N	111
18	Ainhoa	Gracia Hidalgo	2009-05-12					No sol·licitat	\N	La Salle	L'Armentera			c/ de l'aviador Guillem Heredia Camps	2025-11-11	\N	\N	1	t	3	67	68808303295	+34 XXXXXXX, +34 XXXXZZZZ, +34 XXXXYZZY	ainhoa@mailintaor.com									Albanyà	85039	alumnes/fotos/foto_almn_68808303295.jpg	0	\N		\N	117
17	Unai	Mendez Delgado	2007-11-29					No sol·licitat	\N	La Salle	L'Armentera			c/ de l'aviador Albert Requena Morales	2025-11-11	\N	\N	1	t	3	64	40136624839	+34 XXXXXXX, +34 XXXXZZZZ, +34 XXXXYZZY	unai@mailintaor.com									Albanyà	30823	alumnes/fotos/foto_almn_40136624839.jpg	0	\N		\N	116
19	Víctor	Miguel Bautista	2006-05-15					No sol·licitat	\N	La Salle	L'Armentera			c/ de l'aviador Mar Ros Moya	2025-11-11	\N	\N	1	t	3	70	36010880154	+34 XXXXXXX, +34 XXXXZZZZ, +34 XXXXYZZY	victor@mailintaor.com									Albanyà	36942	alumnes/fotos/foto_almn_36010880154.jpg	0	\N		\N	118
14	Malak	Nadal Medina	2007-05-26					No sol·licitat	\N	La Salle	L'Armentera			c/ de l'aviador Diego Espinosa Carbonell	2025-11-11	\N	\N	1	t	3	55	25509768052	+34 XXXXXXX, +34 XXXXZZZZ, +34 XXXXYZZY	malak@mailintaor.com									Albanyà	71016	alumnes/fotos/foto_almn_25509768052.jpg	0	\N		\N	113
20	Anna	Roman Perez	2009-08-21					No sol·licitat	\N	La Salle	L'Armentera			c/ de l'aviador Unai Pujol Carbonell	2025-11-11	\N	\N	1	t	3	73	73075295302	+34 XXXXXXX, +34 XXXXZZZZ, +34 XXXXYZZY	anna@mailintaor.com									Albanyà	41625	alumnes/fotos/foto_almn_73075295302.jpg	0	\N		\N	119
23	Bernat	Simon Alsina	2010-04-12					No sol·licitat	\N	La Salle	L'Armentera			c/ de l'aviador Roger Camps Juan	2025-11-11	\N	\N	1	t	3	82	44743137678	+34 XXXXXXX, +34 XXXXZZZZ, +34 XXXXYZZY	bernat@mailintaor.com									Albanyà	74815	alumnes/fotos/foto_almn_44743137678.jpg	0	\N		\N	122
34	Sara	Camps Crespo	2011-04-06					No sol·licitat	\N	La Salle	L'Armentera			c/ de l'aviador Sergi Reina Serra	2025-11-11	\N	\N	1	t	5	115	79686465383	+34 XXXXXXX, +34 XXXXZZZZ, +34 XXXXYZZY	sara@mailintaor.com									Albanyà	73339	alumnes/fotos/foto_almn_79686465383.jpg	0	\N		\N	133
37	Marta	Casas Vidal	2005-02-11					No sol·licitat	\N	La Salle	L'Armentera			c/ de l'aviador Leyre Santos Roca	2025-11-11	\N	\N	1	t	5	124	97881087705	+34 XXXXXXX, +34 XXXXZZZZ, +34 XXXXYZZY	marta@mailintaor.com									Albanyà	48974	alumnes/fotos/foto_almn_97881087705.jpg	0	\N		\N	136
35	Isaac	Domingo Garcia	2008-04-17					No sol·licitat	\N	La Salle	L'Armentera			c/ de l'aviador Carlota Cruz Herrera	2025-11-11	\N	\N	1	t	5	118	23367671257	+34 XXXXXXX, +34 XXXXZZZZ, +34 XXXXYZZY	isaac@mailintaor.com									Albanyà	08178	alumnes/fotos/foto_almn_23367671257.jpg	0	\N		\N	134
39	Nora	Escudero Pallares	2006-07-31					No sol·licitat	\N	La Salle	L'Armentera			c/ de l'aviador Javier Parra Soler	2025-11-11	\N	\N	1	t	5	130	43706443481	+34 XXXXXXX, +34 XXXXZZZZ, +34 XXXXYZZY	nora@mailintaor.com									Albanyà	39224	alumnes/fotos/foto_almn_43706443481.jpg	0	\N		\N	138
40	Joana	Gracia Gonzalez	2007-03-25					No sol·licitat	\N	La Salle	L'Armentera			c/ de l'aviador Gerard Casas Navarro	2025-11-11	\N	\N	1	t	5	133	65742037116	+34 XXXXXXX, +34 XXXXZZZZ, +34 XXXXYZZY	joana@mailintaor.com									Albanyà	14266	alumnes/fotos/foto_almn_65742037116.jpg	0	\N		\N	139
32	Mireia	Jurado Lozano	2011-06-01					No sol·licitat	\N	La Salle	L'Armentera			c/ de l'aviador Alexandra Manzano Pla	2025-11-11	\N	\N	1	t	5	109	44539594445	+34 XXXXXXX, +34 XXXXZZZZ, +34 XXXXYZZY	mireia@mailintaor.com									Albanyà	56032	alumnes/fotos/foto_almn_44539594445.jpg	0	\N		\N	131
30	Martina	Nadal Sole	2011-01-20					No sol·licitat	\N	La Salle	L'Armentera			c/ de l'aviador Blanca Sans Andres	2025-11-11	\N	\N	1	t	5	103	20856542865	+34 XXXXXXX, +34 XXXXZZZZ, +34 XXXXYZZY	martina@mailintaor.com									Albanyà	25578	alumnes/fotos/foto_almn_20856542865.jpg	0	\N		\N	129
38	Judit	Nieto Pastor	2012-09-01					No sol·licitat	\N	La Salle	L'Armentera			c/ de l'aviador David Hurtado Prats	2025-11-11	\N	\N	1	t	5	127	94379190171	+34 XXXXXXX, +34 XXXXZZZZ, +34 XXXXYZZY	judit@mailintaor.com									Albanyà	43244	alumnes/fotos/foto_almn_94379190171.jpg	0	\N		\N	137
33	Joana	Pacheco Ventura	2006-08-25					No sol·licitat	\N	La Salle	L'Armentera			c/ de l'aviador Pablo Heredia Gonzalez	2025-11-11	\N	\N	1	t	5	112	44506748103	+34 XXXXXXX, +34 XXXXZZZZ, +34 XXXXYZZY	joana@mailintaor.com									Albanyà	06860	alumnes/fotos/foto_almn_44506748103.jpg	0	\N		\N	132
25	Sergi	Pereira Santiago	2012-02-07					No sol·licitat	\N	La Salle	L'Armentera			c/ de l'aviador Mar Casado Rubio	2025-11-11	\N	\N	1	t	5	88	83777057094	+34 XXXXXXX, +34 XXXXZZZZ, +34 XXXXYZZY	sergi@mailintaor.com									Albanyà	56165	alumnes/fotos/foto_almn_83777057094.jpg	0	\N		\N	124
31	Marwa	Sanchez Muñoz	2009-11-20					No sol·licitat	\N	La Salle	L'Armentera			c/ de l'aviador Abril Pujol Pallares	2025-11-11	\N	\N	1	t	5	106	31581928416	+34 XXXXXXX, +34 XXXXZZZZ, +34 XXXXYZZY	marwa@mailintaor.com									Albanyà	15657	alumnes/fotos/foto_almn_31581928416.jpg	0	\N		\N	130
29	Alejandro	Valencia Guillen	2008-10-14					No sol·licitat	\N	La Salle	L'Armentera			c/ de l'aviador Eva Costa Vera	2025-11-11	\N	\N	1	t	5	100	33735167670	+34 XXXXXXX, +34 XXXXZZZZ, +34 XXXXYZZY	alejandro@mailintaor.com									Albanyà	60228	alumnes/fotos/foto_almn_33735167670.jpg	0	\N		\N	128
26	Joel	Valles Pallares	2009-11-26					No sol·licitat	\N	La Salle	L'Armentera			c/ de l'aviador Lluc Casado Vidal	2025-11-11	\N	\N	1	t	5	91	74470469950	+34 XXXXXXX, +34 XXXXZZZZ, +34 XXXXYZZY	joel@mailintaor.com									Albanyà	18868	alumnes/fotos/foto_almn_74470469950.jpg	0	\N		\N	125
41	Leo	Valles Soriano	2012-06-17					No sol·licitat	\N	La Salle	L'Armentera			c/ de l'aviador Aitor Medina Alsina	2025-11-11	\N	\N	1	t	5	136	90170326518	+34 XXXXXXX, +34 XXXXZZZZ, +34 XXXXYZZY	leo@mailintaor.com									Albanyà	65131	alumnes/fotos/foto_almn_90170326518.jpg	0	\N		\N	140
42	Pablo	Paredes Rovira	2009-10-02					No sol·licitat	\N	La Salle	L'Armentera			c/ de l'aviador Martí Garriga Lopez	2025-11-11	\N	\N	1	t	5	139	46072698691	+34 XXXXXXX, +34 XXXXZZZZ, +34 XXXXYZZY	pablo@mailintaor.com									Albanyà	43161	alumnes/fotos/foto_almn_46072698691.jpg	0	\N		\N	141
44	Nil	Singh Saez	2009-01-19					No sol·licitat	\N	La Salle	L'Armentera			c/ de l'aviador Alexandra Padilla Calderon	2025-11-11	\N	\N	1	t	5	145	11187309090	+34 XXXXXXX, +34 XXXXZZZZ, +34 XXXXYZZY	nil@mailintaor.com									Albanyà	01404	alumnes/fotos/foto_almn_11187309090.jpg	0	\N		\N	143
48	Dídac	Arenas Lara	2005-08-07					No sol·licitat	\N	La Salle	L'Armentera			c/ de l'aviador Pau Garriga Jurado	2025-11-11	\N	\N	1	t	7	157	66582987922	+34 XXXXXXX, +34 XXXXZZZZ, +34 XXXXYZZY	didac@mailintaor.com									Albanyà	33648	alumnes/fotos/foto_almn_66582987922.jpg	0	\N		\N	147
45	Marwa	Beltran Contreras	2006-07-22					No sol·licitat	\N	La Salle	L'Armentera			c/ de l'aviador Hugo Borras Soler	2025-11-11	\N	\N	1	t	7	148	44288866591	+34 XXXXXXX, +34 XXXXZZZZ, +34 XXXXYZZY	marwa@mailintaor.com									Albanyà	88380	alumnes/fotos/foto_almn_44288866591.jpg	0	\N		\N	144
57	Adriana	Colomer Martinez	2012-08-31					No sol·licitat	\N	La Salle	L'Armentera			c/ de l'aviador Alexandra Contreras Ibañez	2025-11-11	\N	\N	1	t	7	184	49140320086	+34 XXXXXXX, +34 XXXXZZZZ, +34 XXXXYZZY	adriana@mailintaor.com									Albanyà	80797	alumnes/fotos/foto_almn_49140320086.jpg	0	\N		\N	156
55	Ivet	Cuevas Aranda	2006-09-17					No sol·licitat	\N	La Salle	L'Armentera			c/ de l'aviador Elsa Torrent Segura	2025-11-11	\N	\N	1	t	7	178	68845447542	+34 XXXXXXX, +34 XXXXZZZZ, +34 XXXXYZZY	ivet@mailintaor.com									Albanyà	17376	alumnes/fotos/foto_almn_68845447542.jpg	0	\N		\N	154
58	Izan	Domenech Gimenez	2009-02-17					No sol·licitat	\N	La Salle	L'Armentera			c/ de l'aviador Emma Gracia Asensio	2025-11-11	\N	\N	1	t	7	187	66854920908	+34 XXXXXXX, +34 XXXXZZZZ, +34 XXXXYZZY	izan@mailintaor.com									Albanyà	76460	alumnes/fotos/foto_almn_66854920908.jpg	0	\N		\N	157
54	Berta	Galvez Casas	2011-07-29					No sol·licitat	\N	La Salle	L'Armentera			c/ de l'aviador Aitor Mata Mendez	2025-11-11	\N	\N	1	t	7	175	67934763614	+34 XXXXXXX, +34 XXXXZZZZ, +34 XXXXYZZY	berta@mailintaor.com									Albanyà	30294	alumnes/fotos/foto_almn_67934763614.jpg	0	\N		\N	153
51	Max	Luna Nadal	2008-09-09					No sol·licitat	\N	La Salle	L'Armentera			c/ de l'aviador Lucas Reyes Morales	2025-11-11	\N	\N	1	t	7	166	45023469034	+34 XXXXXXX, +34 XXXXZZZZ, +34 XXXXYZZY	max@mailintaor.com									Albanyà	93314	alumnes/fotos/foto_almn_45023469034.jpg	0	\N		\N	150
53	Aina	Montoya Montes	2007-02-20					No sol·licitat	\N	La Salle	L'Armentera			c/ de l'aviador Isaac Rey Leon	2025-11-11	\N	\N	1	t	7	172	42363380648	+34 XXXXXXX, +34 XXXXZZZZ, +34 XXXXYZZY	aina@mailintaor.com									Albanyà	93888	alumnes/fotos/foto_almn_42363380648.jpg	0	\N		\N	152
50	Bruna	Morales Martinez	2011-02-01					No sol·licitat	\N	La Salle	L'Armentera			c/ de l'aviador Helena Ventura Mateo	2025-11-11	\N	\N	1	t	7	163	27120261543	+34 XXXXXXX, +34 XXXXZZZZ, +34 XXXXYZZY	bruna@mailintaor.com									Albanyà	76292	alumnes/fotos/foto_almn_27120261543.jpg	0	\N		\N	149
47	Martí	Pardo Amaya	2008-01-04					No sol·licitat	\N	La Salle	L'Armentera			c/ de l'aviador Ona Cabrera Miranda	2025-11-11	\N	\N	1	t	7	154	46355916506	+34 XXXXXXX, +34 XXXXZZZZ, +34 XXXXYZZY	marti@mailintaor.com									Albanyà	50195	alumnes/fotos/foto_almn_46355916506.jpg	0	\N		\N	146
52	Leo	Rius Valencia	2010-12-21					No sol·licitat	\N	La Salle	L'Armentera			c/ de l'aviador Rayan Capdevila Diez	2025-11-11	\N	\N	1	t	7	169	33629835094	+34 XXXXXXX, +34 XXXXZZZZ, +34 XXXXYZZY	leo@mailintaor.com									Albanyà	14945	alumnes/fotos/foto_almn_33629835094.jpg	0	\N		\N	151
56	Clara	Rovira Sola	2009-06-25					No sol·licitat	\N	La Salle	L'Armentera			c/ de l'aviador Aleix Guerrero Garrido	2025-11-11	\N	\N	1	t	7	181	82530193226	+34 XXXXXXX, +34 XXXXZZZZ, +34 XXXXYZZY	clara@mailintaor.com									Albanyà	16882	alumnes/fotos/foto_almn_82530193226.jpg	0	\N		\N	155
49	Aitor	Sole Pallares	2012-12-06					No sol·licitat	\N	La Salle	L'Armentera			c/ de l'aviador Aleix Cano Cano	2025-11-11	\N	\N	1	t	7	160	69872716560	+34 XXXXXXX, +34 XXXXZZZZ, +34 XXXXYZZY	aitor@mailintaor.com									Albanyà	41409	alumnes/fotos/foto_almn_69872716560.jpg	0	\N		\N	148
60	Isaac	Alvarez Pacheco	2011-04-18					No sol·licitat	\N	La Salle	L'Armentera			c/ de l'aviador Ismael Merino Serrano	2025-11-11	\N	\N	1	t	2	193	28796382958	+34 XXXXXXX, +34 XXXXZZZZ, +34 XXXXYZZY	isaac@mailintaor.com									Albanyà	33143	alumnes/fotos/foto_almn_28796382958.jpg	0	\N		\N	159
61	Oriol	Casado Ramirez	2012-01-29					No sol·licitat	\N	La Salle	L'Armentera			c/ de l'aviador Jana Mateu Mesa	2025-11-11	\N	\N	1	t	2	196	80699657756	+34 XXXXXXX, +34 XXXXZZZZ, +34 XXXXYZZY	oriol@mailintaor.com									Albanyà	42939	alumnes/fotos/foto_almn_80699657756.jpg	0	\N		\N	160
65	Salma	Casas Roca	2005-06-28					No sol·licitat	\N	La Salle	L'Armentera			c/ de l'aviador Mohamed Moreno Lopez	2025-11-11	\N	\N	1	t	2	208	33527123422	+34 XXXXXXX, +34 XXXXZZZZ, +34 XXXXYZZY	salma@mailintaor.com									Albanyà	63149	alumnes/fotos/foto_almn_33527123422.jpg	0	\N		\N	164
62	Naiara	Collado Arenas	2012-09-09					No sol·licitat	\N	La Salle	L'Armentera			c/ de l'aviador Andrea Lorenzo Martin	2025-11-11	\N	\N	1	t	2	199	91004673895	+34 XXXXXXX, +34 XXXXZZZZ, +34 XXXXYZZY	naiara@mailintaor.com									Albanyà	64185	alumnes/fotos/foto_almn_91004673895.jpg	0	\N		\N	161
68	Carlos	Lazaro Arenas	2006-06-08					No sol·licitat	\N	La Salle	L'Armentera			c/ de l'aviador Miquel Soler Merino	2025-11-11	\N	\N	1	t	2	217	75405736118	+34 XXXXXXX, +34 XXXXZZZZ, +34 XXXXYZZY	carlos@mailintaor.com									Albanyà	89249	alumnes/fotos/foto_almn_75405736118.jpg	0	\N		\N	167
66	Pablo	Mateu Carmona	2007-03-24					No sol·licitat	\N	La Salle	L'Armentera			c/ de l'aviador Pau Domingo Salvador	2025-11-11	\N	\N	1	t	2	211	13481249304	+34 XXXXXXX, +34 XXXXZZZZ, +34 XXXXYZZY	pablo@mailintaor.com									Albanyà	79755	alumnes/fotos/foto_almn_13481249304.jpg	0	\N		\N	165
64	Valentina	Paredes Pastor	2010-11-30					No sol·licitat	\N	La Salle	L'Armentera			c/ de l'aviador Sergi Ortiz Oliver	2025-11-11	\N	\N	1	t	2	205	38429733207	+34 XXXXXXX, +34 XXXXZZZZ, +34 XXXXYZZY	valentina@mailintaor.com									Albanyà	62661	alumnes/fotos/foto_almn_38429733207.jpg	0	\N		\N	163
63	Roger	Rovira Mateu	2011-11-21					No sol·licitat	\N	La Salle	L'Armentera			c/ de l'aviador Lola Navas Nadal	2025-11-11	\N	\N	1	t	2	202	55414158036	+34 XXXXXXX, +34 XXXXZZZZ, +34 XXXXYZZY	roger@mailintaor.com									Albanyà	44375	alumnes/fotos/foto_almn_55414158036.jpg	0	\N		\N	162
69	Aina	Simon Robles	2012-10-18					No sol·licitat	\N	La Salle	L'Armentera			c/ de l'aviador Jan Cano Silva	2025-11-11	\N	\N	1	t	2	220	46946066334	+34 XXXXXXX, +34 XXXXZZZZ, +34 XXXXYZZY	aina@mailintaor.com									Albanyà	38385	alumnes/fotos/foto_almn_46946066334.jpg	0	\N		\N	168
71	Quim	Costa Camacho	2010-09-03					No sol·licitat	\N	La Salle	L'Armentera			c/ de l'aviador Mohamed Jurado Silva	2025-11-11	\N	\N	1	t	2	226	19948138450	+34 XXXXXXX, +34 XXXXZZZZ, +34 XXXXYZZY	quim@mailintaor.com									Albanyà	28517	alumnes/fotos/foto_almn_19948138450.jpg	0	\N		\N	170
75	Adam	Dalmau Gallego	2007-04-24					No sol·licitat	\N	La Salle	L'Armentera			c/ de l'aviador Unai Simon Arroyo	2025-11-11	\N	\N	1	t	2	238	78736954616	+34 XXXXXXX, +34 XXXXZZZZ, +34 XXXXYZZY	adam@mailintaor.com									Albanyà	69091	alumnes/fotos/foto_almn_78736954616.jpg	0	\N		\N	174
74	Max	Oliver Vives	2007-02-14					No sol·licitat	\N	La Salle	L'Armentera			c/ de l'aviador Berta Santiago Duran	2025-11-11	\N	\N	1	t	2	235	87051143542	+34 XXXXXXX, +34 XXXXZZZZ, +34 XXXXYZZY	max@mailintaor.com									Albanyà	22340	alumnes/fotos/foto_almn_87051143542.jpg	0	\N		\N	173
72	Antonio	Riera Vidal	2007-12-07					No sol·licitat	\N	La Salle	L'Armentera			c/ de l'aviador Iker Palau Gallardo	2025-11-11	\N	\N	1	t	2	229	48471424012	+34 XXXXXXX, +34 XXXXZZZZ, +34 XXXXYZZY	antonio@mailintaor.com									Albanyà	38501	alumnes/fotos/foto_almn_48471424012.jpg	0	\N		\N	171
84	Nora	Barrera Vega	2008-06-04					No sol·licitat	\N	La Salle	L'Armentera			c/ de l'aviador Laia Prats Comas	2025-11-11	\N	\N	1	t	4	255	70899698573	+34 XXXXXXX, +34 XXXXZZZZ, +34 XXXXYZZY	nora@mailintaor.com									Albanyà	93189	alumnes/fotos/foto_almn_70899698573.jpg	0	\N		\N	183
92	Laia	Bermudez Flores	2008-04-18					No sol·licitat	\N	La Salle	L'Armentera			c/ de l'aviador Alan Guerrero Peña	2025-11-11	\N	\N	1	t	4	277	90860648646	+34 XXXXXXX, +34 XXXXZZZZ, +34 XXXXYZZY	laia@mailintaor.com									Albanyà	41099	alumnes/fotos/foto_almn_90860648646.jpg	0	\N		\N	191
89	Inés	Blanco Cruz	2010-09-02					No sol·licitat	\N	La Salle	L'Armentera			c/ de l'aviador Arlet Roig Figueras	2025-11-11	\N	\N	1	t	4	268	71605141990	+34 XXXXXXX, +34 XXXXZZZZ, +34 XXXXYZZY	ines@mailintaor.com									Albanyà	56163	alumnes/fotos/foto_almn_71605141990.jpg	0	\N		\N	188
91	Alejandro	Carrasco Arias	2010-07-10					No sol·licitat	\N	La Salle	L'Armentera			c/ de l'aviador Miquel Casado Beltran	2025-11-11	\N	\N	1	t	4	274	26100314565	+34 XXXXXXX, +34 XXXXZZZZ, +34 XXXXYZZY	alejandro@mailintaor.com									Albanyà	71463	alumnes/fotos/foto_almn_26100314565.jpg	0	\N		\N	190
76	Aya	Carrera Suarez	2006-02-28					No sol·licitat	\N	La Salle	L'Armentera			c/ de l'aviador Ariadna Molina Marcos	2025-11-11	\N	\N	1	t	4	241	65556730087	+34 XXXXXXX, +34 XXXXZZZZ, +34 XXXXYZZY	aya@mailintaor.com									Albanyà	87001	alumnes/fotos/foto_almn_65556730087.jpg	0	\N		\N	175
90	Marc	Guerra Luna	2011-12-03					No sol·licitat	\N	La Salle	L'Armentera			c/ de l'aviador Eva Royo Linares	2025-11-11	\N	\N	1	t	4	271	35837476793	+34 XXXXXXX, +34 XXXXZZZZ, +34 XXXXYZZY	marc@mailintaor.com									Albanyà	92921	alumnes/fotos/foto_almn_35837476793.jpg	0	\N		\N	189
81	Marwa	Martinez Serra	2009-04-10					No sol·licitat	\N	La Salle	L'Armentera			c/ de l'aviador Daniela Montes Serra	2025-11-11	\N	\N	1	t	4	250	62086755987	+34 XXXXXXX, +34 XXXXZZZZ, +34 XXXXYZZY	marwa@mailintaor.com									Albanyà	02353	alumnes/fotos/foto_almn_62086755987.jpg	0	\N		\N	180
79	Laia	Medina Bravo	2009-03-05					No sol·licitat	\N	La Salle	L'Armentera			c/ de l'aviador Guillem Blanch Prieto	2025-11-11	\N	\N	1	t	4	248	66147198432	+34 XXXXXXX, +34 XXXXZZZZ, +34 XXXXYZZY	laia@mailintaor.com									Albanyà	49020	alumnes/fotos/foto_almn_66147198432.jpg	0	\N		\N	178
99	Diego	Montero Bertran	2008-11-06					No sol·licitat	\N	La Salle	L'Armentera			c/ de l'aviador Jordi Arroyo Robles	2025-11-11	\N	\N	1	t	4	294	99018617649	+34 XXXXXXX, +34 XXXXZZZZ, +34 XXXXYZZY	diego@mailintaor.com									Albanyà	82566	alumnes/fotos/foto_almn_99018617649.jpg	0	\N		\N	198
78	Unai	Nuñez Beltran	2010-07-17					No sol·licitat	\N	La Salle	L'Armentera			c/ de l'aviador Mar Gallardo Sierra	2025-11-11	\N	\N	1	t	4	245	22468316797	+34 XXXXXXX, +34 XXXXZZZZ, +34 XXXXYZZY	unai@mailintaor.com									Albanyà	94262	alumnes/fotos/foto_almn_22468316797.jpg	0	\N		\N	177
80	Aya	Oliva Pascual	2008-12-14					No sol·licitat	\N	La Salle	L'Armentera			c/ de l'aviador Lola Juan Royo	2025-11-11	\N	\N	1	t	4	249	17787743926	+34 XXXXXXX, +34 XXXXZZZZ, +34 XXXXYZZY	aya@mailintaor.com									Albanyà	21673	alumnes/fotos/foto_almn_17787743926.jpg	0	\N		\N	179
97	Axel	Pla Ventura	2011-05-09					No sol·licitat	\N	La Salle	L'Armentera			c/ de l'aviador Hugo Vargas Planas	2025-11-11	\N	\N	1	t	4	288	39979376179	+34 XXXXXXX, +34 XXXXZZZZ, +34 XXXXYZZY	axel@mailintaor.com									Albanyà	02412	alumnes/fotos/foto_almn_39979376179.jpg	0	\N		\N	196
87	Mariona	Roldan Lazaro	2010-09-25					No sol·licitat	\N	La Salle	L'Armentera			c/ de l'aviador Nerea Llorens Manzano	2025-11-11	\N	\N	1	t	4	262	75668682599	+34 XXXXXXX, +34 XXXXZZZZ, +34 XXXXYZZY	mariona@mailintaor.com									Albanyà	30550	alumnes/fotos/foto_almn_75668682599.jpg	0	\N		\N	186
93	Mohamed	Salas Cabello	2008-08-02					No sol·licitat	\N	La Salle	L'Armentera			c/ de l'aviador Alan Ros Rivas	2025-11-11	\N	\N	1	t	4	280	41382160681	+34 XXXXXXX, +34 XXXXZZZZ, +34 XXXXYZZY	mohamed@mailintaor.com									Albanyà	73909	alumnes/fotos/foto_almn_41382160681.jpg	0	\N		\N	192
95	Miguel	Sanz Gallego	2009-10-17					No sol·licitat	\N	La Salle	L'Armentera			c/ de l'aviador Helena Moya Herrero	2025-11-11	\N	\N	1	t	4	284	67650028308	+34 XXXXXXX, +34 XXXXZZZZ, +34 XXXXYZZY	miguel@mailintaor.com									Albanyà	43537	alumnes/fotos/foto_almn_67650028308.jpg	0	\N		\N	194
96	Jaume	Segura Exposito	2007-09-22					No sol·licitat	\N	La Salle	L'Armentera			c/ de l'aviador Jana Navarro Martinez	2025-11-11	\N	\N	1	t	4	285	36106195692	+34 XXXXXXX, +34 XXXXZZZZ, +34 XXXXYZZY	jaume@mailintaor.com									Albanyà	37897	alumnes/fotos/foto_almn_36106195692.jpg	0	\N		\N	195
83	Adrià	Sierra Ventura	2012-09-14					No sol·licitat	\N	La Salle	L'Armentera			c/ de l'aviador Eloi Castells Ventura	2025-11-11	\N	\N	1	t	4	252	50956195325	+34 XXXXXXX, +34 XXXXZZZZ, +34 XXXXYZZY	adria@mailintaor.com									Albanyà	75186	alumnes/fotos/foto_almn_50956195325.jpg	0	\N		\N	182
77	Ivet	Vargas Franco	2005-11-25					No sol·licitat	\N	La Salle	L'Armentera			c/ de l'aviador Rayan Esteban Murillo	2025-11-11	\N	\N	1	t	4	244	80003235327	+34 XXXXXXX, +34 XXXXZZZZ, +34 XXXXYZZY	ivet@mailintaor.com									Albanyà	28228	alumnes/fotos/foto_almn_80003235327.jpg	0	\N		\N	176
98	Jaume	Vega Cano	2006-10-03					No sol·licitat	\N	La Salle	L'Armentera			c/ de l'aviador Salma Vila Santamaria	2025-11-11	\N	\N	1	t	4	291	69219628426	+34 XXXXXXX, +34 XXXXZZZZ, +34 XXXXYZZY	jaume@mailintaor.com									Albanyà	10762	alumnes/fotos/foto_almn_69219628426.jpg	0	\N		\N	197
86	Salma	Viñas Calvo	2009-12-13					No sol·licitat	\N	La Salle	L'Armentera			c/ de l'aviador Quim Ramos Ortiz	2025-11-11	\N	\N	1	t	4	259	11445538883	+34 XXXXXXX, +34 XXXXZZZZ, +34 XXXXYZZY	salma@mailintaor.com									Albanyà	89404	alumnes/fotos/foto_almn_11445538883.jpg	0	\N		\N	185
128	Isaac	Roca Herrera	2008-05-22					No sol·licitat	\N	La Salle	L'Armentera			c/ de l'aviador Leire Aguilera Casanova	2025-11-11	\N	\N	1	t	11	363	90122535549	+34 XXXXXXX, +34 XXXXZZZZ, +34 XXXXYZZY	isaac@mailintaor.com									Albanyà	36729	alumnes/fotos/foto_almn_90122535549.jpg	0	\N		\N	227
129	Mar	Zamora Amaya	2011-08-05					No sol·licitat	\N	La Salle	L'Armentera			c/ de l'aviador Daniela Soto Lopez	2025-11-11	\N	\N	1	t	11	364	12113051011	+34 XXXXXXX, +34 XXXXZZZZ, +34 XXXXYZZY	mar@mailintaor.com									Albanyà	63772	alumnes/fotos/foto_almn_12113051011.jpg	0	\N		\N	228
100	Diego	Suarez Bermudez	2012-11-16					No sol·licitat	\N	La Salle	L'Armentera			c/ de l'aviador Quim Castillo Izquierdo	2025-11-11	\N	\N	1	t	4	295	98473750573	+34 XXXXXXX, +34 XXXXZZZZ, +34 XXXXYZZY	diego@mailintaor.com									Albanyà	26038	alumnes/fotos/foto_almn_98473750573.jpg	0	\N		\N	199
104	Marc	Avila Simon	2012-01-10					No sol·licitat	\N	La Salle	L'Armentera			c/ de l'aviador Lola Marquez Escobar	2025-11-11	\N	\N	1	t	6	303	71899872705	+34 XXXXXXX, +34 XXXXZZZZ, +34 XXXXYZZY	marc@mailintaor.com									Albanyà	30683	alumnes/fotos/foto_almn_71899872705.jpg	0	\N		\N	203
105	Ariadna	Cabello Campos	2009-03-02					No sol·licitat	\N	La Salle	L'Armentera			c/ de l'aviador Mohamed Soler Cruz	2025-11-11	\N	\N	1	t	6	304	44010960663	+34 XXXXXXX, +34 XXXXZZZZ, +34 XXXXYZZY	ariadna@mailintaor.com									Albanyà	15259	alumnes/fotos/foto_almn_44010960663.jpg	0	\N		\N	204
110	Daniel	Cardona Izquierdo	2007-10-08					No sol·licitat	\N	La Salle	L'Armentera			c/ de l'aviador Ona Muñoz Soriano	2025-11-11	\N	\N	1	t	6	317	69618746892	+34 XXXXXXX, +34 XXXXZZZZ, +34 XXXXYZZY	daniel@mailintaor.com									Albanyà	28833	alumnes/fotos/foto_almn_69618746892.jpg	0	\N		\N	209
108	Lucía	Gomez Asensio	2006-08-04					No sol·licitat	\N	La Salle	L'Armentera			c/ de l'aviador Guillem Carmona Mir	2025-11-11	\N	\N	1	t	6	313	24693921072	+34 XXXXXXX, +34 XXXXZZZZ, +34 XXXXYZZY	lucia@mailintaor.com									Albanyà	32165	alumnes/fotos/foto_almn_24693921072.jpg	0	\N		\N	207
102	Aleix	Juan Martos	2005-10-04					No sol·licitat	\N	La Salle	L'Armentera			c/ de l'aviador Marwa Dalmau Aparicio	2025-11-11	\N	\N	1	t	6	299	84455666259	+34 XXXXXXX, +34 XXXXZZZZ, +34 XXXXYZZY	aleix@mailintaor.com									Albanyà	13960	alumnes/fotos/foto_almn_84455666259.jpg	0	\N		\N	201
101	Pablo	Lazaro Plaza	2012-07-01					No sol·licitat	\N	La Salle	L'Armentera			c/ de l'aviador Isaac Aguilera Nieto	2025-11-11	\N	\N	1	t	6	296	80332291312	+34 XXXXXXX, +34 XXXXZZZZ, +34 XXXXYZZY	pablo@mailintaor.com									Albanyà	59686	alumnes/fotos/foto_almn_80332291312.jpg	0	\N		\N	200
106	Lucas	Palau Oliva	2008-10-12					No sol·licitat	\N	La Salle	L'Armentera			c/ de l'aviador Ismael Morales Escobar	2025-11-11	\N	\N	1	t	6	307	14304967945	+34 XXXXXXX, +34 XXXXZZZZ, +34 XXXXYZZY	lucas@mailintaor.com									Albanyà	83545	alumnes/fotos/foto_almn_14304967945.jpg	0	\N		\N	205
107	Jaume	Redondo Rios	2010-01-30					No sol·licitat	\N	La Salle	L'Armentera			c/ de l'aviador Jordi Hernandez Valencia	2025-11-11	\N	\N	1	t	6	310	13598910315	+34 XXXXXXX, +34 XXXXZZZZ, +34 XXXXYZZY	jaume@mailintaor.com									Albanyà	37803	alumnes/fotos/foto_almn_13598910315.jpg	0	\N		\N	206
103	Pau	Salazar Llorens	2011-07-27					No sol·licitat	\N	La Salle	L'Armentera			c/ de l'aviador Dídac Mendez Pla	2025-11-11	\N	\N	1	t	6	300	24416223209	+34 XXXXXXX, +34 XXXXZZZZ, +34 XXXXYZZY	pau@mailintaor.com									Albanyà	97363	alumnes/fotos/foto_almn_24416223209.jpg	0	\N		\N	202
117	Adrián	Alba Muñoz	2008-03-06					No sol·licitat	\N	La Salle	L'Armentera			c/ de l'aviador Mohamed Pereira Romero	2025-11-11	\N	\N	1	t	1	334	50202842740	+34 XXXXXXX, +34 XXXXZZZZ, +34 XXXXYZZY	adrian@mailintaor.com									Albanyà	40750	alumnes/fotos/foto_almn_50202842740.jpg	0	\N		\N	216
113	Alan	Campos Soler	2007-02-14					No sol·licitat	\N	La Salle	L'Armentera			c/ de l'aviador Lluc Carrillo Cabello	2025-11-11	\N	\N	1	t	1	326	59352637331	+34 XXXXXXX, +34 XXXXZZZZ, +34 XXXXYZZY	alan@mailintaor.com									Albanyà	50077	alumnes/fotos/foto_almn_59352637331.jpg	0	\N		\N	212
122	Mariona	Cortes Andreu	2010-10-24					No sol·licitat	\N	La Salle	L'Armentera			c/ de l'aviador Mohamed Bautista Martinez	2025-11-11	\N	\N	1	t	1	347	28723110515	+34 XXXXXXX, +34 XXXXZZZZ, +34 XXXXYZZY	mariona@mailintaor.com									Albanyà	97354	alumnes/fotos/foto_almn_28723110515.jpg	0	\N		\N	221
116	Aina	Franco Vives	2006-04-14					No sol·licitat	\N	La Salle	L'Armentera			c/ de l'aviador Berta Segura Pascual	2025-11-11	\N	\N	1	t	1	333	74975303089	+34 XXXXXXX, +34 XXXXZZZZ, +34 XXXXYZZY	aina@mailintaor.com									Albanyà	38428	alumnes/fotos/foto_almn_74975303089.jpg	0	\N		\N	215
112	Mohamed	Garcia Nadal	2007-11-10					No sol·licitat	\N	La Salle	L'Armentera			c/ de l'aviador Pablo Ramirez Manzano	2025-11-11	\N	\N	1	t	1	323	43799702040	+34 XXXXXXX, +34 XXXXZZZZ, +34 XXXXYZZY	mohamed@mailintaor.com									Albanyà	54598	alumnes/fotos/foto_almn_43799702040.jpg	0	\N		\N	211
124	Laura	Gil Casas	2012-01-24					No sol·licitat	\N	La Salle	L'Armentera			c/ de l'aviador Lucía Castells Ribas	2025-11-11	\N	\N	1	t	1	353	60243956085	+34 XXXXXXX, +34 XXXXZZZZ, +34 XXXXYZZY	laura@mailintaor.com									Albanyà	64504	alumnes/fotos/foto_almn_60243956085.jpg	0	\N		\N	223
119	Aya	Guillen Sancho	2012-02-16					No sol·licitat	\N	La Salle	L'Armentera			c/ de l'aviador Pablo Iglesias Ribas	2025-11-11	\N	\N	1	t	1	340	39924436430	+34 XXXXXXX, +34 XXXXZZZZ, +34 XXXXYZZY	aya@mailintaor.com									Albanyà	72075	alumnes/fotos/foto_almn_39924436430.jpg	0	\N		\N	218
114	Jordi	Marcos Torrent	2008-08-25					No sol·licitat	\N	La Salle	L'Armentera			c/ de l'aviador Judith Macias Rivera	2025-11-11	\N	\N	1	t	1	327	25918502471	+34 XXXXXXX, +34 XXXXZZZZ, +34 XXXXYZZY	jordi@mailintaor.com									Albanyà	80941	alumnes/fotos/foto_almn_25918502471.jpg	0	\N		\N	213
118	Ona	Ortiz Alcaraz	2006-01-14					No sol·licitat	\N	La Salle	L'Armentera			c/ de l'aviador Ayman Simon Blasco	2025-11-11	\N	\N	1	t	1	337	46013742974	+34 XXXXXXX, +34 XXXXZZZZ, +34 XXXXYZZY	ona@mailintaor.com									Albanyà	15554	alumnes/fotos/foto_almn_46013742974.jpg	0	\N		\N	217
123	Ainara	Valles Capdevila	2009-11-24					No sol·licitat	\N	La Salle	L'Armentera			c/ de l'aviador Valentina Sala Silva	2025-11-11	\N	\N	1	t	1	350	34538851359	+34 XXXXXXX, +34 XXXXZZZZ, +34 XXXXYZZY	ainara@mailintaor.com									Albanyà	96084	alumnes/fotos/foto_almn_34538851359.jpg	0	\N		\N	222
125	Iker	Vargas Iglesias	2011-05-23					No sol·licitat	\N	La Salle	L'Armentera			c/ de l'aviador Blanca Alarcon Oliver	2025-11-11	\N	\N	1	t	1	356	62108786867	+34 XXXXXXX, +34 XXXXZZZZ, +34 XXXXYZZY	iker@mailintaor.com									Albanyà	31635	alumnes/fotos/foto_almn_62108786867.jpg	0	\N		\N	224
121	Marina	Velasco Escudero	2008-06-10					No sol·licitat	\N	La Salle	L'Armentera			c/ de l'aviador Carla Pla Collado	2025-11-11	\N	\N	1	t	1	344	39254518378	+34 XXXXXXX, +34 XXXXZZZZ, +34 XXXXYZZY	marina@mailintaor.com									Albanyà	92386	alumnes/fotos/foto_almn_39254518378.jpg	0	\N		\N	220
133	Martina	Cabrera Gil	2012-11-12					No sol·licitat	\N	La Salle	L'Armentera			c/ de l'aviador Aleix Ferre Romero	2025-11-11	\N	\N	1	t	11	374	14423177642	+34 XXXXXXX, +34 XXXXZZZZ, +34 XXXXYZZY	martina@mailintaor.com									Albanyà	07612	alumnes/fotos/foto_almn_14423177642.jpg	0	\N		\N	232
141	Andrea	Castro Ramon	2008-11-28					No sol·licitat	\N	La Salle	L'Armentera			c/ de l'aviador Lluc Pascual Soria	2025-11-11	\N	\N	1	t	11	388	43586332492	+34 XXXXXXX, +34 XXXXZZZZ, +34 XXXXYZZY	andrea@mailintaor.com									Albanyà	68569	alumnes/fotos/foto_almn_43586332492.jpg	0	\N		\N	240
135	Jaume	Dalmau Ramos	2012-08-23					No sol·licitat	\N	La Salle	L'Armentera			c/ de l'aviador Oriol Cano Lazaro	2025-11-11	\N	\N	1	t	11	378	36217378752	+34 XXXXXXX, +34 XXXXZZZZ, +34 XXXXYZZY	jaume@mailintaor.com									Albanyà	66928	alumnes/fotos/foto_almn_36217378752.jpg	0	\N		\N	234
147	Jordi	Gil Badia	2008-06-23					No sol·licitat	\N	La Salle	L'Armentera			c/ de l'aviador Arnau Crespo Pereira	2025-11-11	\N	\N	1	t	11	402	70005946421	+34 XXXXXXX, +34 XXXXZZZZ, +34 XXXXYZZY	jordi@mailintaor.com									Albanyà	04234	alumnes/fotos/foto_almn_70005946421.jpg	0	\N		\N	246
136	José	Gil Rubio	2007-02-25					No sol·licitat	\N	La Salle	L'Armentera			c/ de l'aviador Judit Vicente Marco	2025-11-11	\N	\N	1	t	11	381	20649449136	+34 XXXXXXX, +34 XXXXZZZZ, +34 XXXXYZZY	jose@mailintaor.com									Albanyà	51837	alumnes/fotos/foto_almn_20649449136.jpg	0	\N		\N	235
130	Unai	Guzman Hernandez	2008-08-31					No sol·licitat	\N	La Salle	L'Armentera			c/ de l'aviador Javier Rey Exposito	2025-11-11	\N	\N	1	t	11	367	11006754441	+34 XXXXXXX, +34 XXXXZZZZ, +34 XXXXYZZY	unai@mailintaor.com									Albanyà	10218	alumnes/fotos/foto_almn_11006754441.jpg	0	\N		\N	229
139	Lola	Hernandez Carrera	2009-12-18					No sol·licitat	\N	La Salle	L'Armentera			c/ de l'aviador Marta Bonet Bravo	2025-11-11	\N	\N	1	t	11	384	72697441264	+34 XXXXXXX, +34 XXXXZZZZ, +34 XXXXYZZY	lola@mailintaor.com									Albanyà	32401	alumnes/fotos/foto_almn_72697441264.jpg	0	\N		\N	238
131	Nil	Izquierdo Vera	2009-08-23					No sol·licitat	\N	La Salle	L'Armentera			c/ de l'aviador Jaume Puig Heredia	2025-11-11	\N	\N	1	t	11	370	58554718318	+34 XXXXXXX, +34 XXXXZZZZ, +34 XXXXYZZY	nil@mailintaor.com									Albanyà	63078	alumnes/fotos/foto_almn_58554718318.jpg	0	\N		\N	230
149	Paula	Linares Rojas	2009-08-24					No sol·licitat	\N	La Salle	L'Armentera			c/ de l'aviador Pablo Vazquez Garrido	2025-11-11	\N	\N	1	t	11	406	11250841283	+34 XXXXXXX, +34 XXXXZZZZ, +34 XXXXYZZY	paula@mailintaor.com									Albanyà	49414	alumnes/fotos/foto_almn_11250841283.jpg	0	\N		\N	248
138	Lucas	Merino Martinez	2006-01-03					No sol·licitat	\N	La Salle	L'Armentera			c/ de l'aviador Biel Palau Macias	2025-11-11	\N	\N	1	t	11	383	61116006605	+34 XXXXXXX, +34 XXXXZZZZ, +34 XXXXYZZY	lucas@mailintaor.com									Albanyà	58018	alumnes/fotos/foto_almn_61116006605.jpg	0	\N		\N	237
137	Erik	Piñol Roca	2011-03-07					No sol·licitat	\N	La Salle	L'Armentera			c/ de l'aviador Judith Mata Pujol	2025-11-11	\N	\N	1	t	11	382	33934544515	+34 XXXXXXX, +34 XXXXZZZZ, +34 XXXXYZZY	erik@mailintaor.com									Albanyà	88349	alumnes/fotos/foto_almn_33934544515.jpg	0	\N		\N	236
148	Gerard	Puig Parra	2006-01-13					No sol·licitat	\N	La Salle	L'Armentera			c/ de l'aviador Ivet Sancho Perez	2025-11-11	\N	\N	1	t	11	405	33776335055	+34 XXXXXXX, +34 XXXXZZZZ, +34 XXXXYZZY	gerard@mailintaor.com									Albanyà	95401	alumnes/fotos/foto_almn_33776335055.jpg	0	\N		\N	247
134	Naiara	Pujol Marquez	2011-09-19					No sol·licitat	\N	La Salle	L'Armentera			c/ de l'aviador Elsa Reyes Moreno	2025-11-11	\N	\N	1	t	11	377	93534978651	+34 XXXXXXX, +34 XXXXZZZZ, +34 XXXXYZZY	naiara@mailintaor.com									Albanyà	32504	alumnes/fotos/foto_almn_93534978651.jpg	0	\N		\N	233
140	Valentina	Roca Franco	2006-10-31					No sol·licitat	\N	La Salle	L'Armentera			c/ de l'aviador Ismael Rodriguez Bosch	2025-11-11	\N	\N	1	t	11	387	41012152296	+34 XXXXXXX, +34 XXXXZZZZ, +34 XXXXYZZY	valentina@mailintaor.com									Albanyà	33783	alumnes/fotos/foto_almn_41012152296.jpg	0	\N		\N	239
156	Adrià	Bosch Escudero	2009-10-26					No sol·licitat	\N	La Salle	L'Armentera			c/ de l'aviador Valentina Pastor Calvo	2025-11-11	\N	\N	1	t	12	423	59680528314	+34 XXXXXXX, +34 XXXXZZZZ, +34 XXXXYZZY	adria@mailintaor.com									Albanyà	94266	alumnes/fotos/foto_almn_59680528314.jpg	0	\N		\N	255
151	Antonio	Crespo Medina	2005-07-16					No sol·licitat	\N	La Salle	L'Armentera			c/ de l'aviador Ana Vila Cardona	2025-11-11	\N	\N	1	t	12	412	97353228440	+34 XXXXXXX, +34 XXXXZZZZ, +34 XXXXYZZY	antonio@mailintaor.com									Albanyà	96639	alumnes/fotos/foto_almn_97353228440.jpg	0	\N		\N	250
150	Eva	Fernandez Peña	2011-03-27					No sol·licitat	\N	La Salle	L'Armentera			c/ de l'aviador Unai Viñas Parra	2025-11-11	\N	\N	1	t	12	409	84170665322	+34 XXXXXXX, +34 XXXXZZZZ, +34 XXXXYZZY	eva@mailintaor.com									Albanyà	28010	alumnes/fotos/foto_almn_84170665322.jpg	0	\N		\N	249
152	Rayan	Garcia Muñoz	2011-04-25					No sol·licitat	\N	La Salle	L'Armentera			c/ de l'aviador Lucas Ruiz Valls	2025-11-11	\N	\N	1	t	12	413	16773415875	+34 XXXXXXX, +34 XXXXZZZZ, +34 XXXXYZZY	rayan@mailintaor.com									Albanyà	14410	alumnes/fotos/foto_almn_16773415875.jpg	0	\N		\N	251
158	Lucía	Moya Sala	2010-11-13					No sol·licitat	\N	La Salle	L'Armentera			c/ de l'aviador Adriana Nieto Campos	2025-11-11	\N	\N	1	t	12	427	55327556226	+34 XXXXXXX, +34 XXXXZZZZ, +34 XXXXYZZY	lucia@mailintaor.com									Albanyà	06023	alumnes/fotos/foto_almn_55327556226.jpg	0	\N		\N	257
155	Leyre	Oliva Casanova	2006-09-02					No sol·licitat	\N	La Salle	L'Armentera			c/ de l'aviador Helena Jurado Iglesias	2025-11-11	\N	\N	1	t	12	422	33674589604	+34 XXXXXXX, +34 XXXXZZZZ, +34 XXXXYZZY	leyre@mailintaor.com									Albanyà	04097	alumnes/fotos/foto_almn_33674589604.jpg	0	\N		\N	254
159	Leo	Oliver Herrero	2011-11-11					No sol·licitat	\N	La Salle	L'Armentera			c/ de l'aviador Izan Ramirez Acosta	2025-11-11	\N	\N	1	t	12	428	33419007896	+34 XXXXXXX, +34 XXXXZZZZ, +34 XXXXYZZY	leo@mailintaor.com									Albanyà	33365	alumnes/fotos/foto_almn_33419007896.jpg	0	\N		\N	258
153	Aina	Santamaria Fuentes	2006-04-14					No sol·licitat	\N	La Salle	L'Armentera			c/ de l'aviador Valentina Herrera Castro	2025-11-11	\N	\N	1	t	12	416	39038867220	+34 XXXXXXX, +34 XXXXZZZZ, +34 XXXXYZZY	aina@mailintaor.com									Albanyà	86570	alumnes/fotos/foto_almn_39038867220.jpg	0	\N		\N	252
154	Alejandro	Vicente Zamora	2005-11-20					No sol·licitat	\N	La Salle	L'Armentera			c/ de l'aviador Mohamed Sabate Manzano	2025-11-11	\N	\N	1	t	12	419	78731074276	+34 XXXXXXX, +34 XXXXZZZZ, +34 XXXXYZZY	alejandro@mailintaor.com									Albanyà	44265	alumnes/fotos/foto_almn_78731074276.jpg	0	\N		\N	253
160	Judit	Vila Moreno	2006-10-31					No sol·licitat	\N	La Salle	L'Armentera			c/ de l'aviador Clara Vera Peña	2025-11-11	\N	\N	1	t	12	431	10841730489	+34 XXXXXXX, +34 XXXXZZZZ, +34 XXXXYZZY	judit@mailintaor.com									Albanyà	98603	alumnes/fotos/foto_almn_10841730489.jpg	0	\N		\N	259
180	Sergi	Bosch Maldonado	2006-02-10					No sol·licitat	\N	La Salle	L'Armentera			c/ de l'aviador Naiara Andreu Gil	2025-11-11	\N	\N	1	t	10	471	56190801930	+34 XXXXXXX, +34 XXXXZZZZ, +34 XXXXYZZY	sergi@mailintaor.com									Albanyà	82409	alumnes/fotos/foto_almn_56190801930.jpg	0	\N		\N	279
176	Aya	Camacho Miro	2010-09-22					No sol·licitat	\N	La Salle	L'Armentera			c/ de l'aviador Aitor Duran Viñas	2025-11-11	\N	\N	1	t	10	465	71442694390	+34 XXXXXXX, +34 XXXXZZZZ, +34 XXXXYZZY	aya@mailintaor.com									Albanyà	66673	alumnes/fotos/foto_almn_71442694390.jpg	0	\N		\N	275
173	Marcos	Cardona Reyes	2007-09-01					No sol·licitat	\N	La Salle	L'Armentera			c/ de l'aviador Izan Calvo Nieto	2025-11-11	\N	\N	1	t	10	460	10759892576	+34 XXXXXXX, +34 XXXXZZZZ, +34 XXXXYZZY	marcos@mailintaor.com									Albanyà	94691	alumnes/fotos/foto_almn_10759892576.jpg	0	\N		\N	272
169	José	Crespo Aranda	2010-02-28					No sol·licitat	\N	La Salle	L'Armentera			c/ de l'aviador Javier Sabate Galindo	2025-11-11	\N	\N	1	t	10	452	67167828262	+34 XXXXXXX, +34 XXXXZZZZ, +34 XXXXYZZY	jose@mailintaor.com									Albanyà	90431	alumnes/fotos/foto_almn_67167828262.jpg	0	\N		\N	268
177	Jana	Escobar Bermudez	2011-05-22					No sol·licitat	\N	La Salle	L'Armentera			c/ de l'aviador Ayman Martinez Carreras	2025-11-11	\N	\N	1	t	10	466	79822456156	+34 XXXXXXX, +34 XXXXZZZZ, +34 XXXXYZZY	jana@mailintaor.com									Albanyà	15868	alumnes/fotos/foto_almn_79822456156.jpg	0	\N		\N	276
178	Malak	Exposito Cano	2011-01-24					No sol·licitat	\N	La Salle	L'Armentera			c/ de l'aviador Mario Escobar Vidal	2025-11-11	\N	\N	1	t	10	469	31966536424	+34 XXXXXXX, +34 XXXXZZZZ, +34 XXXXYZZY	malak@mailintaor.com									Albanyà	99068	alumnes/fotos/foto_almn_31966536424.jpg	0	\N		\N	277
183	Ismael	Lopez Ventura	2011-01-23					No sol·licitat	\N	La Salle	L'Armentera			c/ de l'aviador Xavi Ortiz Andreu	2025-11-11	\N	\N	1	t	10	478	55357253394	+34 XXXXXXX, +34 XXXXZZZZ, +34 XXXXYZZY	ismael@mailintaor.com									Albanyà	57051	alumnes/fotos/foto_almn_55357253394.jpg	0	\N		\N	282
166	Pau	Moya Rius	2010-08-17					No sol·licitat	\N	La Salle	L'Armentera			c/ de l'aviador Lucas Rivas Rosell	2025-11-11	\N	\N	1	t	10	445	65782193807	+34 XXXXXXX, +34 XXXXZZZZ, +34 XXXXYZZY	pau@mailintaor.com									Albanyà	12003	alumnes/fotos/foto_almn_65782193807.jpg	0	\N		\N	265
181	Inés	Ortega Diaz	2009-11-22					No sol·licitat	\N	La Salle	L'Armentera			c/ de l'aviador Antonio Contreras Carbonell	2025-11-11	\N	\N	1	t	10	474	34032005738	+34 XXXXXXX, +34 XXXXZZZZ, +34 XXXXYZZY	ines@mailintaor.com									Albanyà	08942	alumnes/fotos/foto_almn_34032005738.jpg	0	\N		\N	280
174	Sara	Reina Domenech	2006-10-18					No sol·licitat	\N	La Salle	L'Armentera			c/ de l'aviador Roger Figueras Mesa	2025-11-11	\N	\N	1	t	10	461	61326902988	+34 XXXXXXX, +34 XXXXZZZZ, +34 XXXXYZZY	sara@mailintaor.com									Albanyà	43431	alumnes/fotos/foto_almn_61326902988.jpg	0	\N		\N	273
175	Mar	Rosell Benitez	2006-09-27					No sol·licitat	\N	La Salle	L'Armentera			c/ de l'aviador Adrián Rios Tomas	2025-11-11	\N	\N	1	t	10	462	57305925643	+34 XXXXXXX, +34 XXXXZZZZ, +34 XXXXYZZY	mar@mailintaor.com									Albanyà	59512	alumnes/fotos/foto_almn_57305925643.jpg	0	\N		\N	274
170	Andrea	Sancho Esteban	2010-12-13					No sol·licitat	\N	La Salle	L'Armentera			c/ de l'aviador Laura Maldonado Acosta	2025-11-11	\N	\N	1	t	10	453	36640173042	+34 XXXXXXX, +34 XXXXZZZZ, +34 XXXXYZZY	andrea@mailintaor.com									Albanyà	86881	alumnes/fotos/foto_almn_36640173042.jpg	0	\N		\N	269
172	Sergio	Santos Hidalgo	2007-06-11					No sol·licitat	\N	La Salle	L'Armentera			c/ de l'aviador Leire Murillo Pages	2025-11-11	\N	\N	1	t	10	457	40969846713	+34 XXXXXXX, +34 XXXXZZZZ, +34 XXXXYZZY	sergio@mailintaor.com									Albanyà	69411	alumnes/fotos/foto_almn_40969846713.jpg	0	\N		\N	271
182	Aya	Velasco Casas	2010-12-15					No sol·licitat	\N	La Salle	L'Armentera			c/ de l'aviador Samuel Alonso Lorenzo	2025-11-11	\N	\N	1	t	10	475	99902173263	+34 XXXXXXX, +34 XXXXZZZZ, +34 XXXXYZZY	aya@mailintaor.com									Albanyà	72247	alumnes/fotos/foto_almn_99902173263.jpg	0	\N		\N	281
168	Gisela	Ventura Pereira	2006-09-14					No sol·licitat	\N	La Salle	L'Armentera			c/ de l'aviador David Sala Aranda	2025-11-11	\N	\N	1	t	10	449	19594054755	+34 XXXXXXX, +34 XXXXZZZZ, +34 XXXXYZZY	gisela@mailintaor.com									Albanyà	81763	alumnes/fotos/foto_almn_19594054755.jpg	0	\N		\N	267
189	Javier	Codina Casals	2009-06-18					No sol·licitat	\N	La Salle	L'Armentera			c/ de l'aviador Ariadna Valero Royo	2025-11-11	\N	\N	1	t	9	494	32169203339	+34 XXXXXXX, +34 XXXXZZZZ, +34 XXXXYZZY	javier@mailintaor.com									Albanyà	08727	alumnes/fotos/foto_almn_32169203339.jpg	0	\N		\N	288
186	Sergi	Domingo Castillo	2009-01-18					No sol·licitat	\N	La Salle	L'Armentera			c/ de l'aviador Ferran Caballero Casanova	2025-11-11	\N	\N	1	t	9	485	36547328426	+34 XXXXXXX, +34 XXXXZZZZ, +34 XXXXYZZY	sergi@mailintaor.com									Albanyà	18089	alumnes/fotos/foto_almn_36547328426.jpg	0	\N		\N	285
188	Carlos	Fuentes Vazquez	2007-10-18					No sol·licitat	\N	La Salle	L'Armentera			c/ de l'aviador Sergi Torres Rius	2025-11-11	\N	\N	1	t	9	491	75374203704	+34 XXXXXXX, +34 XXXXZZZZ, +34 XXXXYZZY	carlos@mailintaor.com									Albanyà	87185	alumnes/fotos/foto_almn_75374203704.jpg	0	\N		\N	287
190	Mariona	Izquierdo Galan	2010-06-03					No sol·licitat	\N	La Salle	L'Armentera			c/ de l'aviador Judith Egea Mesa	2025-11-11	\N	\N	1	t	9	497	87403353967	+34 XXXXXXX, +34 XXXXZZZZ, +34 XXXXYZZY	mariona@mailintaor.com									Albanyà	45387	alumnes/fotos/foto_almn_87403353967.jpg	0	\N		\N	289
187	Marwa	Roldan Hidalgo	2009-06-27					No sol·licitat	\N	La Salle	L'Armentera			c/ de l'aviador Albert Badia Valero	2025-11-11	\N	\N	1	t	9	488	11556455470	+34 XXXXXXX, +34 XXXXZZZZ, +34 XXXXYZZY	marwa@mailintaor.com									Albanyà	68495	alumnes/fotos/foto_almn_11556455470.jpg	0	\N		\N	286
163	Izan	Herrera Caballero	2010-01-09					No sol·licitat	\N	La Salle	L'Armentera			c/ de l'aviador Ayman Cuevas Ortiz	2025-11-11	\N	\N	1	t	12	438	11020390163	+34 XXXXXXX, +34 XXXXZZZZ, +34 XXXXYZZY	izan@mailintaor.com									Albanyà	32568	alumnes/fotos/foto_almn_11020390163.jpg	0	\N		\N	262
162	Oriol	Pages Alba	2012-09-16					No sol·licitat	\N	La Salle	L'Armentera			c/ de l'aviador Alan Mesa Bermudez	2025-11-11	\N	\N	1	t	12	437	99259549264	+34 XXXXXXX, +34 XXXXZZZZ, +34 XXXXYZZY	oriol@mailintaor.com									Albanyà	08420	alumnes/fotos/foto_almn_99259549264.jpg	0	\N		\N	261
161	Alba	Paredes Bermudez	2007-04-18					No sol·licitat	\N	La Salle	L'Armentera			c/ de l'aviador Nora Ramirez Salvador	2025-11-11	\N	\N	1	t	12	434	28879748760	+34 XXXXXXX, +34 XXXXZZZZ, +34 XXXXYZZY	alba@mailintaor.com									Albanyà	82389	alumnes/fotos/foto_almn_28879748760.jpg	0	\N		\N	260
165	Daniela	Soriano Ruiz	2007-12-12					No sol·licitat	\N	La Salle	L'Armentera			c/ de l'aviador Mar Valle Santos	2025-11-11	\N	\N	1	t	12	442	90216394775	+34 XXXXXXX, +34 XXXXZZZZ, +34 XXXXYZZY	daniela@mailintaor.com									Albanyà	09220	alumnes/fotos/foto_almn_90216394775.jpg	0	\N		\N	264
192	Hugo	Bautista Royo	2006-05-05					No sol·licitat	\N	La Salle	L'Armentera			c/ de l'aviador Jordi Escudero Bueno	2025-11-11	\N	\N	1	t	9	501	88033283651	+34 XXXXXXX, +34 XXXXZZZZ, +34 XXXXYZZY	hugo@mailintaor.com									Albanyà	63876	alumnes/fotos/foto_almn_88033283651.jpg	0	\N		\N	291
197	Jana	Casanovas Vega	2012-08-13					No sol·licitat	\N	La Salle	L'Armentera			c/ de l'aviador Carlota Gutierrez Gracia	2025-11-11	\N	\N	1	t	9	512	32783924383	+34 XXXXXXX, +34 XXXXZZZZ, +34 XXXXYZZY	jana@mailintaor.com									Albanyà	59588	alumnes/fotos/foto_almn_32783924383.jpg	0	\N		\N	296
194	Helena	Diez Grau	2010-03-26					No sol·licitat	\N	La Salle	L'Armentera			c/ de l'aviador Andrea Vega Rivas	2025-11-11	\N	\N	1	t	9	505	87636551952	+34 XXXXXXX, +34 XXXXZZZZ, +34 XXXXYZZY	helena@mailintaor.com									Albanyà	72076	alumnes/fotos/foto_almn_87636551952.jpg	0	\N		\N	293
205	Malak	Fernandez Mateu	2012-09-20					No sol·licitat	\N	La Salle	L'Armentera			c/ de l'aviador Joan Macias Domenech	2025-11-11	\N	\N	1	t	9	528	58862938299	+34 XXXXXXX, +34 XXXXZZZZ, +34 XXXXYZZY	malak@mailintaor.com									Albanyà	60811	alumnes/fotos/foto_almn_58862938299.jpg	0	\N		\N	304
193	Guillem	Fernandez Nieto	2005-11-29					No sol·licitat	\N	La Salle	L'Armentera			c/ de l'aviador José Camacho Villanueva	2025-11-11	\N	\N	1	t	9	502	80888817858	+34 XXXXXXX, +34 XXXXZZZZ, +34 XXXXYZZY	guillem@mailintaor.com									Albanyà	48377	alumnes/fotos/foto_almn_80888817858.jpg	0	\N		\N	292
196	Nil	Marin Ramirez	2011-05-23					No sol·licitat	\N	La Salle	L'Armentera			c/ de l'aviador Ainhoa Collado Crespo	2025-11-11	\N	\N	1	t	9	509	29545272132	+34 XXXXXXX, +34 XXXXZZZZ, +34 XXXXYZZY	nil@mailintaor.com									Albanyà	17674	alumnes/fotos/foto_almn_29545272132.jpg	0	\N		\N	295
198	Sergio	Miranda Roca	2008-02-18					No sol·licitat	\N	La Salle	L'Armentera			c/ de l'aviador Oriol Diez Delgado	2025-11-11	\N	\N	1	t	9	513	28423565470	+34 XXXXXXX, +34 XXXXZZZZ, +34 XXXXYZZY	sergio@mailintaor.com									Albanyà	73448	alumnes/fotos/foto_almn_28423565470.jpg	0	\N		\N	297
200	Nerea	Navas Diaz	2005-05-26					No sol·licitat	\N	La Salle	L'Armentera			c/ de l'aviador Ferran Ramon Busquets	2025-11-11	\N	\N	1	t	9	515	76090413015	+34 XXXXXXX, +34 XXXXZZZZ, +34 XXXXYZZY	nerea@mailintaor.com									Albanyà	87357	alumnes/fotos/foto_almn_76090413015.jpg	0	\N		\N	299
202	Sergio	Rivera Pallares	2008-10-23					No sol·licitat	\N	La Salle	L'Armentera			c/ de l'aviador Arlet Mora Guerrero	2025-11-11	\N	\N	1	t	9	519	84380281016	+34 XXXXXXX, +34 XXXXZZZZ, +34 XXXXYZZY	sergio@mailintaor.com									Albanyà	42763	alumnes/fotos/foto_almn_84380281016.jpg	0	\N		\N	301
199	Leo	Sanz Arenas	2010-07-11					No sol·licitat	\N	La Salle	L'Armentera			c/ de l'aviador Rayan Galindo Guzman	2025-11-11	\N	\N	1	t	9	514	79054521844	+34 XXXXXXX, +34 XXXXZZZZ, +34 XXXXYZZY	leo@mailintaor.com									Albanyà	10772	alumnes/fotos/foto_almn_79054521844.jpg	0	\N		\N	298
201	Valentina	Velasco Llorens	2010-06-07					No sol·licitat	\N	La Salle	L'Armentera			c/ de l'aviador Xavier Torrent Mateo	2025-11-11	\N	\N	1	t	9	516	44832417526	+34 XXXXXXX, +34 XXXXZZZZ, +34 XXXXYZZY	valentina@mailintaor.com									Albanyà	68317	alumnes/fotos/foto_almn_44832417526.jpg	0	\N		\N	300
224	Adrià	Arias Palau	2011-08-12					No sol·licitat	\N	La Salle	L'Armentera			c/ de l'aviador Naiara Vazquez Guerrero	2025-11-11	\N	\N	1	t	13	569	71714290176	+34 XXXXXXX, +34 XXXXZZZZ, +34 XXXXYZZY	adria@mailintaor.com									Albanyà	57281	alumnes/fotos/foto_almn_71714290176.jpg	0	\N		\N	323
210	Alan	Bautista Muñoz	2005-01-27					No sol·licitat	\N	La Salle	L'Armentera			c/ de l'aviador Emma Exposito Ribas	2025-11-11	\N	\N	1	t	13	541	55505884269	+34 XXXXXXX, +34 XXXXZZZZ, +34 XXXXYZZY	alan@mailintaor.com									Albanyà	26321	alumnes/fotos/foto_almn_55505884269.jpg	0	\N		\N	309
211	Aleix	Carreras Soto	2010-04-17					No sol·licitat	\N	La Salle	L'Armentera			c/ de l'aviador Alan Romero Luna	2025-11-11	\N	\N	1	t	13	544	99189114775	+34 XXXXXXX, +34 XXXXZZZZ, +34 XXXXYZZY	aleix@mailintaor.com									Albanyà	43009	alumnes/fotos/foto_almn_99189114775.jpg	0	\N		\N	310
226	Bernat	Cortes Rovira	2010-08-12					No sol·licitat	\N	La Salle	L'Armentera			c/ de l'aviador Guillem Moreno Mesa	2025-11-11	\N	\N	1	t	13	573	50337743268	+34 XXXXXXX, +34 XXXXZZZZ, +34 XXXXYZZY	bernat@mailintaor.com									Albanyà	28394	alumnes/fotos/foto_almn_50337743268.jpg	0	\N		\N	325
217	Noa	Franco Duran	2012-06-16					No sol·licitat	\N	La Salle	L'Armentera			c/ de l'aviador Sergi Marin Garrido	2025-11-11	\N	\N	1	t	13	556	25092606153	+34 XXXXXXX, +34 XXXXZZZZ, +34 XXXXYZZY	noa@mailintaor.com									Albanyà	00898	alumnes/fotos/foto_almn_25092606153.jpg	0	\N		\N	316
214	Naiara	Gallardo Leon	2010-07-31					No sol·licitat	\N	La Salle	L'Armentera			c/ de l'aviador Judith Egea Rivas	2025-11-11	\N	\N	1	t	13	551	18073201387	+34 XXXXXXX, +34 XXXXZZZZ, +34 XXXXYZZY	naiara@mailintaor.com									Albanyà	22477	alumnes/fotos/foto_almn_18073201387.jpg	0	\N		\N	313
216	Dídac	Hidalgo Puig	2007-10-14					No sol·licitat	\N	La Salle	L'Armentera			c/ de l'aviador Adrián Pages Montero	2025-11-11	\N	\N	1	t	13	553	58730666599	+34 XXXXXXX, +34 XXXXZZZZ, +34 XXXXYZZY	didac@mailintaor.com									Albanyà	27601	alumnes/fotos/foto_almn_58730666599.jpg	0	\N		\N	315
215	Javier	Martos Martin	2008-05-07					No sol·licitat	\N	La Salle	L'Armentera			c/ de l'aviador José Abad Sala	2025-11-11	\N	\N	1	t	13	552	74683921179	+34 XXXXXXX, +34 XXXXZZZZ, +34 XXXXYZZY	javier@mailintaor.com									Albanyà	49685	alumnes/fotos/foto_almn_74683921179.jpg	0	\N		\N	314
206	Anna	Mateo Avila	2008-05-19					No sol·licitat	\N	La Salle	L'Armentera			c/ de l'aviador Xavier Caballero Torres	2025-11-11	\N	\N	1	t	13	531	60249678037	+34 XXXXXXX, +34 XXXXZZZZ, +34 XXXXYZZY	anna@mailintaor.com									Albanyà	30734	alumnes/fotos/foto_almn_60249678037.jpg	0	\N		\N	305
212	Lucía	Navarro Bermudez	2005-06-29					No sol·licitat	\N	La Salle	L'Armentera			c/ de l'aviador Adriana Ponce Robles	2025-11-11	\N	\N	1	t	13	547	54124731990	+34 XXXXXXX, +34 XXXXZZZZ, +34 XXXXYZZY	lucia@mailintaor.com									Albanyà	93424	alumnes/fotos/foto_almn_54124731990.jpg	0	\N		\N	311
213	Laura	Palacios Amaya	2010-04-21					No sol·licitat	\N	La Salle	L'Armentera			c/ de l'aviador Queralt Martin Planas	2025-11-11	\N	\N	1	t	13	550	44373244405	+34 XXXXXXX, +34 XXXXZZZZ, +34 XXXXYZZY	laura@mailintaor.com									Albanyà	34330	alumnes/fotos/foto_almn_44373244405.jpg	0	\N		\N	312
225	Inés	Ramos Castro	2006-08-24					No sol·licitat	\N	La Salle	L'Armentera			c/ de l'aviador Salma Llorens Dalmau	2025-11-11	\N	\N	1	t	13	572	63349045854	+34 XXXXXXX, +34 XXXXZZZZ, +34 XXXXYZZY	ines@mailintaor.com									Albanyà	29136	alumnes/fotos/foto_almn_63349045854.jpg	0	\N		\N	324
207	Nil	Segura Benitez	2007-04-19					No sol·licitat	\N	La Salle	L'Armentera			c/ de l'aviador Judith Mateo Contreras	2025-11-11	\N	\N	1	t	13	534	45680215192	+34 XXXXXXX, +34 XXXXZZZZ, +34 XXXXYZZY	nil@mailintaor.com									Albanyà	84342	alumnes/fotos/foto_almn_45680215192.jpg	0	\N		\N	306
228	Carla	Carrillo Vera	2005-03-31					No sol·licitat	\N	La Salle	L'Armentera			c/ de l'aviador Arnau Casas Contreras	2025-11-11	\N	\N	1	t	13	579	17518117111	+34 XXXXXXX, +34 XXXXZZZZ, +34 XXXXYZZY	carla@mailintaor.com									Albanyà	70126	alumnes/fotos/foto_almn_17518117111.jpg	0	\N		\N	327
227	Helena	Roig Carrillo	2008-04-20					No sol·licitat	\N	La Salle	L'Armentera			c/ de l'aviador Joana Crespo Alarcon	2025-11-11	\N	\N	1	t	13	576	75725097191	+34 XXXXXXX, +34 XXXXZZZZ, +34 XXXXYZZY	helena@mailintaor.com									Albanyà	75473	alumnes/fotos/foto_almn_75725097191.jpg	0	\N		\N	326
229	Aina	Ruiz Suarez	2011-12-26					No sol·licitat	\N	La Salle	L'Armentera			c/ de l'aviador Emma Benitez Pacheco	2025-11-11	\N	\N	1	t	13	580	36368467204	+34 XXXXXXX, +34 XXXXZZZZ, +34 XXXXYZZY	aina@mailintaor.com									Albanyà	68929	alumnes/fotos/foto_almn_36368467204.jpg	0	\N		\N	328
\.


--
-- Data for Name: alumnes_curs; Type: TABLE DATA; Schema: public; Owner: demo_user
--

COPY public.alumnes_curs (id, nom_curs, nom_curs_complert, data_inici_curs, data_fi_curs, nivell_id, confirmacio_oberta, limit_confirmacio) FROM stdin;
1	3	ESO-3	2025-10-11	2025-11-21	1	f	\N
2	2	ESO-2	2025-10-11	2025-11-21	1	f	\N
3	1	ESO-1	2025-10-11	2025-11-21	1	f	\N
4		-	2025-10-11	2025-11-21	2	f	\N
5	1	CFA-1	2025-10-11	2025-11-21	3	f	\N
6	1	CFI-1	2025-10-11	2025-11-21	4	f	\N
7	2	CFI-2	2025-10-11	2025-11-21	4	f	\N
8	2	CFA-2	2025-10-11	2025-11-21	3	f	\N
\.


--
-- Data for Name: alumnes_dadesaddicionalsalumne; Type: TABLE DATA; Schema: public; Owner: demo_user
--

COPY public.alumnes_dadesaddicionalsalumne (id, label, value, alumne_id) FROM stdin;
\.


--
-- Data for Name: alumnes_grup; Type: TABLE DATA; Schema: public; Owner: demo_user
--

COPY public.alumnes_grup (id, nom_grup, descripcio_grup, curs_id) FROM stdin;
1	B	ESO3B	1
2	A	ESO2A	2
3	A	ESO1A	3
4	B	ESO2B	2
5	B	ESO1B	3
6	A	ESO3A	1
7	C	ESO1C	3
8		- 	4
9	B	CFA1B	5
10	A	CFA1A	5
11	A	CFI1A	6
12	A	CFI2A	7
13	A	CFA2A	8
\.


--
-- Data for Name: alumnes_nivell; Type: TABLE DATA; Schema: public; Owner: demo_user
--

COPY public.alumnes_nivell (id, nom_nivell, ordre_nivell, descripcio_nivell, anotacions_nivell, limit_matricula, matricula_oberta, taxes_id, preexclusiva) FROM stdin;
1	ESO	\N	ESO		\N	f	\N	f
2		\N			\N	f	\N	f
3	CFA	\N	CFA		\N	f	\N	f
4	CFI	\N	CFI		\N	f	\N	f
\.


--
-- Data for Name: assignatures_assignatura; Type: TABLE DATA; Schema: public; Owner: demo_user
--

COPY public.assignatures_assignatura (id, codi_assignatura, nom_assignatura, curs_id, tipus_assignatura_id) FROM stdin;
1	MA	MA	1	\N
2	MA	MA	2	\N
3	TUT	TUT	3	\N
4	GYM	GYM	2	\N
5	G	G	\N	\N
6	TUT	TUT	1	\N
7	OP1-M0	OP1-M0	3	3
8	TEC	TEC	3	\N
9	OP2-M4	OP2-M4	2	3
10	OP1-M3	OP1-M3	2	3
11	OP1-M4	OP1-M4	3	3
12	GYM	GYM	1	\N
13	GYM	GYM	3	\N
14	TEC	TEC	2	\N
15	FI	FI	1	\N
16	OP1-M0	OP1-M0	2	3
17	OP2-M6	OP2-M6	1	3
18	OP1-M7	OP1-M7	3	3
19	TUT	TUT	2	\N
20	OP2-M7	OP2-M7	3	3
21	OP2-M3	OP2-M3	3	3
22	TEC	TEC	1	\N
23	OP1-M4	OP1-M4	2	3
24	OP2-M5	OP2-M5	3	3
25	FI	FI	3	\N
26	OP2-M1	OP2-M1	3	3
27	OP1-M5	OP1-M5	1	3
28	OP2-M2	OP2-M2	2	3
29	OP1-M2	OP1-M2	3	3
30	OP2-M3	OP2-M3	1	3
31	MA	MA	3	\N
32	OP2-M1	OP2-M1	1	3
33	OP2-M6	OP2-M6	2	3
34	OP2-M0	OP2-M0	3	3
35	FI	FI	2	\N
36	UF1	UF1	5	1
37	UF5	UF5	5	1
38	UF5	UF5	6	1
39	UF9	UF9	7	1
40	UF4	UF4	8	1
41	UF6	UF6	5	1
42	TUT	TUT	7	1
43	UF4	UF4	5	1
44	UF3	UF3	8	1
45	UF9	UF9	6	1
46	UF2	UF2	7	1
47	UF6	UF6	7	1
48	UF5	UF5	8	1
49	UF3	UF3	6	1
50	UF9	UF9	5	1
51	UF3	UF3	7	1
52	TUT	TUT	5	1
53	UF6	UF6	8	1
54	UF3	UF3	5	1
55	UF4	UF4	7	1
56	TUT	TUT	8	1
57	UF9	UF9	8	1
58	UF2	UF2	5	1
59	UF1	UF1	8	1
60	UF2	UF2	6	1
61	UF5	UF5	7	1
62	UF6	UF6	6	1
63	UF1	UF1	7	1
64	TUT	TUT	6	1
65	UF4	UF4	6	1
66	UF2	UF2	8	1
\.


--
-- Data for Name: assignatures_tipusdassignatura; Type: TABLE DATA; Schema: public; Owner: demo_user
--

COPY public.assignatures_tipusdassignatura (id, tipus_assignatura, ambit_on_prendre_alumnes, capcelera) FROM stdin;
1	Unitat Formativa	N	Mòdul professional
2	Aula Oberta	N	Matèria
3	Opcional	C	Matèria
4	Regular	G	Matèria
5	Menjador	I	Matèria
\.


--
-- Data for Name: aules_aula; Type: TABLE DATA; Schema: public; Owner: demo_user
--

COPY public.aules_aula (id, nom_aula, descripcio_aula, horari_lliure, reservable) FROM stdin;
1	154		f	t
2	165		f	t
3	294		f	t
4	347		f	t
5	184		f	t
6	223		f	t
7	308		f	t
8	365		f	t
9	369		f	t
10	381		f	t
11	160		f	t
12	396		f	t
13	377		f	t
14	242		f	t
15	398		f	t
16	194		f	t
17	390		f	t
18	206		f	t
19	204		f	t
20	274		f	t
21	111		f	t
22	147		f	t
23	292		f	t
24	249		f	t
25	100		f	t
26	329		f	t
27	337		f	t
28	281		f	t
29	366		f	t
30	318		f	t
31	316		f	t
32	302		f	t
33	138		f	t
34	159		f	t
35	118		f	t
36	151		f	t
37	263		f	t
38	208		f	t
39	149		f	t
40	282		f	t
41	266		f	t
42	139		f	t
43	105		f	t
44	235		f	t
45	370		f	t
46	343		f	t
47	198		f	t
48	116		f	t
49	285		f	t
50	356		f	t
51	375		f	t
52	177		f	t
53	252		f	t
54	335		f	t
55	122		f	t
56	291		f	t
57	124		f	t
58	374		f	t
59	169		f	t
60	237		f	t
61	196		f	t
62	322		f	t
63	164		f	t
64	238		f	t
65	157		f	t
66	141		f	t
67	218		f	t
68	314		f	t
69	222		f	t
70	228		f	t
71	115		f	t
72	186		f	t
73	301		f	t
74	295		f	t
75	240		f	t
76	167		f	t
77	128		f	t
78	236		f	t
79	338		f	t
80	182		f	t
81	253		f	t
82	172		f	t
83	288		f	t
84	355		f	t
85	212		f	t
86	187		f	t
87	313		f	t
88	383		f	t
89	216		f	t
90	341		f	t
91	284		f	t
92	230		f	t
93	175		f	t
94	110		f	t
95	269		f	t
96	323		f	t
97	260		f	t
98	257		f	t
99	103		f	t
100	202		f	t
101	176		f	t
102	345		f	t
103	241		f	t
104	324		f	t
105	371		f	t
106	145		f	t
107	156		f	t
108	173		f	t
109	248		f	t
110	125		f	t
111	211		f	t
112	372		f	t
113	214		f	t
114	192		f	t
115	336		f	t
116	258		f	t
117	319		f	t
118	168		f	t
119	101		f	t
120	137		f	t
121	136		f	t
122	127		f	t
123	226		f	t
124	247		f	t
125	298		f	t
126	185		f	t
127	340		f	t
128	368		f	t
129	363		f	t
130	331		f	t
131	362		f	t
132	199		f	t
133	142		f	t
134	373		f	t
135	209		f	t
136	334		f	t
137	183		f	t
138	106		f	t
139	321		f	t
140	251		f	t
141	123		f	t
142	293		f	t
143	389		f	t
144	306		f	t
145	188		f	t
146	286		f	t
147	353		f	t
148	246		f	t
149	254		f	t
150	357		f	t
151	384		f	t
152	162		f	t
153	229		f	t
154	278		f	t
155	181		f	t
156	339		f	t
157	243		f	t
158	359		f	t
159	143		f	t
160	364		f	t
161	360		f	t
162	107		f	t
163	120		f	t
164	325		f	t
165	148		f	t
166	121		f	t
\.


--
-- Data for Name: aules_aula_disponibilitat_horaria; Type: TABLE DATA; Schema: public; Owner: demo_user
--

COPY public.aules_aula_disponibilitat_horaria (id, aula_id, franjahoraria_id) FROM stdin;
\.


--
-- Data for Name: aules_reservaaula; Type: TABLE DATA; Schema: public; Owner: demo_user
--

COPY public.aules_reservaaula (id, dia_reserva, hora_inici, hora_fi, motiu, aula_id, hora_id, usuari_id, es_reserva_manual) FROM stdin;
1	2025-10-13	08:15:00	09:15:00	Docència	4	2	5	f
2	2025-10-13	09:15:00	10:10:00	Docència	10	3	5	f
3	2025-10-13	10:30:00	11:30:00	Docència	16	5	5	f
4	2025-10-13	11:30:00	12:25:00	Docència	26	6	5	f
5	2025-10-13	08:15:00	09:15:00	Docència	6	2	7	f
6	2025-10-13	09:15:00	10:10:00	Docència	12	3	7	f
7	2025-10-13	10:30:00	11:30:00	Docència	19	5	7	f
8	2025-10-13	11:30:00	12:25:00	Docència	24	6	7	f
9	2025-10-13	09:15:00	10:10:00	Docència	9	3	9	f
10	2025-10-13	10:30:00	11:30:00	Docència	17	5	9	f
11	2025-10-13	11:30:00	12:25:00	Docència	21	6	9	f
12	2025-10-13	08:15:00	09:15:00	Docència	5	2	6	f
13	2025-10-13	09:15:00	10:10:00	Docència	11	3	6	f
14	2025-10-13	10:30:00	11:30:00	Docència	14	5	6	f
15	2025-10-13	08:15:00	09:15:00	Docència	7	2	8	f
16	2025-10-13	09:15:00	10:10:00	Docència	13	3	8	f
17	2025-10-13	10:30:00	11:30:00	Docència	15	5	8	f
18	2025-10-13	11:30:00	12:25:00	Docència	20	6	8	f
19	2025-10-13	08:15:00	09:15:00	Docència	3	2	4	f
20	2025-10-13	09:15:00	10:10:00	Docència	10	3	4	f
21	2025-10-13	11:30:00	12:25:00	Docència	25	6	4	f
22	2025-10-13	08:15:00	09:15:00	Docència	1	2	2	f
23	2025-10-13	09:15:00	10:10:00	Docència	8	3	2	f
24	2025-10-13	10:30:00	11:30:00	Docència	18	5	2	f
25	2025-10-13	11:30:00	12:25:00	Docència	22	6	2	f
26	2025-10-13	08:15:00	09:15:00	Docència	2	2	3	f
27	2025-10-13	10:30:00	11:30:00	Docència	7	5	3	f
28	2025-10-13	11:30:00	12:25:00	Docència	23	6	3	f
29	2025-10-13	15:45:00	16:45:00	Docència	113	10	10	f
30	2025-10-13	16:45:00	17:45:00	Docència	117	11	10	f
31	2025-10-13	18:05:00	19:00:00	Docència	120	13	10	f
32	2025-10-13	19:00:00	19:55:00	Docència	124	14	10	f
33	2025-10-13	15:45:00	16:45:00	Docència	114	10	11	f
34	2025-10-13	16:45:00	17:45:00	Docència	116	11	11	f
35	2025-10-13	18:05:00	19:00:00	Docència	119	13	11	f
36	2025-10-13	19:00:00	19:55:00	Docència	125	14	11	f
37	2025-10-13	16:45:00	17:45:00	Docència	118	11	15	f
38	2025-10-13	18:05:00	19:00:00	Docència	122	13	15	f
39	2025-10-13	15:45:00	16:45:00	Docència	58	10	13	f
40	2025-10-13	16:45:00	17:45:00	Docència	42	11	13	f
41	2025-10-13	18:05:00	19:00:00	Docència	121	13	13	f
42	2025-10-13	19:00:00	19:55:00	Docència	40	14	13	f
43	2025-10-13	15:45:00	16:45:00	Docència	41	10	14	f
44	2025-10-13	18:05:00	19:00:00	Docència	9	13	14	f
45	2025-10-13	19:00:00	19:55:00	Docència	123	14	14	f
46	2025-10-13	15:45:00	16:45:00	Docència	115	10	12	f
47	2025-10-13	16:45:00	17:45:00	Docència	50	11	12	f
48	2025-10-13	19:00:00	19:55:00	Docència	70	14	12	f
49	2025-10-14	08:15:00	09:15:00	Docència	27	2	5	f
50	2025-10-14	09:15:00	10:10:00	Docència	39	3	5	f
51	2025-10-14	11:30:00	12:25:00	Docència	47	6	5	f
52	2025-10-14	08:15:00	09:15:00	Docència	31	2	7	f
53	2025-10-14	10:30:00	11:30:00	Docència	44	5	7	f
54	2025-10-14	11:30:00	12:25:00	Docència	48	6	7	f
55	2025-10-14	08:15:00	09:15:00	Docència	33	2	9	f
56	2025-10-14	09:15:00	10:10:00	Docència	34	3	9	f
57	2025-10-14	10:30:00	11:30:00	Docència	43	5	9	f
58	2025-10-14	11:30:00	12:25:00	Docència	51	6	9	f
59	2025-10-14	09:15:00	10:10:00	Docència	37	3	6	f
60	2025-10-14	10:30:00	11:30:00	Docència	45	5	6	f
61	2025-10-14	11:30:00	12:25:00	Docència	52	6	6	f
62	2025-10-14	08:15:00	09:15:00	Docència	32	2	8	f
63	2025-10-14	09:15:00	10:10:00	Docència	38	3	8	f
64	2025-10-14	10:30:00	11:30:00	Docència	41	5	8	f
65	2025-10-14	11:30:00	12:25:00	Docència	49	6	8	f
66	2025-10-14	08:15:00	09:15:00	Docència	28	2	4	f
67	2025-10-14	09:15:00	10:10:00	Docència	35	3	4	f
68	2025-10-14	10:30:00	11:30:00	Docència	46	5	4	f
69	2025-10-14	08:15:00	09:15:00	Docència	29	2	2	f
70	2025-10-14	09:15:00	10:10:00	Docència	40	3	2	f
71	2025-10-14	10:30:00	11:30:00	Docència	9	5	2	f
72	2025-10-14	11:30:00	12:25:00	Docència	50	6	2	f
73	2025-10-14	08:15:00	09:15:00	Docència	30	2	3	f
74	2025-10-14	09:15:00	10:10:00	Docència	36	3	3	f
75	2025-10-14	10:30:00	11:30:00	Docència	42	5	3	f
76	2025-10-14	11:30:00	12:25:00	Docència	53	6	3	f
77	2025-10-14	15:45:00	16:45:00	Docència	129	10	10	f
78	2025-10-14	16:45:00	17:45:00	Docència	130	11	10	f
79	2025-10-14	18:05:00	19:00:00	Docència	59	13	10	f
80	2025-10-14	19:00:00	19:55:00	Docència	137	14	10	f
81	2025-10-14	15:45:00	16:45:00	Docència	128	10	11	f
82	2025-10-14	16:45:00	17:45:00	Docència	41	11	11	f
83	2025-10-14	18:05:00	19:00:00	Docència	120	13	11	f
84	2025-10-14	19:00:00	19:55:00	Docència	54	14	11	f
85	2025-10-14	15:45:00	16:45:00	Docència	126	10	15	f
86	2025-10-14	16:45:00	17:45:00	Docència	131	11	15	f
87	2025-10-14	18:05:00	19:00:00	Docència	134	13	15	f
88	2025-10-14	15:45:00	16:45:00	Docència	127	10	13	f
89	2025-10-14	16:45:00	17:45:00	Docència	133	11	13	f
90	2025-10-14	19:00:00	19:55:00	Docència	109	14	13	f
91	2025-10-14	15:45:00	16:45:00	Docència	33	10	14	f
92	2025-10-14	18:05:00	19:00:00	Docència	4	13	14	f
93	2025-10-14	19:00:00	19:55:00	Docència	136	14	14	f
94	2025-10-14	16:45:00	17:45:00	Docència	132	11	12	f
95	2025-10-14	18:05:00	19:00:00	Docència	27	13	12	f
96	2025-10-14	19:00:00	19:55:00	Docència	135	14	12	f
97	2025-10-15	08:15:00	09:15:00	Docència	54	2	5	f
98	2025-10-15	09:15:00	10:10:00	Docència	61	3	5	f
99	2025-10-15	10:30:00	11:30:00	Docència	15	5	5	f
100	2025-10-15	11:30:00	12:25:00	Docència	73	6	5	f
101	2025-10-15	08:15:00	09:15:00	Docència	57	2	7	f
102	2025-10-15	09:15:00	10:10:00	Docència	62	3	7	f
103	2025-10-15	11:30:00	12:25:00	Docència	71	6	7	f
104	2025-10-15	08:15:00	09:15:00	Docència	19	2	9	f
105	2025-10-15	09:15:00	10:10:00	Docència	63	3	9	f
106	2025-10-15	10:30:00	11:30:00	Docència	69	5	9	f
107	2025-10-15	11:30:00	12:25:00	Docència	50	6	9	f
108	2025-10-15	08:15:00	09:15:00	Docència	48	2	6	f
109	2025-10-15	09:15:00	10:10:00	Docència	58	3	6	f
110	2025-10-15	10:30:00	11:30:00	Docència	65	5	6	f
111	2025-10-15	11:30:00	12:25:00	Docència	70	6	6	f
112	2025-10-15	09:15:00	10:10:00	Docència	59	3	8	f
113	2025-10-15	10:30:00	11:30:00	Docència	66	5	8	f
114	2025-10-15	11:30:00	12:25:00	Docència	46	6	8	f
115	2025-10-15	08:15:00	09:15:00	Docència	55	2	4	f
116	2025-10-15	09:15:00	10:10:00	Docència	64	3	4	f
117	2025-10-15	10:30:00	11:30:00	Docència	68	5	4	f
118	2025-10-15	08:15:00	09:15:00	Docència	58	2	2	f
119	2025-10-15	10:30:00	11:30:00	Docència	32	5	2	f
120	2025-10-15	11:30:00	12:25:00	Docència	72	6	2	f
121	2025-10-15	08:15:00	09:15:00	Docència	56	2	3	f
122	2025-10-15	09:15:00	10:10:00	Docència	60	3	3	f
123	2025-10-15	10:30:00	11:30:00	Docència	67	5	3	f
124	2025-10-15	11:30:00	12:25:00	Docència	20	6	3	f
125	2025-10-15	15:45:00	16:45:00	Docència	139	10	10	f
126	2025-10-15	16:45:00	17:45:00	Docència	88	11	10	f
127	2025-10-15	18:05:00	19:00:00	Docència	107	13	10	f
128	2025-10-15	15:45:00	16:45:00	Docència	6	10	11	f
129	2025-10-15	18:05:00	19:00:00	Docència	144	13	11	f
130	2025-10-15	19:00:00	19:55:00	Docència	146	14	11	f
131	2025-10-15	16:45:00	17:45:00	Docència	142	11	15	f
132	2025-10-15	19:00:00	19:55:00	Docència	126	14	15	f
133	2025-10-15	15:45:00	16:45:00	Docència	76	10	13	f
134	2025-10-15	16:45:00	17:45:00	Docència	143	11	13	f
135	2025-10-15	18:05:00	19:00:00	Docència	145	13	13	f
136	2025-10-15	19:00:00	19:55:00	Docència	147	14	13	f
137	2025-10-15	15:45:00	16:45:00	Docència	140	10	14	f
138	2025-10-15	16:45:00	17:45:00	Docència	13	11	14	f
139	2025-10-15	18:05:00	19:00:00	Docència	65	13	14	f
140	2025-10-15	19:00:00	19:55:00	Docència	3	14	14	f
141	2025-10-15	15:45:00	16:45:00	Docència	138	10	12	f
142	2025-10-15	16:45:00	17:45:00	Docència	141	11	12	f
143	2025-10-15	18:05:00	19:00:00	Docència	100	13	12	f
144	2025-10-15	19:00:00	19:55:00	Docència	42	14	12	f
145	2025-10-16	08:15:00	09:15:00	Docència	78	2	5	f
146	2025-10-16	09:15:00	10:10:00	Docència	82	3	5	f
147	2025-10-16	10:30:00	11:30:00	Docència	90	5	5	f
148	2025-10-16	11:30:00	12:25:00	Docència	2	6	5	f
149	2025-10-16	08:15:00	09:15:00	Docència	43	2	7	f
150	2025-10-16	10:30:00	11:30:00	Docència	88	5	7	f
151	2025-10-16	11:30:00	12:25:00	Docència	93	6	7	f
152	2025-10-16	08:15:00	09:15:00	Docència	76	2	9	f
153	2025-10-16	09:15:00	10:10:00	Docència	80	3	9	f
154	2025-10-16	10:30:00	11:30:00	Docència	87	5	9	f
155	2025-10-16	08:15:00	09:15:00	Docència	77	2	6	f
156	2025-10-16	09:15:00	10:10:00	Docència	83	3	6	f
157	2025-10-16	10:30:00	11:30:00	Docència	3	5	6	f
158	2025-10-16	11:30:00	12:25:00	Docència	94	6	6	f
159	2025-10-16	08:15:00	09:15:00	Docència	74	2	8	f
160	2025-10-16	09:15:00	10:10:00	Docència	81	3	8	f
161	2025-10-16	10:30:00	11:30:00	Docència	86	5	8	f
162	2025-10-16	11:30:00	12:25:00	Docència	92	6	8	f
163	2025-10-16	09:15:00	10:10:00	Docència	69	3	4	f
164	2025-10-16	10:30:00	11:30:00	Docència	89	5	4	f
165	2025-10-16	11:30:00	12:25:00	Docència	2	6	4	f
166	2025-10-16	08:15:00	09:15:00	Docència	75	2	2	f
167	2025-10-16	09:15:00	10:10:00	Docència	84	3	2	f
168	2025-10-16	10:30:00	11:30:00	Docència	54	5	2	f
169	2025-10-16	11:30:00	12:25:00	Docència	91	6	2	f
170	2025-10-16	08:15:00	09:15:00	Docència	79	2	3	f
171	2025-10-16	09:15:00	10:10:00	Docència	85	3	3	f
172	2025-10-16	11:30:00	12:25:00	Docència	49	6	3	f
173	2025-10-16	15:45:00	16:45:00	Docència	149	10	10	f
174	2025-10-16	16:45:00	17:45:00	Docència	154	11	10	f
175	2025-10-16	18:05:00	19:00:00	Docència	57	13	10	f
176	2025-10-16	19:00:00	19:55:00	Docència	85	14	10	f
177	2025-10-16	15:45:00	16:45:00	Docència	150	10	11	f
178	2025-10-16	16:45:00	17:45:00	Docència	152	11	11	f
179	2025-10-16	19:00:00	19:55:00	Docència	81	14	11	f
180	2025-10-16	15:45:00	16:45:00	Docència	151	10	15	f
181	2025-10-16	16:45:00	17:45:00	Docència	114	11	15	f
182	2025-10-16	18:05:00	19:00:00	Docència	13	13	15	f
183	2025-10-16	15:45:00	16:45:00	Docència	148	10	13	f
184	2025-10-16	18:05:00	19:00:00	Docència	145	13	13	f
185	2025-10-16	19:00:00	19:55:00	Docència	119	14	13	f
186	2025-10-16	15:45:00	16:45:00	Docència	128	10	14	f
187	2025-10-16	16:45:00	17:45:00	Docència	153	11	14	f
188	2025-10-16	18:05:00	19:00:00	Docència	135	13	14	f
189	2025-10-16	19:00:00	19:55:00	Docència	31	14	14	f
190	2025-10-16	16:45:00	17:45:00	Docència	94	11	12	f
191	2025-10-16	18:05:00	19:00:00	Docència	155	13	12	f
192	2025-10-16	19:00:00	19:55:00	Docència	131	14	12	f
193	2025-10-17	08:15:00	09:15:00	Docència	56	2	5	f
194	2025-10-17	10:30:00	11:30:00	Docència	21	5	5	f
195	2025-10-17	11:30:00	12:25:00	Docència	109	6	5	f
196	2025-10-17	09:15:00	10:10:00	Docència	14	3	7	f
197	2025-10-17	10:30:00	11:30:00	Docència	107	5	7	f
198	2025-10-17	11:30:00	12:25:00	Docència	110	6	7	f
199	2025-10-17	08:15:00	09:15:00	Docència	97	2	9	f
200	2025-10-17	09:15:00	10:10:00	Docència	101	3	9	f
201	2025-10-17	10:30:00	11:30:00	Docència	105	5	9	f
202	2025-10-17	11:30:00	12:25:00	Docència	108	6	9	f
203	2025-10-17	08:15:00	09:15:00	Docència	95	2	6	f
204	2025-10-17	09:15:00	10:10:00	Docència	45	3	6	f
205	2025-10-17	10:30:00	11:30:00	Docència	42	5	6	f
206	2025-10-17	11:30:00	12:25:00	Docència	111	6	6	f
207	2025-10-17	08:15:00	09:15:00	Docència	58	2	8	f
208	2025-10-17	09:15:00	10:10:00	Docència	98	3	8	f
209	2025-10-17	10:30:00	11:30:00	Docència	103	5	8	f
210	2025-10-17	11:30:00	12:25:00	Docència	112	6	8	f
211	2025-10-17	08:15:00	09:15:00	Docència	66	2	4	f
212	2025-10-17	09:15:00	10:10:00	Docència	100	3	4	f
213	2025-10-17	10:30:00	11:30:00	Docència	104	5	4	f
214	2025-10-17	11:30:00	12:25:00	Docència	1	6	4	f
215	2025-10-17	08:15:00	09:15:00	Docència	54	2	2	f
216	2025-10-17	09:15:00	10:10:00	Docència	99	3	2	f
217	2025-10-17	08:15:00	09:15:00	Docència	96	2	3	f
218	2025-10-17	09:15:00	10:10:00	Docència	102	3	3	f
219	2025-10-17	10:30:00	11:30:00	Docència	106	5	3	f
220	2025-10-17	11:30:00	12:25:00	Docència	59	6	3	f
221	2025-10-17	15:45:00	16:45:00	Docència	156	10	10	f
222	2025-10-17	16:45:00	17:45:00	Docència	158	11	10	f
223	2025-10-17	15:45:00	16:45:00	Docència	157	10	11	f
224	2025-10-17	16:45:00	17:45:00	Docència	159	11	11	f
225	2025-10-17	18:05:00	19:00:00	Docència	73	13	11	f
226	2025-10-17	19:00:00	19:55:00	Docència	3	14	11	f
227	2025-10-17	15:45:00	16:45:00	Docència	55	10	15	f
228	2025-10-17	16:45:00	17:45:00	Docència	161	11	15	f
229	2025-10-17	18:05:00	19:00:00	Docència	162	13	15	f
230	2025-10-17	19:00:00	19:55:00	Docència	165	14	15	f
231	2025-10-17	15:45:00	16:45:00	Docència	50	10	13	f
232	2025-10-17	18:05:00	19:00:00	Docència	124	13	13	f
233	2025-10-17	19:00:00	19:55:00	Docència	24	14	13	f
234	2025-10-17	15:45:00	16:45:00	Docència	28	10	14	f
235	2025-10-17	16:45:00	17:45:00	Docència	160	11	14	f
236	2025-10-17	18:05:00	19:00:00	Docència	164	13	14	f
237	2025-10-17	19:00:00	19:55:00	Docència	166	14	14	f
238	2025-10-17	16:45:00	17:45:00	Docència	120	11	12	f
239	2025-10-17	18:05:00	19:00:00	Docència	163	13	12	f
240	2025-10-17	19:00:00	19:55:00	Docència	136	14	12	f
241	2025-10-20	08:15:00	09:15:00	Docència	4	2	5	f
242	2025-10-20	09:15:00	10:10:00	Docència	10	3	5	f
243	2025-10-20	10:30:00	11:30:00	Docència	16	5	5	f
244	2025-10-20	11:30:00	12:25:00	Docència	26	6	5	f
245	2025-10-20	08:15:00	09:15:00	Docència	6	2	7	f
246	2025-10-20	09:15:00	10:10:00	Docència	12	3	7	f
247	2025-10-20	10:30:00	11:30:00	Docència	19	5	7	f
248	2025-10-20	11:30:00	12:25:00	Docència	24	6	7	f
249	2025-10-20	09:15:00	10:10:00	Docència	9	3	9	f
250	2025-10-20	10:30:00	11:30:00	Docència	17	5	9	f
251	2025-10-20	11:30:00	12:25:00	Docència	21	6	9	f
252	2025-10-20	08:15:00	09:15:00	Docència	5	2	6	f
253	2025-10-20	09:15:00	10:10:00	Docència	11	3	6	f
254	2025-10-20	10:30:00	11:30:00	Docència	14	5	6	f
255	2025-10-20	08:15:00	09:15:00	Docència	7	2	8	f
256	2025-10-20	09:15:00	10:10:00	Docència	13	3	8	f
257	2025-10-20	10:30:00	11:30:00	Docència	15	5	8	f
258	2025-10-20	11:30:00	12:25:00	Docència	20	6	8	f
259	2025-10-20	08:15:00	09:15:00	Docència	3	2	4	f
260	2025-10-20	09:15:00	10:10:00	Docència	10	3	4	f
261	2025-10-20	11:30:00	12:25:00	Docència	25	6	4	f
262	2025-10-20	08:15:00	09:15:00	Docència	1	2	2	f
263	2025-10-20	09:15:00	10:10:00	Docència	8	3	2	f
264	2025-10-20	10:30:00	11:30:00	Docència	18	5	2	f
265	2025-10-20	11:30:00	12:25:00	Docència	22	6	2	f
266	2025-10-20	08:15:00	09:15:00	Docència	2	2	3	f
267	2025-10-20	10:30:00	11:30:00	Docència	7	5	3	f
268	2025-10-20	11:30:00	12:25:00	Docència	23	6	3	f
269	2025-10-20	15:45:00	16:45:00	Docència	113	10	10	f
270	2025-10-20	16:45:00	17:45:00	Docència	117	11	10	f
271	2025-10-20	18:05:00	19:00:00	Docència	120	13	10	f
272	2025-10-20	19:00:00	19:55:00	Docència	124	14	10	f
273	2025-10-20	15:45:00	16:45:00	Docència	114	10	11	f
274	2025-10-20	16:45:00	17:45:00	Docència	116	11	11	f
275	2025-10-20	18:05:00	19:00:00	Docència	119	13	11	f
276	2025-10-20	19:00:00	19:55:00	Docència	125	14	11	f
277	2025-10-20	16:45:00	17:45:00	Docència	118	11	15	f
278	2025-10-20	18:05:00	19:00:00	Docència	122	13	15	f
279	2025-10-20	15:45:00	16:45:00	Docència	58	10	13	f
280	2025-10-20	16:45:00	17:45:00	Docència	42	11	13	f
281	2025-10-20	18:05:00	19:00:00	Docència	121	13	13	f
282	2025-10-20	19:00:00	19:55:00	Docència	40	14	13	f
283	2025-10-20	15:45:00	16:45:00	Docència	41	10	14	f
284	2025-10-20	18:05:00	19:00:00	Docència	9	13	14	f
285	2025-10-20	19:00:00	19:55:00	Docència	123	14	14	f
286	2025-10-20	15:45:00	16:45:00	Docència	115	10	12	f
287	2025-10-20	16:45:00	17:45:00	Docència	50	11	12	f
288	2025-10-20	19:00:00	19:55:00	Docència	70	14	12	f
289	2025-10-21	08:15:00	09:15:00	Docència	27	2	5	f
290	2025-10-21	09:15:00	10:10:00	Docència	39	3	5	f
291	2025-10-21	11:30:00	12:25:00	Docència	47	6	5	f
292	2025-10-21	08:15:00	09:15:00	Docència	31	2	7	f
293	2025-10-21	10:30:00	11:30:00	Docència	44	5	7	f
294	2025-10-21	11:30:00	12:25:00	Docència	48	6	7	f
295	2025-10-21	08:15:00	09:15:00	Docència	33	2	9	f
296	2025-10-21	09:15:00	10:10:00	Docència	34	3	9	f
297	2025-10-21	10:30:00	11:30:00	Docència	43	5	9	f
298	2025-10-21	11:30:00	12:25:00	Docència	51	6	9	f
299	2025-10-21	09:15:00	10:10:00	Docència	37	3	6	f
300	2025-10-21	10:30:00	11:30:00	Docència	45	5	6	f
301	2025-10-21	11:30:00	12:25:00	Docència	52	6	6	f
302	2025-10-21	08:15:00	09:15:00	Docència	32	2	8	f
303	2025-10-21	09:15:00	10:10:00	Docència	38	3	8	f
304	2025-10-21	10:30:00	11:30:00	Docència	41	5	8	f
305	2025-10-21	11:30:00	12:25:00	Docència	49	6	8	f
306	2025-10-21	08:15:00	09:15:00	Docència	28	2	4	f
307	2025-10-21	09:15:00	10:10:00	Docència	35	3	4	f
308	2025-10-21	10:30:00	11:30:00	Docència	46	5	4	f
309	2025-10-21	08:15:00	09:15:00	Docència	29	2	2	f
310	2025-10-21	09:15:00	10:10:00	Docència	40	3	2	f
311	2025-10-21	10:30:00	11:30:00	Docència	9	5	2	f
312	2025-10-21	11:30:00	12:25:00	Docència	50	6	2	f
313	2025-10-21	08:15:00	09:15:00	Docència	30	2	3	f
314	2025-10-21	09:15:00	10:10:00	Docència	36	3	3	f
315	2025-10-21	10:30:00	11:30:00	Docència	42	5	3	f
316	2025-10-21	11:30:00	12:25:00	Docència	53	6	3	f
317	2025-10-21	15:45:00	16:45:00	Docència	129	10	10	f
318	2025-10-21	16:45:00	17:45:00	Docència	130	11	10	f
319	2025-10-21	18:05:00	19:00:00	Docència	59	13	10	f
320	2025-10-21	19:00:00	19:55:00	Docència	137	14	10	f
321	2025-10-21	15:45:00	16:45:00	Docència	128	10	11	f
322	2025-10-21	16:45:00	17:45:00	Docència	41	11	11	f
323	2025-10-21	18:05:00	19:00:00	Docència	120	13	11	f
324	2025-10-21	19:00:00	19:55:00	Docència	54	14	11	f
325	2025-10-21	15:45:00	16:45:00	Docència	126	10	15	f
326	2025-10-21	16:45:00	17:45:00	Docència	131	11	15	f
327	2025-10-21	18:05:00	19:00:00	Docència	134	13	15	f
328	2025-10-21	15:45:00	16:45:00	Docència	127	10	13	f
329	2025-10-21	16:45:00	17:45:00	Docència	133	11	13	f
330	2025-10-21	19:00:00	19:55:00	Docència	109	14	13	f
331	2025-10-21	15:45:00	16:45:00	Docència	33	10	14	f
332	2025-10-21	18:05:00	19:00:00	Docència	4	13	14	f
333	2025-10-21	19:00:00	19:55:00	Docència	136	14	14	f
334	2025-10-21	16:45:00	17:45:00	Docència	132	11	12	f
335	2025-10-21	18:05:00	19:00:00	Docència	27	13	12	f
336	2025-10-21	19:00:00	19:55:00	Docència	135	14	12	f
337	2025-10-22	08:15:00	09:15:00	Docència	54	2	5	f
338	2025-10-22	09:15:00	10:10:00	Docència	61	3	5	f
339	2025-10-22	10:30:00	11:30:00	Docència	15	5	5	f
340	2025-10-22	11:30:00	12:25:00	Docència	73	6	5	f
341	2025-10-22	08:15:00	09:15:00	Docència	57	2	7	f
342	2025-10-22	09:15:00	10:10:00	Docència	62	3	7	f
343	2025-10-22	11:30:00	12:25:00	Docència	71	6	7	f
344	2025-10-22	08:15:00	09:15:00	Docència	19	2	9	f
345	2025-10-22	09:15:00	10:10:00	Docència	63	3	9	f
346	2025-10-22	10:30:00	11:30:00	Docència	69	5	9	f
347	2025-10-22	11:30:00	12:25:00	Docència	50	6	9	f
348	2025-10-22	08:15:00	09:15:00	Docència	48	2	6	f
349	2025-10-22	09:15:00	10:10:00	Docència	58	3	6	f
350	2025-10-22	10:30:00	11:30:00	Docència	65	5	6	f
351	2025-10-22	11:30:00	12:25:00	Docència	70	6	6	f
352	2025-10-22	09:15:00	10:10:00	Docència	59	3	8	f
353	2025-10-22	10:30:00	11:30:00	Docència	66	5	8	f
354	2025-10-22	11:30:00	12:25:00	Docència	46	6	8	f
355	2025-10-22	08:15:00	09:15:00	Docència	55	2	4	f
356	2025-10-22	09:15:00	10:10:00	Docència	64	3	4	f
357	2025-10-22	10:30:00	11:30:00	Docència	68	5	4	f
358	2025-10-22	08:15:00	09:15:00	Docència	58	2	2	f
359	2025-10-22	10:30:00	11:30:00	Docència	32	5	2	f
360	2025-10-22	11:30:00	12:25:00	Docència	72	6	2	f
361	2025-10-22	08:15:00	09:15:00	Docència	56	2	3	f
362	2025-10-22	09:15:00	10:10:00	Docència	60	3	3	f
363	2025-10-22	10:30:00	11:30:00	Docència	67	5	3	f
364	2025-10-22	11:30:00	12:25:00	Docència	20	6	3	f
365	2025-10-22	15:45:00	16:45:00	Docència	139	10	10	f
366	2025-10-22	16:45:00	17:45:00	Docència	88	11	10	f
367	2025-10-22	18:05:00	19:00:00	Docència	107	13	10	f
368	2025-10-22	15:45:00	16:45:00	Docència	6	10	11	f
369	2025-10-22	18:05:00	19:00:00	Docència	144	13	11	f
370	2025-10-22	19:00:00	19:55:00	Docència	146	14	11	f
371	2025-10-22	16:45:00	17:45:00	Docència	142	11	15	f
372	2025-10-22	19:00:00	19:55:00	Docència	126	14	15	f
373	2025-10-22	15:45:00	16:45:00	Docència	76	10	13	f
374	2025-10-22	16:45:00	17:45:00	Docència	143	11	13	f
375	2025-10-22	18:05:00	19:00:00	Docència	145	13	13	f
376	2025-10-22	19:00:00	19:55:00	Docència	147	14	13	f
377	2025-10-22	15:45:00	16:45:00	Docència	140	10	14	f
378	2025-10-22	16:45:00	17:45:00	Docència	13	11	14	f
379	2025-10-22	18:05:00	19:00:00	Docència	65	13	14	f
380	2025-10-22	19:00:00	19:55:00	Docència	3	14	14	f
381	2025-10-22	15:45:00	16:45:00	Docència	138	10	12	f
382	2025-10-22	16:45:00	17:45:00	Docència	141	11	12	f
383	2025-10-22	18:05:00	19:00:00	Docència	100	13	12	f
384	2025-10-22	19:00:00	19:55:00	Docència	42	14	12	f
385	2025-10-23	08:15:00	09:15:00	Docència	78	2	5	f
386	2025-10-23	09:15:00	10:10:00	Docència	82	3	5	f
387	2025-10-23	10:30:00	11:30:00	Docència	90	5	5	f
388	2025-10-23	11:30:00	12:25:00	Docència	2	6	5	f
389	2025-10-23	08:15:00	09:15:00	Docència	43	2	7	f
390	2025-10-23	10:30:00	11:30:00	Docència	88	5	7	f
391	2025-10-23	11:30:00	12:25:00	Docència	93	6	7	f
392	2025-10-23	08:15:00	09:15:00	Docència	76	2	9	f
393	2025-10-23	09:15:00	10:10:00	Docència	80	3	9	f
394	2025-10-23	10:30:00	11:30:00	Docència	87	5	9	f
395	2025-10-23	08:15:00	09:15:00	Docència	77	2	6	f
396	2025-10-23	09:15:00	10:10:00	Docència	83	3	6	f
397	2025-10-23	10:30:00	11:30:00	Docència	3	5	6	f
398	2025-10-23	11:30:00	12:25:00	Docència	94	6	6	f
399	2025-10-23	08:15:00	09:15:00	Docència	74	2	8	f
400	2025-10-23	09:15:00	10:10:00	Docència	81	3	8	f
401	2025-10-23	10:30:00	11:30:00	Docència	86	5	8	f
402	2025-10-23	11:30:00	12:25:00	Docència	92	6	8	f
403	2025-10-23	09:15:00	10:10:00	Docència	69	3	4	f
404	2025-10-23	10:30:00	11:30:00	Docència	89	5	4	f
405	2025-10-23	11:30:00	12:25:00	Docència	2	6	4	f
406	2025-10-23	08:15:00	09:15:00	Docència	75	2	2	f
407	2025-10-23	09:15:00	10:10:00	Docència	84	3	2	f
408	2025-10-23	10:30:00	11:30:00	Docència	54	5	2	f
409	2025-10-23	11:30:00	12:25:00	Docència	91	6	2	f
410	2025-10-23	08:15:00	09:15:00	Docència	79	2	3	f
411	2025-10-23	09:15:00	10:10:00	Docència	85	3	3	f
412	2025-10-23	11:30:00	12:25:00	Docència	49	6	3	f
413	2025-10-23	15:45:00	16:45:00	Docència	149	10	10	f
414	2025-10-23	16:45:00	17:45:00	Docència	154	11	10	f
415	2025-10-23	18:05:00	19:00:00	Docència	57	13	10	f
416	2025-10-23	19:00:00	19:55:00	Docència	85	14	10	f
417	2025-10-23	15:45:00	16:45:00	Docència	150	10	11	f
418	2025-10-23	16:45:00	17:45:00	Docència	152	11	11	f
419	2025-10-23	19:00:00	19:55:00	Docència	81	14	11	f
420	2025-10-23	15:45:00	16:45:00	Docència	151	10	15	f
421	2025-10-23	16:45:00	17:45:00	Docència	114	11	15	f
422	2025-10-23	18:05:00	19:00:00	Docència	13	13	15	f
423	2025-10-23	15:45:00	16:45:00	Docència	148	10	13	f
424	2025-10-23	18:05:00	19:00:00	Docència	145	13	13	f
425	2025-10-23	19:00:00	19:55:00	Docència	119	14	13	f
426	2025-10-23	15:45:00	16:45:00	Docència	128	10	14	f
427	2025-10-23	16:45:00	17:45:00	Docència	153	11	14	f
428	2025-10-23	18:05:00	19:00:00	Docència	135	13	14	f
429	2025-10-23	19:00:00	19:55:00	Docència	31	14	14	f
430	2025-10-23	16:45:00	17:45:00	Docència	94	11	12	f
431	2025-10-23	18:05:00	19:00:00	Docència	155	13	12	f
432	2025-10-23	19:00:00	19:55:00	Docència	131	14	12	f
433	2025-10-24	08:15:00	09:15:00	Docència	56	2	5	f
434	2025-10-24	10:30:00	11:30:00	Docència	21	5	5	f
435	2025-10-24	11:30:00	12:25:00	Docència	109	6	5	f
436	2025-10-24	09:15:00	10:10:00	Docència	14	3	7	f
437	2025-10-24	10:30:00	11:30:00	Docència	107	5	7	f
438	2025-10-24	11:30:00	12:25:00	Docència	110	6	7	f
439	2025-10-24	08:15:00	09:15:00	Docència	97	2	9	f
440	2025-10-24	09:15:00	10:10:00	Docència	101	3	9	f
441	2025-10-24	10:30:00	11:30:00	Docència	105	5	9	f
442	2025-10-24	11:30:00	12:25:00	Docència	108	6	9	f
443	2025-10-24	08:15:00	09:15:00	Docència	95	2	6	f
444	2025-10-24	09:15:00	10:10:00	Docència	45	3	6	f
445	2025-10-24	10:30:00	11:30:00	Docència	42	5	6	f
446	2025-10-24	11:30:00	12:25:00	Docència	111	6	6	f
447	2025-10-24	08:15:00	09:15:00	Docència	58	2	8	f
448	2025-10-24	09:15:00	10:10:00	Docència	98	3	8	f
449	2025-10-24	10:30:00	11:30:00	Docència	103	5	8	f
450	2025-10-24	11:30:00	12:25:00	Docència	112	6	8	f
451	2025-10-24	08:15:00	09:15:00	Docència	66	2	4	f
452	2025-10-24	09:15:00	10:10:00	Docència	100	3	4	f
453	2025-10-24	10:30:00	11:30:00	Docència	104	5	4	f
454	2025-10-24	11:30:00	12:25:00	Docència	1	6	4	f
455	2025-10-24	08:15:00	09:15:00	Docència	54	2	2	f
456	2025-10-24	09:15:00	10:10:00	Docència	99	3	2	f
457	2025-10-24	08:15:00	09:15:00	Docència	96	2	3	f
458	2025-10-24	09:15:00	10:10:00	Docència	102	3	3	f
459	2025-10-24	10:30:00	11:30:00	Docència	106	5	3	f
460	2025-10-24	11:30:00	12:25:00	Docència	59	6	3	f
461	2025-10-24	15:45:00	16:45:00	Docència	156	10	10	f
462	2025-10-24	16:45:00	17:45:00	Docència	158	11	10	f
463	2025-10-24	15:45:00	16:45:00	Docència	157	10	11	f
464	2025-10-24	16:45:00	17:45:00	Docència	159	11	11	f
465	2025-10-24	18:05:00	19:00:00	Docència	73	13	11	f
466	2025-10-24	19:00:00	19:55:00	Docència	3	14	11	f
467	2025-10-24	15:45:00	16:45:00	Docència	55	10	15	f
468	2025-10-24	16:45:00	17:45:00	Docència	161	11	15	f
469	2025-10-24	18:05:00	19:00:00	Docència	162	13	15	f
470	2025-10-24	19:00:00	19:55:00	Docència	165	14	15	f
471	2025-10-24	15:45:00	16:45:00	Docència	50	10	13	f
472	2025-10-24	18:05:00	19:00:00	Docència	124	13	13	f
473	2025-10-24	19:00:00	19:55:00	Docència	24	14	13	f
474	2025-10-24	15:45:00	16:45:00	Docència	28	10	14	f
475	2025-10-24	16:45:00	17:45:00	Docència	160	11	14	f
476	2025-10-24	18:05:00	19:00:00	Docència	164	13	14	f
477	2025-10-24	19:00:00	19:55:00	Docència	166	14	14	f
478	2025-10-24	16:45:00	17:45:00	Docència	120	11	12	f
479	2025-10-24	18:05:00	19:00:00	Docència	163	13	12	f
480	2025-10-24	19:00:00	19:55:00	Docència	136	14	12	f
481	2025-10-27	08:15:00	09:15:00	Docència	4	2	5	f
482	2025-10-27	09:15:00	10:10:00	Docència	10	3	5	f
483	2025-10-27	10:30:00	11:30:00	Docència	16	5	5	f
484	2025-10-27	11:30:00	12:25:00	Docència	26	6	5	f
485	2025-10-27	08:15:00	09:15:00	Docència	6	2	7	f
486	2025-10-27	09:15:00	10:10:00	Docència	12	3	7	f
487	2025-10-27	10:30:00	11:30:00	Docència	19	5	7	f
488	2025-10-27	11:30:00	12:25:00	Docència	24	6	7	f
489	2025-10-27	09:15:00	10:10:00	Docència	9	3	9	f
490	2025-10-27	10:30:00	11:30:00	Docència	17	5	9	f
491	2025-10-27	11:30:00	12:25:00	Docència	21	6	9	f
492	2025-10-27	08:15:00	09:15:00	Docència	5	2	6	f
493	2025-10-27	09:15:00	10:10:00	Docència	11	3	6	f
494	2025-10-27	10:30:00	11:30:00	Docència	14	5	6	f
495	2025-10-27	08:15:00	09:15:00	Docència	7	2	8	f
496	2025-10-27	09:15:00	10:10:00	Docència	13	3	8	f
497	2025-10-27	10:30:00	11:30:00	Docència	15	5	8	f
498	2025-10-27	11:30:00	12:25:00	Docència	20	6	8	f
499	2025-10-27	08:15:00	09:15:00	Docència	3	2	4	f
500	2025-10-27	09:15:00	10:10:00	Docència	10	3	4	f
501	2025-10-27	11:30:00	12:25:00	Docència	25	6	4	f
502	2025-10-27	08:15:00	09:15:00	Docència	1	2	2	f
503	2025-10-27	09:15:00	10:10:00	Docència	8	3	2	f
504	2025-10-27	10:30:00	11:30:00	Docència	18	5	2	f
505	2025-10-27	11:30:00	12:25:00	Docència	22	6	2	f
506	2025-10-27	08:15:00	09:15:00	Docència	2	2	3	f
507	2025-10-27	10:30:00	11:30:00	Docència	7	5	3	f
508	2025-10-27	11:30:00	12:25:00	Docència	23	6	3	f
509	2025-10-27	15:45:00	16:45:00	Docència	113	10	10	f
510	2025-10-27	16:45:00	17:45:00	Docència	117	11	10	f
511	2025-10-27	18:05:00	19:00:00	Docència	120	13	10	f
512	2025-10-27	19:00:00	19:55:00	Docència	124	14	10	f
513	2025-10-27	15:45:00	16:45:00	Docència	114	10	11	f
514	2025-10-27	16:45:00	17:45:00	Docència	116	11	11	f
515	2025-10-27	18:05:00	19:00:00	Docència	119	13	11	f
516	2025-10-27	19:00:00	19:55:00	Docència	125	14	11	f
517	2025-10-27	16:45:00	17:45:00	Docència	118	11	15	f
518	2025-10-27	18:05:00	19:00:00	Docència	122	13	15	f
519	2025-10-27	15:45:00	16:45:00	Docència	58	10	13	f
520	2025-10-27	16:45:00	17:45:00	Docència	42	11	13	f
521	2025-10-27	18:05:00	19:00:00	Docència	121	13	13	f
522	2025-10-27	19:00:00	19:55:00	Docència	40	14	13	f
523	2025-10-27	15:45:00	16:45:00	Docència	41	10	14	f
524	2025-10-27	18:05:00	19:00:00	Docència	9	13	14	f
525	2025-10-27	19:00:00	19:55:00	Docència	123	14	14	f
526	2025-10-27	15:45:00	16:45:00	Docència	115	10	12	f
527	2025-10-27	16:45:00	17:45:00	Docència	50	11	12	f
528	2025-10-27	19:00:00	19:55:00	Docència	70	14	12	f
529	2025-10-28	08:15:00	09:15:00	Docència	27	2	5	f
530	2025-10-28	09:15:00	10:10:00	Docència	39	3	5	f
531	2025-10-28	11:30:00	12:25:00	Docència	47	6	5	f
532	2025-10-28	08:15:00	09:15:00	Docència	31	2	7	f
533	2025-10-28	10:30:00	11:30:00	Docència	44	5	7	f
534	2025-10-28	11:30:00	12:25:00	Docència	48	6	7	f
535	2025-10-28	08:15:00	09:15:00	Docència	33	2	9	f
536	2025-10-28	09:15:00	10:10:00	Docència	34	3	9	f
537	2025-10-28	10:30:00	11:30:00	Docència	43	5	9	f
538	2025-10-28	11:30:00	12:25:00	Docència	51	6	9	f
539	2025-10-28	09:15:00	10:10:00	Docència	37	3	6	f
540	2025-10-28	10:30:00	11:30:00	Docència	45	5	6	f
541	2025-10-28	11:30:00	12:25:00	Docència	52	6	6	f
542	2025-10-28	08:15:00	09:15:00	Docència	32	2	8	f
543	2025-10-28	09:15:00	10:10:00	Docència	38	3	8	f
544	2025-10-28	10:30:00	11:30:00	Docència	41	5	8	f
545	2025-10-28	11:30:00	12:25:00	Docència	49	6	8	f
546	2025-10-28	08:15:00	09:15:00	Docència	28	2	4	f
547	2025-10-28	09:15:00	10:10:00	Docència	35	3	4	f
548	2025-10-28	10:30:00	11:30:00	Docència	46	5	4	f
549	2025-10-28	08:15:00	09:15:00	Docència	29	2	2	f
550	2025-10-28	09:15:00	10:10:00	Docència	40	3	2	f
551	2025-10-28	10:30:00	11:30:00	Docència	9	5	2	f
552	2025-10-28	11:30:00	12:25:00	Docència	50	6	2	f
553	2025-10-28	08:15:00	09:15:00	Docència	30	2	3	f
554	2025-10-28	09:15:00	10:10:00	Docència	36	3	3	f
555	2025-10-28	10:30:00	11:30:00	Docència	42	5	3	f
556	2025-10-28	11:30:00	12:25:00	Docència	53	6	3	f
557	2025-10-28	15:45:00	16:45:00	Docència	129	10	10	f
558	2025-10-28	16:45:00	17:45:00	Docència	130	11	10	f
559	2025-10-28	18:05:00	19:00:00	Docència	59	13	10	f
560	2025-10-28	19:00:00	19:55:00	Docència	137	14	10	f
561	2025-10-28	15:45:00	16:45:00	Docència	128	10	11	f
562	2025-10-28	16:45:00	17:45:00	Docència	41	11	11	f
563	2025-10-28	18:05:00	19:00:00	Docència	120	13	11	f
564	2025-10-28	19:00:00	19:55:00	Docència	54	14	11	f
565	2025-10-28	15:45:00	16:45:00	Docència	126	10	15	f
566	2025-10-28	16:45:00	17:45:00	Docència	131	11	15	f
567	2025-10-28	18:05:00	19:00:00	Docència	134	13	15	f
568	2025-10-28	15:45:00	16:45:00	Docència	127	10	13	f
569	2025-10-28	16:45:00	17:45:00	Docència	133	11	13	f
570	2025-10-28	19:00:00	19:55:00	Docència	109	14	13	f
571	2025-10-28	15:45:00	16:45:00	Docència	33	10	14	f
572	2025-10-28	18:05:00	19:00:00	Docència	4	13	14	f
573	2025-10-28	19:00:00	19:55:00	Docència	136	14	14	f
574	2025-10-28	16:45:00	17:45:00	Docència	132	11	12	f
575	2025-10-28	18:05:00	19:00:00	Docència	27	13	12	f
576	2025-10-28	19:00:00	19:55:00	Docència	135	14	12	f
577	2025-10-29	08:15:00	09:15:00	Docència	54	2	5	f
578	2025-10-29	09:15:00	10:10:00	Docència	61	3	5	f
579	2025-10-29	10:30:00	11:30:00	Docència	15	5	5	f
580	2025-10-29	11:30:00	12:25:00	Docència	73	6	5	f
581	2025-10-29	08:15:00	09:15:00	Docència	57	2	7	f
582	2025-10-29	09:15:00	10:10:00	Docència	62	3	7	f
583	2025-10-29	11:30:00	12:25:00	Docència	71	6	7	f
584	2025-10-29	08:15:00	09:15:00	Docència	19	2	9	f
585	2025-10-29	09:15:00	10:10:00	Docència	63	3	9	f
586	2025-10-29	10:30:00	11:30:00	Docència	69	5	9	f
587	2025-10-29	11:30:00	12:25:00	Docència	50	6	9	f
588	2025-10-29	08:15:00	09:15:00	Docència	48	2	6	f
589	2025-10-29	09:15:00	10:10:00	Docència	58	3	6	f
590	2025-10-29	10:30:00	11:30:00	Docència	65	5	6	f
591	2025-10-29	11:30:00	12:25:00	Docència	70	6	6	f
592	2025-10-29	09:15:00	10:10:00	Docència	59	3	8	f
593	2025-10-29	10:30:00	11:30:00	Docència	66	5	8	f
594	2025-10-29	11:30:00	12:25:00	Docència	46	6	8	f
595	2025-10-29	08:15:00	09:15:00	Docència	55	2	4	f
596	2025-10-29	09:15:00	10:10:00	Docència	64	3	4	f
597	2025-10-29	10:30:00	11:30:00	Docència	68	5	4	f
598	2025-10-29	08:15:00	09:15:00	Docència	58	2	2	f
599	2025-10-29	10:30:00	11:30:00	Docència	32	5	2	f
600	2025-10-29	11:30:00	12:25:00	Docència	72	6	2	f
601	2025-10-29	08:15:00	09:15:00	Docència	56	2	3	f
602	2025-10-29	09:15:00	10:10:00	Docència	60	3	3	f
603	2025-10-29	10:30:00	11:30:00	Docència	67	5	3	f
604	2025-10-29	11:30:00	12:25:00	Docència	20	6	3	f
605	2025-10-29	15:45:00	16:45:00	Docència	139	10	10	f
606	2025-10-29	16:45:00	17:45:00	Docència	88	11	10	f
607	2025-10-29	18:05:00	19:00:00	Docència	107	13	10	f
608	2025-10-29	15:45:00	16:45:00	Docència	6	10	11	f
609	2025-10-29	18:05:00	19:00:00	Docència	144	13	11	f
610	2025-10-29	19:00:00	19:55:00	Docència	146	14	11	f
611	2025-10-29	16:45:00	17:45:00	Docència	142	11	15	f
612	2025-10-29	19:00:00	19:55:00	Docència	126	14	15	f
613	2025-10-29	15:45:00	16:45:00	Docència	76	10	13	f
614	2025-10-29	16:45:00	17:45:00	Docència	143	11	13	f
615	2025-10-29	18:05:00	19:00:00	Docència	145	13	13	f
616	2025-10-29	19:00:00	19:55:00	Docència	147	14	13	f
617	2025-10-29	15:45:00	16:45:00	Docència	140	10	14	f
618	2025-10-29	16:45:00	17:45:00	Docència	13	11	14	f
619	2025-10-29	18:05:00	19:00:00	Docència	65	13	14	f
620	2025-10-29	19:00:00	19:55:00	Docència	3	14	14	f
621	2025-10-29	15:45:00	16:45:00	Docència	138	10	12	f
622	2025-10-29	16:45:00	17:45:00	Docència	141	11	12	f
623	2025-10-29	18:05:00	19:00:00	Docència	100	13	12	f
624	2025-10-29	19:00:00	19:55:00	Docència	42	14	12	f
625	2025-10-30	08:15:00	09:15:00	Docència	78	2	5	f
626	2025-10-30	09:15:00	10:10:00	Docència	82	3	5	f
627	2025-10-30	10:30:00	11:30:00	Docència	90	5	5	f
628	2025-10-30	11:30:00	12:25:00	Docència	2	6	5	f
629	2025-10-30	08:15:00	09:15:00	Docència	43	2	7	f
630	2025-10-30	10:30:00	11:30:00	Docència	88	5	7	f
631	2025-10-30	11:30:00	12:25:00	Docència	93	6	7	f
632	2025-10-30	08:15:00	09:15:00	Docència	76	2	9	f
633	2025-10-30	09:15:00	10:10:00	Docència	80	3	9	f
634	2025-10-30	10:30:00	11:30:00	Docència	87	5	9	f
635	2025-10-30	08:15:00	09:15:00	Docència	77	2	6	f
636	2025-10-30	09:15:00	10:10:00	Docència	83	3	6	f
637	2025-10-30	10:30:00	11:30:00	Docència	3	5	6	f
638	2025-10-30	11:30:00	12:25:00	Docència	94	6	6	f
639	2025-10-30	08:15:00	09:15:00	Docència	74	2	8	f
640	2025-10-30	09:15:00	10:10:00	Docència	81	3	8	f
641	2025-10-30	10:30:00	11:30:00	Docència	86	5	8	f
642	2025-10-30	11:30:00	12:25:00	Docència	92	6	8	f
643	2025-10-30	09:15:00	10:10:00	Docència	69	3	4	f
644	2025-10-30	10:30:00	11:30:00	Docència	89	5	4	f
645	2025-10-30	11:30:00	12:25:00	Docència	2	6	4	f
646	2025-10-30	08:15:00	09:15:00	Docència	75	2	2	f
647	2025-10-30	09:15:00	10:10:00	Docència	84	3	2	f
648	2025-10-30	10:30:00	11:30:00	Docència	54	5	2	f
649	2025-10-30	11:30:00	12:25:00	Docència	91	6	2	f
650	2025-10-30	08:15:00	09:15:00	Docència	79	2	3	f
651	2025-10-30	09:15:00	10:10:00	Docència	85	3	3	f
652	2025-10-30	11:30:00	12:25:00	Docència	49	6	3	f
653	2025-10-30	15:45:00	16:45:00	Docència	149	10	10	f
654	2025-10-30	16:45:00	17:45:00	Docència	154	11	10	f
655	2025-10-30	18:05:00	19:00:00	Docència	57	13	10	f
656	2025-10-30	19:00:00	19:55:00	Docència	85	14	10	f
657	2025-10-30	15:45:00	16:45:00	Docència	150	10	11	f
658	2025-10-30	16:45:00	17:45:00	Docència	152	11	11	f
659	2025-10-30	19:00:00	19:55:00	Docència	81	14	11	f
660	2025-10-30	15:45:00	16:45:00	Docència	151	10	15	f
661	2025-10-30	16:45:00	17:45:00	Docència	114	11	15	f
662	2025-10-30	18:05:00	19:00:00	Docència	13	13	15	f
663	2025-10-30	15:45:00	16:45:00	Docència	148	10	13	f
664	2025-10-30	18:05:00	19:00:00	Docència	145	13	13	f
665	2025-10-30	19:00:00	19:55:00	Docència	119	14	13	f
666	2025-10-30	15:45:00	16:45:00	Docència	128	10	14	f
667	2025-10-30	16:45:00	17:45:00	Docència	153	11	14	f
668	2025-10-30	18:05:00	19:00:00	Docència	135	13	14	f
669	2025-10-30	19:00:00	19:55:00	Docència	31	14	14	f
670	2025-10-30	16:45:00	17:45:00	Docència	94	11	12	f
671	2025-10-30	18:05:00	19:00:00	Docència	155	13	12	f
672	2025-10-30	19:00:00	19:55:00	Docència	131	14	12	f
673	2025-10-31	08:15:00	09:15:00	Docència	56	2	5	f
674	2025-10-31	10:30:00	11:30:00	Docència	21	5	5	f
675	2025-10-31	11:30:00	12:25:00	Docència	109	6	5	f
676	2025-10-31	09:15:00	10:10:00	Docència	14	3	7	f
677	2025-10-31	10:30:00	11:30:00	Docència	107	5	7	f
678	2025-10-31	11:30:00	12:25:00	Docència	110	6	7	f
679	2025-10-31	08:15:00	09:15:00	Docència	97	2	9	f
680	2025-10-31	09:15:00	10:10:00	Docència	101	3	9	f
681	2025-10-31	10:30:00	11:30:00	Docència	105	5	9	f
682	2025-10-31	11:30:00	12:25:00	Docència	108	6	9	f
683	2025-10-31	08:15:00	09:15:00	Docència	95	2	6	f
684	2025-10-31	09:15:00	10:10:00	Docència	45	3	6	f
685	2025-10-31	10:30:00	11:30:00	Docència	42	5	6	f
686	2025-10-31	11:30:00	12:25:00	Docència	111	6	6	f
687	2025-10-31	08:15:00	09:15:00	Docència	58	2	8	f
688	2025-10-31	09:15:00	10:10:00	Docència	98	3	8	f
689	2025-10-31	10:30:00	11:30:00	Docència	103	5	8	f
690	2025-10-31	11:30:00	12:25:00	Docència	112	6	8	f
691	2025-10-31	08:15:00	09:15:00	Docència	66	2	4	f
692	2025-10-31	09:15:00	10:10:00	Docència	100	3	4	f
693	2025-10-31	10:30:00	11:30:00	Docència	104	5	4	f
694	2025-10-31	11:30:00	12:25:00	Docència	1	6	4	f
695	2025-10-31	08:15:00	09:15:00	Docència	54	2	2	f
696	2025-10-31	09:15:00	10:10:00	Docència	99	3	2	f
697	2025-10-31	08:15:00	09:15:00	Docència	96	2	3	f
698	2025-10-31	09:15:00	10:10:00	Docència	102	3	3	f
699	2025-10-31	10:30:00	11:30:00	Docència	106	5	3	f
700	2025-10-31	11:30:00	12:25:00	Docència	59	6	3	f
701	2025-10-31	15:45:00	16:45:00	Docència	156	10	10	f
702	2025-10-31	16:45:00	17:45:00	Docència	158	11	10	f
703	2025-10-31	15:45:00	16:45:00	Docència	157	10	11	f
704	2025-10-31	16:45:00	17:45:00	Docència	159	11	11	f
705	2025-10-31	18:05:00	19:00:00	Docència	73	13	11	f
706	2025-10-31	19:00:00	19:55:00	Docència	3	14	11	f
707	2025-10-31	15:45:00	16:45:00	Docència	55	10	15	f
708	2025-10-31	16:45:00	17:45:00	Docència	161	11	15	f
709	2025-10-31	18:05:00	19:00:00	Docència	162	13	15	f
710	2025-10-31	19:00:00	19:55:00	Docència	165	14	15	f
711	2025-10-31	15:45:00	16:45:00	Docència	50	10	13	f
712	2025-10-31	18:05:00	19:00:00	Docència	124	13	13	f
713	2025-10-31	19:00:00	19:55:00	Docència	24	14	13	f
714	2025-10-31	15:45:00	16:45:00	Docència	28	10	14	f
715	2025-10-31	16:45:00	17:45:00	Docència	160	11	14	f
716	2025-10-31	18:05:00	19:00:00	Docència	164	13	14	f
717	2025-10-31	19:00:00	19:55:00	Docència	166	14	14	f
718	2025-10-31	16:45:00	17:45:00	Docència	120	11	12	f
719	2025-10-31	18:05:00	19:00:00	Docència	163	13	12	f
720	2025-10-31	19:00:00	19:55:00	Docència	136	14	12	f
721	2025-11-03	08:15:00	09:15:00	Docència	4	2	5	f
722	2025-11-03	09:15:00	10:10:00	Docència	10	3	5	f
723	2025-11-03	10:30:00	11:30:00	Docència	16	5	5	f
724	2025-11-03	11:30:00	12:25:00	Docència	26	6	5	f
725	2025-11-03	08:15:00	09:15:00	Docència	6	2	7	f
726	2025-11-03	09:15:00	10:10:00	Docència	12	3	7	f
727	2025-11-03	10:30:00	11:30:00	Docència	19	5	7	f
728	2025-11-03	11:30:00	12:25:00	Docència	24	6	7	f
729	2025-11-03	09:15:00	10:10:00	Docència	9	3	9	f
730	2025-11-03	10:30:00	11:30:00	Docència	17	5	9	f
731	2025-11-03	11:30:00	12:25:00	Docència	21	6	9	f
732	2025-11-03	08:15:00	09:15:00	Docència	5	2	6	f
733	2025-11-03	09:15:00	10:10:00	Docència	11	3	6	f
734	2025-11-03	10:30:00	11:30:00	Docència	14	5	6	f
735	2025-11-03	08:15:00	09:15:00	Docència	7	2	8	f
736	2025-11-03	09:15:00	10:10:00	Docència	13	3	8	f
737	2025-11-03	10:30:00	11:30:00	Docència	15	5	8	f
738	2025-11-03	11:30:00	12:25:00	Docència	20	6	8	f
739	2025-11-03	08:15:00	09:15:00	Docència	3	2	4	f
740	2025-11-03	09:15:00	10:10:00	Docència	10	3	4	f
741	2025-11-03	11:30:00	12:25:00	Docència	25	6	4	f
742	2025-11-03	08:15:00	09:15:00	Docència	1	2	2	f
743	2025-11-03	09:15:00	10:10:00	Docència	8	3	2	f
744	2025-11-03	10:30:00	11:30:00	Docència	18	5	2	f
745	2025-11-03	11:30:00	12:25:00	Docència	22	6	2	f
746	2025-11-03	08:15:00	09:15:00	Docència	2	2	3	f
747	2025-11-03	10:30:00	11:30:00	Docència	7	5	3	f
748	2025-11-03	11:30:00	12:25:00	Docència	23	6	3	f
749	2025-11-03	15:45:00	16:45:00	Docència	113	10	10	f
750	2025-11-03	16:45:00	17:45:00	Docència	117	11	10	f
751	2025-11-03	18:05:00	19:00:00	Docència	120	13	10	f
752	2025-11-03	19:00:00	19:55:00	Docència	124	14	10	f
753	2025-11-03	15:45:00	16:45:00	Docència	114	10	11	f
754	2025-11-03	16:45:00	17:45:00	Docència	116	11	11	f
755	2025-11-03	18:05:00	19:00:00	Docència	119	13	11	f
756	2025-11-03	19:00:00	19:55:00	Docència	125	14	11	f
757	2025-11-03	16:45:00	17:45:00	Docència	118	11	15	f
758	2025-11-03	18:05:00	19:00:00	Docència	122	13	15	f
759	2025-11-03	15:45:00	16:45:00	Docència	58	10	13	f
760	2025-11-03	16:45:00	17:45:00	Docència	42	11	13	f
761	2025-11-03	18:05:00	19:00:00	Docència	121	13	13	f
762	2025-11-03	19:00:00	19:55:00	Docència	40	14	13	f
763	2025-11-03	15:45:00	16:45:00	Docència	41	10	14	f
764	2025-11-03	18:05:00	19:00:00	Docència	9	13	14	f
765	2025-11-03	19:00:00	19:55:00	Docència	123	14	14	f
766	2025-11-03	15:45:00	16:45:00	Docència	115	10	12	f
767	2025-11-03	16:45:00	17:45:00	Docència	50	11	12	f
768	2025-11-03	19:00:00	19:55:00	Docència	70	14	12	f
769	2025-11-04	08:15:00	09:15:00	Docència	27	2	5	f
770	2025-11-04	09:15:00	10:10:00	Docència	39	3	5	f
771	2025-11-04	11:30:00	12:25:00	Docència	47	6	5	f
772	2025-11-04	08:15:00	09:15:00	Docència	31	2	7	f
773	2025-11-04	10:30:00	11:30:00	Docència	44	5	7	f
774	2025-11-04	11:30:00	12:25:00	Docència	48	6	7	f
775	2025-11-04	08:15:00	09:15:00	Docència	33	2	9	f
776	2025-11-04	09:15:00	10:10:00	Docència	34	3	9	f
777	2025-11-04	10:30:00	11:30:00	Docència	43	5	9	f
778	2025-11-04	11:30:00	12:25:00	Docència	51	6	9	f
779	2025-11-04	09:15:00	10:10:00	Docència	37	3	6	f
780	2025-11-04	10:30:00	11:30:00	Docència	45	5	6	f
781	2025-11-04	11:30:00	12:25:00	Docència	52	6	6	f
782	2025-11-04	08:15:00	09:15:00	Docència	32	2	8	f
783	2025-11-04	09:15:00	10:10:00	Docència	38	3	8	f
784	2025-11-04	10:30:00	11:30:00	Docència	41	5	8	f
785	2025-11-04	11:30:00	12:25:00	Docència	49	6	8	f
786	2025-11-04	08:15:00	09:15:00	Docència	28	2	4	f
787	2025-11-04	09:15:00	10:10:00	Docència	35	3	4	f
788	2025-11-04	10:30:00	11:30:00	Docència	46	5	4	f
789	2025-11-04	08:15:00	09:15:00	Docència	29	2	2	f
790	2025-11-04	09:15:00	10:10:00	Docència	40	3	2	f
791	2025-11-04	10:30:00	11:30:00	Docència	9	5	2	f
792	2025-11-04	11:30:00	12:25:00	Docència	50	6	2	f
793	2025-11-04	08:15:00	09:15:00	Docència	30	2	3	f
794	2025-11-04	09:15:00	10:10:00	Docència	36	3	3	f
795	2025-11-04	10:30:00	11:30:00	Docència	42	5	3	f
796	2025-11-04	11:30:00	12:25:00	Docència	53	6	3	f
797	2025-11-04	15:45:00	16:45:00	Docència	129	10	10	f
798	2025-11-04	16:45:00	17:45:00	Docència	130	11	10	f
799	2025-11-04	18:05:00	19:00:00	Docència	59	13	10	f
800	2025-11-04	19:00:00	19:55:00	Docència	137	14	10	f
801	2025-11-04	15:45:00	16:45:00	Docència	128	10	11	f
802	2025-11-04	16:45:00	17:45:00	Docència	41	11	11	f
803	2025-11-04	18:05:00	19:00:00	Docència	120	13	11	f
804	2025-11-04	19:00:00	19:55:00	Docència	54	14	11	f
805	2025-11-04	15:45:00	16:45:00	Docència	126	10	15	f
806	2025-11-04	16:45:00	17:45:00	Docència	131	11	15	f
807	2025-11-04	18:05:00	19:00:00	Docència	134	13	15	f
808	2025-11-04	15:45:00	16:45:00	Docència	127	10	13	f
809	2025-11-04	16:45:00	17:45:00	Docència	133	11	13	f
810	2025-11-04	19:00:00	19:55:00	Docència	109	14	13	f
811	2025-11-04	15:45:00	16:45:00	Docència	33	10	14	f
812	2025-11-04	18:05:00	19:00:00	Docència	4	13	14	f
813	2025-11-04	19:00:00	19:55:00	Docència	136	14	14	f
814	2025-11-04	16:45:00	17:45:00	Docència	132	11	12	f
815	2025-11-04	18:05:00	19:00:00	Docència	27	13	12	f
816	2025-11-04	19:00:00	19:55:00	Docència	135	14	12	f
817	2025-11-05	08:15:00	09:15:00	Docència	54	2	5	f
818	2025-11-05	09:15:00	10:10:00	Docència	61	3	5	f
819	2025-11-05	10:30:00	11:30:00	Docència	15	5	5	f
820	2025-11-05	11:30:00	12:25:00	Docència	73	6	5	f
821	2025-11-05	08:15:00	09:15:00	Docència	57	2	7	f
822	2025-11-05	09:15:00	10:10:00	Docència	62	3	7	f
823	2025-11-05	11:30:00	12:25:00	Docència	71	6	7	f
824	2025-11-05	08:15:00	09:15:00	Docència	19	2	9	f
825	2025-11-05	09:15:00	10:10:00	Docència	63	3	9	f
826	2025-11-05	10:30:00	11:30:00	Docència	69	5	9	f
827	2025-11-05	11:30:00	12:25:00	Docència	50	6	9	f
828	2025-11-05	08:15:00	09:15:00	Docència	48	2	6	f
829	2025-11-05	09:15:00	10:10:00	Docència	58	3	6	f
830	2025-11-05	10:30:00	11:30:00	Docència	65	5	6	f
831	2025-11-05	11:30:00	12:25:00	Docència	70	6	6	f
832	2025-11-05	09:15:00	10:10:00	Docència	59	3	8	f
833	2025-11-05	10:30:00	11:30:00	Docència	66	5	8	f
834	2025-11-05	11:30:00	12:25:00	Docència	46	6	8	f
835	2025-11-05	08:15:00	09:15:00	Docència	55	2	4	f
836	2025-11-05	09:15:00	10:10:00	Docència	64	3	4	f
837	2025-11-05	10:30:00	11:30:00	Docència	68	5	4	f
838	2025-11-05	08:15:00	09:15:00	Docència	58	2	2	f
839	2025-11-05	10:30:00	11:30:00	Docència	32	5	2	f
840	2025-11-05	11:30:00	12:25:00	Docència	72	6	2	f
841	2025-11-05	08:15:00	09:15:00	Docència	56	2	3	f
842	2025-11-05	09:15:00	10:10:00	Docència	60	3	3	f
843	2025-11-05	10:30:00	11:30:00	Docència	67	5	3	f
844	2025-11-05	11:30:00	12:25:00	Docència	20	6	3	f
845	2025-11-05	15:45:00	16:45:00	Docència	139	10	10	f
846	2025-11-05	16:45:00	17:45:00	Docència	88	11	10	f
847	2025-11-05	18:05:00	19:00:00	Docència	107	13	10	f
848	2025-11-05	15:45:00	16:45:00	Docència	6	10	11	f
849	2025-11-05	18:05:00	19:00:00	Docència	144	13	11	f
850	2025-11-05	19:00:00	19:55:00	Docència	146	14	11	f
851	2025-11-05	16:45:00	17:45:00	Docència	142	11	15	f
852	2025-11-05	19:00:00	19:55:00	Docència	126	14	15	f
853	2025-11-05	15:45:00	16:45:00	Docència	76	10	13	f
854	2025-11-05	16:45:00	17:45:00	Docència	143	11	13	f
855	2025-11-05	18:05:00	19:00:00	Docència	145	13	13	f
856	2025-11-05	19:00:00	19:55:00	Docència	147	14	13	f
857	2025-11-05	15:45:00	16:45:00	Docència	140	10	14	f
858	2025-11-05	16:45:00	17:45:00	Docència	13	11	14	f
859	2025-11-05	18:05:00	19:00:00	Docència	65	13	14	f
860	2025-11-05	19:00:00	19:55:00	Docència	3	14	14	f
861	2025-11-05	15:45:00	16:45:00	Docència	138	10	12	f
862	2025-11-05	16:45:00	17:45:00	Docència	141	11	12	f
863	2025-11-05	18:05:00	19:00:00	Docència	100	13	12	f
864	2025-11-05	19:00:00	19:55:00	Docència	42	14	12	f
865	2025-11-06	08:15:00	09:15:00	Docència	78	2	5	f
866	2025-11-06	09:15:00	10:10:00	Docència	82	3	5	f
867	2025-11-06	10:30:00	11:30:00	Docència	90	5	5	f
868	2025-11-06	11:30:00	12:25:00	Docència	2	6	5	f
869	2025-11-06	08:15:00	09:15:00	Docència	43	2	7	f
870	2025-11-06	10:30:00	11:30:00	Docència	88	5	7	f
871	2025-11-06	11:30:00	12:25:00	Docència	93	6	7	f
872	2025-11-06	08:15:00	09:15:00	Docència	76	2	9	f
873	2025-11-06	09:15:00	10:10:00	Docència	80	3	9	f
874	2025-11-06	10:30:00	11:30:00	Docència	87	5	9	f
875	2025-11-06	08:15:00	09:15:00	Docència	77	2	6	f
876	2025-11-06	09:15:00	10:10:00	Docència	83	3	6	f
877	2025-11-06	10:30:00	11:30:00	Docència	3	5	6	f
878	2025-11-06	11:30:00	12:25:00	Docència	94	6	6	f
879	2025-11-06	08:15:00	09:15:00	Docència	74	2	8	f
880	2025-11-06	09:15:00	10:10:00	Docència	81	3	8	f
881	2025-11-06	10:30:00	11:30:00	Docència	86	5	8	f
882	2025-11-06	11:30:00	12:25:00	Docència	92	6	8	f
883	2025-11-06	09:15:00	10:10:00	Docència	69	3	4	f
884	2025-11-06	10:30:00	11:30:00	Docència	89	5	4	f
885	2025-11-06	11:30:00	12:25:00	Docència	2	6	4	f
886	2025-11-06	08:15:00	09:15:00	Docència	75	2	2	f
887	2025-11-06	09:15:00	10:10:00	Docència	84	3	2	f
888	2025-11-06	10:30:00	11:30:00	Docència	54	5	2	f
889	2025-11-06	11:30:00	12:25:00	Docència	91	6	2	f
890	2025-11-06	08:15:00	09:15:00	Docència	79	2	3	f
891	2025-11-06	09:15:00	10:10:00	Docència	85	3	3	f
892	2025-11-06	11:30:00	12:25:00	Docència	49	6	3	f
893	2025-11-06	15:45:00	16:45:00	Docència	149	10	10	f
894	2025-11-06	16:45:00	17:45:00	Docència	154	11	10	f
895	2025-11-06	18:05:00	19:00:00	Docència	57	13	10	f
896	2025-11-06	19:00:00	19:55:00	Docència	85	14	10	f
897	2025-11-06	15:45:00	16:45:00	Docència	150	10	11	f
898	2025-11-06	16:45:00	17:45:00	Docència	152	11	11	f
899	2025-11-06	19:00:00	19:55:00	Docència	81	14	11	f
900	2025-11-06	15:45:00	16:45:00	Docència	151	10	15	f
901	2025-11-06	16:45:00	17:45:00	Docència	114	11	15	f
902	2025-11-06	18:05:00	19:00:00	Docència	13	13	15	f
903	2025-11-06	15:45:00	16:45:00	Docència	148	10	13	f
904	2025-11-06	18:05:00	19:00:00	Docència	145	13	13	f
905	2025-11-06	19:00:00	19:55:00	Docència	119	14	13	f
906	2025-11-06	15:45:00	16:45:00	Docència	128	10	14	f
907	2025-11-06	16:45:00	17:45:00	Docència	153	11	14	f
908	2025-11-06	18:05:00	19:00:00	Docència	135	13	14	f
909	2025-11-06	19:00:00	19:55:00	Docència	31	14	14	f
910	2025-11-06	16:45:00	17:45:00	Docència	94	11	12	f
911	2025-11-06	18:05:00	19:00:00	Docència	155	13	12	f
912	2025-11-06	19:00:00	19:55:00	Docència	131	14	12	f
913	2025-11-07	08:15:00	09:15:00	Docència	56	2	5	f
914	2025-11-07	10:30:00	11:30:00	Docència	21	5	5	f
915	2025-11-07	11:30:00	12:25:00	Docència	109	6	5	f
916	2025-11-07	09:15:00	10:10:00	Docència	14	3	7	f
917	2025-11-07	10:30:00	11:30:00	Docència	107	5	7	f
918	2025-11-07	11:30:00	12:25:00	Docència	110	6	7	f
919	2025-11-07	08:15:00	09:15:00	Docència	97	2	9	f
920	2025-11-07	09:15:00	10:10:00	Docència	101	3	9	f
921	2025-11-07	10:30:00	11:30:00	Docència	105	5	9	f
922	2025-11-07	11:30:00	12:25:00	Docència	108	6	9	f
923	2025-11-07	08:15:00	09:15:00	Docència	95	2	6	f
924	2025-11-07	09:15:00	10:10:00	Docència	45	3	6	f
925	2025-11-07	10:30:00	11:30:00	Docència	42	5	6	f
926	2025-11-07	11:30:00	12:25:00	Docència	111	6	6	f
927	2025-11-07	08:15:00	09:15:00	Docència	58	2	8	f
928	2025-11-07	09:15:00	10:10:00	Docència	98	3	8	f
929	2025-11-07	10:30:00	11:30:00	Docència	103	5	8	f
930	2025-11-07	11:30:00	12:25:00	Docència	112	6	8	f
931	2025-11-07	08:15:00	09:15:00	Docència	66	2	4	f
932	2025-11-07	09:15:00	10:10:00	Docència	100	3	4	f
933	2025-11-07	10:30:00	11:30:00	Docència	104	5	4	f
934	2025-11-07	11:30:00	12:25:00	Docència	1	6	4	f
935	2025-11-07	08:15:00	09:15:00	Docència	54	2	2	f
936	2025-11-07	09:15:00	10:10:00	Docència	99	3	2	f
937	2025-11-07	08:15:00	09:15:00	Docència	96	2	3	f
938	2025-11-07	09:15:00	10:10:00	Docència	102	3	3	f
939	2025-11-07	10:30:00	11:30:00	Docència	106	5	3	f
940	2025-11-07	11:30:00	12:25:00	Docència	59	6	3	f
941	2025-11-07	15:45:00	16:45:00	Docència	156	10	10	f
942	2025-11-07	16:45:00	17:45:00	Docència	158	11	10	f
943	2025-11-07	15:45:00	16:45:00	Docència	157	10	11	f
944	2025-11-07	16:45:00	17:45:00	Docència	159	11	11	f
945	2025-11-07	18:05:00	19:00:00	Docència	73	13	11	f
946	2025-11-07	19:00:00	19:55:00	Docència	3	14	11	f
947	2025-11-07	15:45:00	16:45:00	Docència	55	10	15	f
948	2025-11-07	16:45:00	17:45:00	Docència	161	11	15	f
949	2025-11-07	18:05:00	19:00:00	Docència	162	13	15	f
950	2025-11-07	19:00:00	19:55:00	Docència	165	14	15	f
951	2025-11-07	15:45:00	16:45:00	Docència	50	10	13	f
952	2025-11-07	18:05:00	19:00:00	Docència	124	13	13	f
953	2025-11-07	19:00:00	19:55:00	Docència	24	14	13	f
954	2025-11-07	15:45:00	16:45:00	Docència	28	10	14	f
955	2025-11-07	16:45:00	17:45:00	Docència	160	11	14	f
956	2025-11-07	18:05:00	19:00:00	Docència	164	13	14	f
957	2025-11-07	19:00:00	19:55:00	Docència	166	14	14	f
958	2025-11-07	16:45:00	17:45:00	Docència	120	11	12	f
959	2025-11-07	18:05:00	19:00:00	Docència	163	13	12	f
960	2025-11-07	19:00:00	19:55:00	Docència	136	14	12	f
961	2025-11-10	08:15:00	09:15:00	Docència	4	2	5	f
962	2025-11-10	09:15:00	10:10:00	Docència	10	3	5	f
963	2025-11-10	10:30:00	11:30:00	Docència	16	5	5	f
964	2025-11-10	11:30:00	12:25:00	Docència	26	6	5	f
965	2025-11-10	08:15:00	09:15:00	Docència	6	2	7	f
966	2025-11-10	09:15:00	10:10:00	Docència	12	3	7	f
967	2025-11-10	10:30:00	11:30:00	Docència	19	5	7	f
968	2025-11-10	11:30:00	12:25:00	Docència	24	6	7	f
969	2025-11-10	09:15:00	10:10:00	Docència	9	3	9	f
970	2025-11-10	10:30:00	11:30:00	Docència	17	5	9	f
971	2025-11-10	11:30:00	12:25:00	Docència	21	6	9	f
972	2025-11-10	08:15:00	09:15:00	Docència	5	2	6	f
973	2025-11-10	09:15:00	10:10:00	Docència	11	3	6	f
974	2025-11-10	10:30:00	11:30:00	Docència	14	5	6	f
975	2025-11-10	08:15:00	09:15:00	Docència	7	2	8	f
976	2025-11-10	09:15:00	10:10:00	Docència	13	3	8	f
977	2025-11-10	10:30:00	11:30:00	Docència	15	5	8	f
978	2025-11-10	11:30:00	12:25:00	Docència	20	6	8	f
979	2025-11-10	08:15:00	09:15:00	Docència	3	2	4	f
980	2025-11-10	09:15:00	10:10:00	Docència	10	3	4	f
981	2025-11-10	11:30:00	12:25:00	Docència	25	6	4	f
982	2025-11-10	08:15:00	09:15:00	Docència	1	2	2	f
983	2025-11-10	09:15:00	10:10:00	Docència	8	3	2	f
984	2025-11-10	10:30:00	11:30:00	Docència	18	5	2	f
985	2025-11-10	11:30:00	12:25:00	Docència	22	6	2	f
986	2025-11-10	08:15:00	09:15:00	Docència	2	2	3	f
987	2025-11-10	10:30:00	11:30:00	Docència	7	5	3	f
988	2025-11-10	11:30:00	12:25:00	Docència	23	6	3	f
989	2025-11-10	15:45:00	16:45:00	Docència	113	10	10	f
990	2025-11-10	16:45:00	17:45:00	Docència	117	11	10	f
991	2025-11-10	18:05:00	19:00:00	Docència	120	13	10	f
992	2025-11-10	19:00:00	19:55:00	Docència	124	14	10	f
993	2025-11-10	15:45:00	16:45:00	Docència	114	10	11	f
994	2025-11-10	16:45:00	17:45:00	Docència	116	11	11	f
995	2025-11-10	18:05:00	19:00:00	Docència	119	13	11	f
996	2025-11-10	19:00:00	19:55:00	Docència	125	14	11	f
997	2025-11-10	16:45:00	17:45:00	Docència	118	11	15	f
998	2025-11-10	18:05:00	19:00:00	Docència	122	13	15	f
999	2025-11-10	15:45:00	16:45:00	Docència	58	10	13	f
1000	2025-11-10	16:45:00	17:45:00	Docència	42	11	13	f
1001	2025-11-10	18:05:00	19:00:00	Docència	121	13	13	f
1002	2025-11-10	19:00:00	19:55:00	Docència	40	14	13	f
1003	2025-11-10	15:45:00	16:45:00	Docència	41	10	14	f
1004	2025-11-10	18:05:00	19:00:00	Docència	9	13	14	f
1005	2025-11-10	19:00:00	19:55:00	Docència	123	14	14	f
1006	2025-11-10	15:45:00	16:45:00	Docència	115	10	12	f
1007	2025-11-10	16:45:00	17:45:00	Docència	50	11	12	f
1008	2025-11-10	19:00:00	19:55:00	Docència	70	14	12	f
1009	2025-11-11	08:15:00	09:15:00	Docència	27	2	5	f
1010	2025-11-11	09:15:00	10:10:00	Docència	39	3	5	f
1011	2025-11-11	11:30:00	12:25:00	Docència	47	6	5	f
1012	2025-11-11	08:15:00	09:15:00	Docència	31	2	7	f
1013	2025-11-11	10:30:00	11:30:00	Docència	44	5	7	f
1014	2025-11-11	11:30:00	12:25:00	Docència	48	6	7	f
1015	2025-11-11	08:15:00	09:15:00	Docència	33	2	9	f
1016	2025-11-11	09:15:00	10:10:00	Docència	34	3	9	f
1017	2025-11-11	10:30:00	11:30:00	Docència	43	5	9	f
1018	2025-11-11	11:30:00	12:25:00	Docència	51	6	9	f
1019	2025-11-11	09:15:00	10:10:00	Docència	37	3	6	f
1020	2025-11-11	10:30:00	11:30:00	Docència	45	5	6	f
1021	2025-11-11	11:30:00	12:25:00	Docència	52	6	6	f
1022	2025-11-11	08:15:00	09:15:00	Docència	32	2	8	f
1023	2025-11-11	09:15:00	10:10:00	Docència	38	3	8	f
1024	2025-11-11	10:30:00	11:30:00	Docència	41	5	8	f
1025	2025-11-11	11:30:00	12:25:00	Docència	49	6	8	f
1026	2025-11-11	08:15:00	09:15:00	Docència	28	2	4	f
1027	2025-11-11	09:15:00	10:10:00	Docència	35	3	4	f
1028	2025-11-11	10:30:00	11:30:00	Docència	46	5	4	f
1029	2025-11-11	08:15:00	09:15:00	Docència	29	2	2	f
1030	2025-11-11	09:15:00	10:10:00	Docència	40	3	2	f
1031	2025-11-11	10:30:00	11:30:00	Docència	9	5	2	f
1032	2025-11-11	11:30:00	12:25:00	Docència	50	6	2	f
1033	2025-11-11	08:15:00	09:15:00	Docència	30	2	3	f
1034	2025-11-11	09:15:00	10:10:00	Docència	36	3	3	f
1035	2025-11-11	10:30:00	11:30:00	Docència	42	5	3	f
1036	2025-11-11	11:30:00	12:25:00	Docència	53	6	3	f
1037	2025-11-11	15:45:00	16:45:00	Docència	129	10	10	f
1038	2025-11-11	16:45:00	17:45:00	Docència	130	11	10	f
1039	2025-11-11	18:05:00	19:00:00	Docència	59	13	10	f
1040	2025-11-11	19:00:00	19:55:00	Docència	137	14	10	f
1041	2025-11-11	15:45:00	16:45:00	Docència	128	10	11	f
1042	2025-11-11	16:45:00	17:45:00	Docència	41	11	11	f
1043	2025-11-11	18:05:00	19:00:00	Docència	120	13	11	f
1044	2025-11-11	19:00:00	19:55:00	Docència	54	14	11	f
1045	2025-11-11	15:45:00	16:45:00	Docència	126	10	15	f
1046	2025-11-11	16:45:00	17:45:00	Docència	131	11	15	f
1047	2025-11-11	18:05:00	19:00:00	Docència	134	13	15	f
1048	2025-11-11	15:45:00	16:45:00	Docència	127	10	13	f
1049	2025-11-11	16:45:00	17:45:00	Docència	133	11	13	f
1050	2025-11-11	19:00:00	19:55:00	Docència	109	14	13	f
1051	2025-11-11	15:45:00	16:45:00	Docència	33	10	14	f
1052	2025-11-11	18:05:00	19:00:00	Docència	4	13	14	f
1053	2025-11-11	19:00:00	19:55:00	Docència	136	14	14	f
1054	2025-11-11	16:45:00	17:45:00	Docència	132	11	12	f
1055	2025-11-11	18:05:00	19:00:00	Docència	27	13	12	f
1056	2025-11-11	19:00:00	19:55:00	Docència	135	14	12	f
1057	2025-11-12	08:15:00	09:15:00	Docència	54	2	5	f
1058	2025-11-12	09:15:00	10:10:00	Docència	61	3	5	f
1059	2025-11-12	10:30:00	11:30:00	Docència	15	5	5	f
1060	2025-11-12	11:30:00	12:25:00	Docència	73	6	5	f
1061	2025-11-12	08:15:00	09:15:00	Docència	57	2	7	f
1062	2025-11-12	09:15:00	10:10:00	Docència	62	3	7	f
1063	2025-11-12	11:30:00	12:25:00	Docència	71	6	7	f
1064	2025-11-12	08:15:00	09:15:00	Docència	19	2	9	f
1065	2025-11-12	09:15:00	10:10:00	Docència	63	3	9	f
1066	2025-11-12	10:30:00	11:30:00	Docència	69	5	9	f
1067	2025-11-12	11:30:00	12:25:00	Docència	50	6	9	f
1068	2025-11-12	08:15:00	09:15:00	Docència	48	2	6	f
1069	2025-11-12	09:15:00	10:10:00	Docència	58	3	6	f
1070	2025-11-12	10:30:00	11:30:00	Docència	65	5	6	f
1071	2025-11-12	11:30:00	12:25:00	Docència	70	6	6	f
1072	2025-11-12	09:15:00	10:10:00	Docència	59	3	8	f
1073	2025-11-12	10:30:00	11:30:00	Docència	66	5	8	f
1074	2025-11-12	11:30:00	12:25:00	Docència	46	6	8	f
1075	2025-11-12	08:15:00	09:15:00	Docència	55	2	4	f
1076	2025-11-12	09:15:00	10:10:00	Docència	64	3	4	f
1077	2025-11-12	10:30:00	11:30:00	Docència	68	5	4	f
1078	2025-11-12	08:15:00	09:15:00	Docència	58	2	2	f
1079	2025-11-12	10:30:00	11:30:00	Docència	32	5	2	f
1080	2025-11-12	11:30:00	12:25:00	Docència	72	6	2	f
1081	2025-11-12	08:15:00	09:15:00	Docència	56	2	3	f
1082	2025-11-12	09:15:00	10:10:00	Docència	60	3	3	f
1083	2025-11-12	10:30:00	11:30:00	Docència	67	5	3	f
1084	2025-11-12	11:30:00	12:25:00	Docència	20	6	3	f
1085	2025-11-12	15:45:00	16:45:00	Docència	139	10	10	f
1086	2025-11-12	16:45:00	17:45:00	Docència	88	11	10	f
1087	2025-11-12	18:05:00	19:00:00	Docència	107	13	10	f
1088	2025-11-12	15:45:00	16:45:00	Docència	6	10	11	f
1089	2025-11-12	18:05:00	19:00:00	Docència	144	13	11	f
1090	2025-11-12	19:00:00	19:55:00	Docència	146	14	11	f
1091	2025-11-12	16:45:00	17:45:00	Docència	142	11	15	f
1092	2025-11-12	19:00:00	19:55:00	Docència	126	14	15	f
1093	2025-11-12	15:45:00	16:45:00	Docència	76	10	13	f
1094	2025-11-12	16:45:00	17:45:00	Docència	143	11	13	f
1095	2025-11-12	18:05:00	19:00:00	Docència	145	13	13	f
1096	2025-11-12	19:00:00	19:55:00	Docència	147	14	13	f
1097	2025-11-12	15:45:00	16:45:00	Docència	140	10	14	f
1098	2025-11-12	16:45:00	17:45:00	Docència	13	11	14	f
1099	2025-11-12	18:05:00	19:00:00	Docència	65	13	14	f
1100	2025-11-12	19:00:00	19:55:00	Docència	3	14	14	f
1101	2025-11-12	15:45:00	16:45:00	Docència	138	10	12	f
1102	2025-11-12	16:45:00	17:45:00	Docència	141	11	12	f
1103	2025-11-12	18:05:00	19:00:00	Docència	100	13	12	f
1104	2025-11-12	19:00:00	19:55:00	Docència	42	14	12	f
1105	2025-11-13	08:15:00	09:15:00	Docència	78	2	5	f
1106	2025-11-13	09:15:00	10:10:00	Docència	82	3	5	f
1107	2025-11-13	10:30:00	11:30:00	Docència	90	5	5	f
1108	2025-11-13	11:30:00	12:25:00	Docència	2	6	5	f
1109	2025-11-13	08:15:00	09:15:00	Docència	43	2	7	f
1110	2025-11-13	10:30:00	11:30:00	Docència	88	5	7	f
1111	2025-11-13	11:30:00	12:25:00	Docència	93	6	7	f
1112	2025-11-13	08:15:00	09:15:00	Docència	76	2	9	f
1113	2025-11-13	09:15:00	10:10:00	Docència	80	3	9	f
1114	2025-11-13	10:30:00	11:30:00	Docència	87	5	9	f
1115	2025-11-13	08:15:00	09:15:00	Docència	77	2	6	f
1116	2025-11-13	09:15:00	10:10:00	Docència	83	3	6	f
1117	2025-11-13	10:30:00	11:30:00	Docència	3	5	6	f
1118	2025-11-13	11:30:00	12:25:00	Docència	94	6	6	f
1119	2025-11-13	08:15:00	09:15:00	Docència	74	2	8	f
1120	2025-11-13	09:15:00	10:10:00	Docència	81	3	8	f
1121	2025-11-13	10:30:00	11:30:00	Docència	86	5	8	f
1122	2025-11-13	11:30:00	12:25:00	Docència	92	6	8	f
1123	2025-11-13	09:15:00	10:10:00	Docència	69	3	4	f
1124	2025-11-13	10:30:00	11:30:00	Docència	89	5	4	f
1125	2025-11-13	11:30:00	12:25:00	Docència	2	6	4	f
1126	2025-11-13	08:15:00	09:15:00	Docència	75	2	2	f
1127	2025-11-13	09:15:00	10:10:00	Docència	84	3	2	f
1128	2025-11-13	10:30:00	11:30:00	Docència	54	5	2	f
1129	2025-11-13	11:30:00	12:25:00	Docència	91	6	2	f
1130	2025-11-13	08:15:00	09:15:00	Docència	79	2	3	f
1131	2025-11-13	09:15:00	10:10:00	Docència	85	3	3	f
1132	2025-11-13	11:30:00	12:25:00	Docència	49	6	3	f
1133	2025-11-13	15:45:00	16:45:00	Docència	149	10	10	f
1134	2025-11-13	16:45:00	17:45:00	Docència	154	11	10	f
1135	2025-11-13	18:05:00	19:00:00	Docència	57	13	10	f
1136	2025-11-13	19:00:00	19:55:00	Docència	85	14	10	f
1137	2025-11-13	15:45:00	16:45:00	Docència	150	10	11	f
1138	2025-11-13	16:45:00	17:45:00	Docència	152	11	11	f
1139	2025-11-13	19:00:00	19:55:00	Docència	81	14	11	f
1140	2025-11-13	15:45:00	16:45:00	Docència	151	10	15	f
1141	2025-11-13	16:45:00	17:45:00	Docència	114	11	15	f
1142	2025-11-13	18:05:00	19:00:00	Docència	13	13	15	f
1143	2025-11-13	15:45:00	16:45:00	Docència	148	10	13	f
1144	2025-11-13	18:05:00	19:00:00	Docència	145	13	13	f
1145	2025-11-13	19:00:00	19:55:00	Docència	119	14	13	f
1146	2025-11-13	15:45:00	16:45:00	Docència	128	10	14	f
1147	2025-11-13	16:45:00	17:45:00	Docència	153	11	14	f
1148	2025-11-13	18:05:00	19:00:00	Docència	135	13	14	f
1149	2025-11-13	19:00:00	19:55:00	Docència	31	14	14	f
1150	2025-11-13	16:45:00	17:45:00	Docència	94	11	12	f
1151	2025-11-13	18:05:00	19:00:00	Docència	155	13	12	f
1152	2025-11-13	19:00:00	19:55:00	Docència	131	14	12	f
1153	2025-11-14	08:15:00	09:15:00	Docència	56	2	5	f
1154	2025-11-14	10:30:00	11:30:00	Docència	21	5	5	f
1155	2025-11-14	11:30:00	12:25:00	Docència	109	6	5	f
1156	2025-11-14	09:15:00	10:10:00	Docència	14	3	7	f
1157	2025-11-14	10:30:00	11:30:00	Docència	107	5	7	f
1158	2025-11-14	11:30:00	12:25:00	Docència	110	6	7	f
1159	2025-11-14	08:15:00	09:15:00	Docència	97	2	9	f
1160	2025-11-14	09:15:00	10:10:00	Docència	101	3	9	f
1161	2025-11-14	10:30:00	11:30:00	Docència	105	5	9	f
1162	2025-11-14	11:30:00	12:25:00	Docència	108	6	9	f
1163	2025-11-14	08:15:00	09:15:00	Docència	95	2	6	f
1164	2025-11-14	09:15:00	10:10:00	Docència	45	3	6	f
1165	2025-11-14	10:30:00	11:30:00	Docència	42	5	6	f
1166	2025-11-14	11:30:00	12:25:00	Docència	111	6	6	f
1167	2025-11-14	08:15:00	09:15:00	Docència	58	2	8	f
1168	2025-11-14	09:15:00	10:10:00	Docència	98	3	8	f
1169	2025-11-14	10:30:00	11:30:00	Docència	103	5	8	f
1170	2025-11-14	11:30:00	12:25:00	Docència	112	6	8	f
1171	2025-11-14	08:15:00	09:15:00	Docència	66	2	4	f
1172	2025-11-14	09:15:00	10:10:00	Docència	100	3	4	f
1173	2025-11-14	10:30:00	11:30:00	Docència	104	5	4	f
1174	2025-11-14	11:30:00	12:25:00	Docència	1	6	4	f
1175	2025-11-14	08:15:00	09:15:00	Docència	54	2	2	f
1176	2025-11-14	09:15:00	10:10:00	Docència	99	3	2	f
1177	2025-11-14	08:15:00	09:15:00	Docència	96	2	3	f
1178	2025-11-14	09:15:00	10:10:00	Docència	102	3	3	f
1179	2025-11-14	10:30:00	11:30:00	Docència	106	5	3	f
1180	2025-11-14	11:30:00	12:25:00	Docència	59	6	3	f
1181	2025-11-14	15:45:00	16:45:00	Docència	156	10	10	f
1182	2025-11-14	16:45:00	17:45:00	Docència	158	11	10	f
1183	2025-11-14	15:45:00	16:45:00	Docència	157	10	11	f
1184	2025-11-14	16:45:00	17:45:00	Docència	159	11	11	f
1185	2025-11-14	18:05:00	19:00:00	Docència	73	13	11	f
1186	2025-11-14	19:00:00	19:55:00	Docència	3	14	11	f
1187	2025-11-14	15:45:00	16:45:00	Docència	55	10	15	f
1188	2025-11-14	16:45:00	17:45:00	Docència	161	11	15	f
1189	2025-11-14	18:05:00	19:00:00	Docència	162	13	15	f
1190	2025-11-14	19:00:00	19:55:00	Docència	165	14	15	f
1191	2025-11-14	15:45:00	16:45:00	Docència	50	10	13	f
1192	2025-11-14	18:05:00	19:00:00	Docència	124	13	13	f
1193	2025-11-14	19:00:00	19:55:00	Docència	24	14	13	f
1194	2025-11-14	15:45:00	16:45:00	Docència	28	10	14	f
1195	2025-11-14	16:45:00	17:45:00	Docència	160	11	14	f
1196	2025-11-14	18:05:00	19:00:00	Docència	164	13	14	f
1197	2025-11-14	19:00:00	19:55:00	Docència	166	14	14	f
1198	2025-11-14	16:45:00	17:45:00	Docència	120	11	12	f
1199	2025-11-14	18:05:00	19:00:00	Docència	163	13	12	f
1200	2025-11-14	19:00:00	19:55:00	Docència	136	14	12	f
1201	2025-11-17	08:15:00	09:15:00	Docència	4	2	5	f
1202	2025-11-17	09:15:00	10:10:00	Docència	10	3	5	f
1203	2025-11-17	10:30:00	11:30:00	Docència	16	5	5	f
1204	2025-11-17	11:30:00	12:25:00	Docència	26	6	5	f
1205	2025-11-17	08:15:00	09:15:00	Docència	6	2	7	f
1206	2025-11-17	09:15:00	10:10:00	Docència	12	3	7	f
1207	2025-11-17	10:30:00	11:30:00	Docència	19	5	7	f
1208	2025-11-17	11:30:00	12:25:00	Docència	24	6	7	f
1209	2025-11-17	09:15:00	10:10:00	Docència	9	3	9	f
1210	2025-11-17	10:30:00	11:30:00	Docència	17	5	9	f
1211	2025-11-17	11:30:00	12:25:00	Docència	21	6	9	f
1212	2025-11-17	08:15:00	09:15:00	Docència	5	2	6	f
1213	2025-11-17	09:15:00	10:10:00	Docència	11	3	6	f
1214	2025-11-17	10:30:00	11:30:00	Docència	14	5	6	f
1215	2025-11-17	08:15:00	09:15:00	Docència	7	2	8	f
1216	2025-11-17	09:15:00	10:10:00	Docència	13	3	8	f
1217	2025-11-17	10:30:00	11:30:00	Docència	15	5	8	f
1218	2025-11-17	11:30:00	12:25:00	Docència	20	6	8	f
1219	2025-11-17	08:15:00	09:15:00	Docència	3	2	4	f
1220	2025-11-17	09:15:00	10:10:00	Docència	10	3	4	f
1221	2025-11-17	11:30:00	12:25:00	Docència	25	6	4	f
1222	2025-11-17	08:15:00	09:15:00	Docència	1	2	2	f
1223	2025-11-17	09:15:00	10:10:00	Docència	8	3	2	f
1224	2025-11-17	10:30:00	11:30:00	Docència	18	5	2	f
1225	2025-11-17	11:30:00	12:25:00	Docència	22	6	2	f
1226	2025-11-17	08:15:00	09:15:00	Docència	2	2	3	f
1227	2025-11-17	10:30:00	11:30:00	Docència	7	5	3	f
1228	2025-11-17	11:30:00	12:25:00	Docència	23	6	3	f
1229	2025-11-17	15:45:00	16:45:00	Docència	113	10	10	f
1230	2025-11-17	16:45:00	17:45:00	Docència	117	11	10	f
1231	2025-11-17	18:05:00	19:00:00	Docència	120	13	10	f
1232	2025-11-17	19:00:00	19:55:00	Docència	124	14	10	f
1233	2025-11-17	15:45:00	16:45:00	Docència	114	10	11	f
1234	2025-11-17	16:45:00	17:45:00	Docència	116	11	11	f
1235	2025-11-17	18:05:00	19:00:00	Docència	119	13	11	f
1236	2025-11-17	19:00:00	19:55:00	Docència	125	14	11	f
1237	2025-11-17	16:45:00	17:45:00	Docència	118	11	15	f
1238	2025-11-17	18:05:00	19:00:00	Docència	122	13	15	f
1239	2025-11-17	15:45:00	16:45:00	Docència	58	10	13	f
1240	2025-11-17	16:45:00	17:45:00	Docència	42	11	13	f
1241	2025-11-17	18:05:00	19:00:00	Docència	121	13	13	f
1242	2025-11-17	19:00:00	19:55:00	Docència	40	14	13	f
1243	2025-11-17	15:45:00	16:45:00	Docència	41	10	14	f
1244	2025-11-17	18:05:00	19:00:00	Docència	9	13	14	f
1245	2025-11-17	19:00:00	19:55:00	Docència	123	14	14	f
1246	2025-11-17	15:45:00	16:45:00	Docència	115	10	12	f
1247	2025-11-17	16:45:00	17:45:00	Docència	50	11	12	f
1248	2025-11-17	19:00:00	19:55:00	Docència	70	14	12	f
1249	2025-11-18	08:15:00	09:15:00	Docència	27	2	5	f
1250	2025-11-18	09:15:00	10:10:00	Docència	39	3	5	f
1251	2025-11-18	11:30:00	12:25:00	Docència	47	6	5	f
1252	2025-11-18	08:15:00	09:15:00	Docència	31	2	7	f
1253	2025-11-18	10:30:00	11:30:00	Docència	44	5	7	f
1254	2025-11-18	11:30:00	12:25:00	Docència	48	6	7	f
1255	2025-11-18	08:15:00	09:15:00	Docència	33	2	9	f
1256	2025-11-18	09:15:00	10:10:00	Docència	34	3	9	f
1257	2025-11-18	10:30:00	11:30:00	Docència	43	5	9	f
1258	2025-11-18	11:30:00	12:25:00	Docència	51	6	9	f
1259	2025-11-18	09:15:00	10:10:00	Docència	37	3	6	f
1260	2025-11-18	10:30:00	11:30:00	Docència	45	5	6	f
1261	2025-11-18	11:30:00	12:25:00	Docència	52	6	6	f
1262	2025-11-18	08:15:00	09:15:00	Docència	32	2	8	f
1263	2025-11-18	09:15:00	10:10:00	Docència	38	3	8	f
1264	2025-11-18	10:30:00	11:30:00	Docència	41	5	8	f
1265	2025-11-18	11:30:00	12:25:00	Docència	49	6	8	f
1266	2025-11-18	08:15:00	09:15:00	Docència	28	2	4	f
1267	2025-11-18	09:15:00	10:10:00	Docència	35	3	4	f
1268	2025-11-18	10:30:00	11:30:00	Docència	46	5	4	f
1269	2025-11-18	08:15:00	09:15:00	Docència	29	2	2	f
1270	2025-11-18	09:15:00	10:10:00	Docència	40	3	2	f
1271	2025-11-18	10:30:00	11:30:00	Docència	9	5	2	f
1272	2025-11-18	11:30:00	12:25:00	Docència	50	6	2	f
1273	2025-11-18	08:15:00	09:15:00	Docència	30	2	3	f
1274	2025-11-18	09:15:00	10:10:00	Docència	36	3	3	f
1275	2025-11-18	10:30:00	11:30:00	Docència	42	5	3	f
1276	2025-11-18	11:30:00	12:25:00	Docència	53	6	3	f
1277	2025-11-18	15:45:00	16:45:00	Docència	129	10	10	f
1278	2025-11-18	16:45:00	17:45:00	Docència	130	11	10	f
1279	2025-11-18	18:05:00	19:00:00	Docència	59	13	10	f
1280	2025-11-18	19:00:00	19:55:00	Docència	137	14	10	f
1281	2025-11-18	15:45:00	16:45:00	Docència	128	10	11	f
1282	2025-11-18	16:45:00	17:45:00	Docència	41	11	11	f
1283	2025-11-18	18:05:00	19:00:00	Docència	120	13	11	f
1284	2025-11-18	19:00:00	19:55:00	Docència	54	14	11	f
1285	2025-11-18	15:45:00	16:45:00	Docència	126	10	15	f
1286	2025-11-18	16:45:00	17:45:00	Docència	131	11	15	f
1287	2025-11-18	18:05:00	19:00:00	Docència	134	13	15	f
1288	2025-11-18	15:45:00	16:45:00	Docència	127	10	13	f
1289	2025-11-18	16:45:00	17:45:00	Docència	133	11	13	f
1290	2025-11-18	19:00:00	19:55:00	Docència	109	14	13	f
1291	2025-11-18	15:45:00	16:45:00	Docència	33	10	14	f
1292	2025-11-18	18:05:00	19:00:00	Docència	4	13	14	f
1293	2025-11-18	19:00:00	19:55:00	Docència	136	14	14	f
1294	2025-11-18	16:45:00	17:45:00	Docència	132	11	12	f
1295	2025-11-18	18:05:00	19:00:00	Docència	27	13	12	f
1296	2025-11-18	19:00:00	19:55:00	Docència	135	14	12	f
1297	2025-11-19	08:15:00	09:15:00	Docència	54	2	5	f
1298	2025-11-19	09:15:00	10:10:00	Docència	61	3	5	f
1299	2025-11-19	10:30:00	11:30:00	Docència	15	5	5	f
1300	2025-11-19	11:30:00	12:25:00	Docència	73	6	5	f
1301	2025-11-19	08:15:00	09:15:00	Docència	57	2	7	f
1302	2025-11-19	09:15:00	10:10:00	Docència	62	3	7	f
1303	2025-11-19	11:30:00	12:25:00	Docència	71	6	7	f
1304	2025-11-19	08:15:00	09:15:00	Docència	19	2	9	f
1305	2025-11-19	09:15:00	10:10:00	Docència	63	3	9	f
1306	2025-11-19	10:30:00	11:30:00	Docència	69	5	9	f
1307	2025-11-19	11:30:00	12:25:00	Docència	50	6	9	f
1308	2025-11-19	08:15:00	09:15:00	Docència	48	2	6	f
1309	2025-11-19	09:15:00	10:10:00	Docència	58	3	6	f
1310	2025-11-19	10:30:00	11:30:00	Docència	65	5	6	f
1311	2025-11-19	11:30:00	12:25:00	Docència	70	6	6	f
1312	2025-11-19	09:15:00	10:10:00	Docència	59	3	8	f
1313	2025-11-19	10:30:00	11:30:00	Docència	66	5	8	f
1314	2025-11-19	11:30:00	12:25:00	Docència	46	6	8	f
1315	2025-11-19	08:15:00	09:15:00	Docència	55	2	4	f
1316	2025-11-19	09:15:00	10:10:00	Docència	64	3	4	f
1317	2025-11-19	10:30:00	11:30:00	Docència	68	5	4	f
1318	2025-11-19	08:15:00	09:15:00	Docència	58	2	2	f
1319	2025-11-19	10:30:00	11:30:00	Docència	32	5	2	f
1320	2025-11-19	11:30:00	12:25:00	Docència	72	6	2	f
1321	2025-11-19	08:15:00	09:15:00	Docència	56	2	3	f
1322	2025-11-19	09:15:00	10:10:00	Docència	60	3	3	f
1323	2025-11-19	10:30:00	11:30:00	Docència	67	5	3	f
1324	2025-11-19	11:30:00	12:25:00	Docència	20	6	3	f
1325	2025-11-19	15:45:00	16:45:00	Docència	139	10	10	f
1326	2025-11-19	16:45:00	17:45:00	Docència	88	11	10	f
1327	2025-11-19	18:05:00	19:00:00	Docència	107	13	10	f
1328	2025-11-19	15:45:00	16:45:00	Docència	6	10	11	f
1329	2025-11-19	18:05:00	19:00:00	Docència	144	13	11	f
1330	2025-11-19	19:00:00	19:55:00	Docència	146	14	11	f
1331	2025-11-19	16:45:00	17:45:00	Docència	142	11	15	f
1332	2025-11-19	19:00:00	19:55:00	Docència	126	14	15	f
1333	2025-11-19	15:45:00	16:45:00	Docència	76	10	13	f
1334	2025-11-19	16:45:00	17:45:00	Docència	143	11	13	f
1335	2025-11-19	18:05:00	19:00:00	Docència	145	13	13	f
1336	2025-11-19	19:00:00	19:55:00	Docència	147	14	13	f
1337	2025-11-19	15:45:00	16:45:00	Docència	140	10	14	f
1338	2025-11-19	16:45:00	17:45:00	Docència	13	11	14	f
1339	2025-11-19	18:05:00	19:00:00	Docència	65	13	14	f
1340	2025-11-19	19:00:00	19:55:00	Docència	3	14	14	f
1341	2025-11-19	15:45:00	16:45:00	Docència	138	10	12	f
1342	2025-11-19	16:45:00	17:45:00	Docència	141	11	12	f
1343	2025-11-19	18:05:00	19:00:00	Docència	100	13	12	f
1344	2025-11-19	19:00:00	19:55:00	Docència	42	14	12	f
1345	2025-11-20	08:15:00	09:15:00	Docència	78	2	5	f
1346	2025-11-20	09:15:00	10:10:00	Docència	82	3	5	f
1347	2025-11-20	10:30:00	11:30:00	Docència	90	5	5	f
1348	2025-11-20	11:30:00	12:25:00	Docència	2	6	5	f
1349	2025-11-20	08:15:00	09:15:00	Docència	43	2	7	f
1350	2025-11-20	10:30:00	11:30:00	Docència	88	5	7	f
1351	2025-11-20	11:30:00	12:25:00	Docència	93	6	7	f
1352	2025-11-20	08:15:00	09:15:00	Docència	76	2	9	f
1353	2025-11-20	09:15:00	10:10:00	Docència	80	3	9	f
1354	2025-11-20	10:30:00	11:30:00	Docència	87	5	9	f
1355	2025-11-20	08:15:00	09:15:00	Docència	77	2	6	f
1356	2025-11-20	09:15:00	10:10:00	Docència	83	3	6	f
1357	2025-11-20	10:30:00	11:30:00	Docència	3	5	6	f
1358	2025-11-20	11:30:00	12:25:00	Docència	94	6	6	f
1359	2025-11-20	08:15:00	09:15:00	Docència	74	2	8	f
1360	2025-11-20	09:15:00	10:10:00	Docència	81	3	8	f
1361	2025-11-20	10:30:00	11:30:00	Docència	86	5	8	f
1362	2025-11-20	11:30:00	12:25:00	Docència	92	6	8	f
1363	2025-11-20	09:15:00	10:10:00	Docència	69	3	4	f
1364	2025-11-20	10:30:00	11:30:00	Docència	89	5	4	f
1365	2025-11-20	11:30:00	12:25:00	Docència	2	6	4	f
1366	2025-11-20	08:15:00	09:15:00	Docència	75	2	2	f
1367	2025-11-20	09:15:00	10:10:00	Docència	84	3	2	f
1368	2025-11-20	10:30:00	11:30:00	Docència	54	5	2	f
1369	2025-11-20	11:30:00	12:25:00	Docència	91	6	2	f
1370	2025-11-20	08:15:00	09:15:00	Docència	79	2	3	f
1371	2025-11-20	09:15:00	10:10:00	Docència	85	3	3	f
1372	2025-11-20	11:30:00	12:25:00	Docència	49	6	3	f
1373	2025-11-20	15:45:00	16:45:00	Docència	149	10	10	f
1374	2025-11-20	16:45:00	17:45:00	Docència	154	11	10	f
1375	2025-11-20	18:05:00	19:00:00	Docència	57	13	10	f
1376	2025-11-20	19:00:00	19:55:00	Docència	85	14	10	f
1377	2025-11-20	15:45:00	16:45:00	Docència	150	10	11	f
1378	2025-11-20	16:45:00	17:45:00	Docència	152	11	11	f
1379	2025-11-20	19:00:00	19:55:00	Docència	81	14	11	f
1380	2025-11-20	15:45:00	16:45:00	Docència	151	10	15	f
1381	2025-11-20	16:45:00	17:45:00	Docència	114	11	15	f
1382	2025-11-20	18:05:00	19:00:00	Docència	13	13	15	f
1383	2025-11-20	15:45:00	16:45:00	Docència	148	10	13	f
1384	2025-11-20	18:05:00	19:00:00	Docència	145	13	13	f
1385	2025-11-20	19:00:00	19:55:00	Docència	119	14	13	f
1386	2025-11-20	15:45:00	16:45:00	Docència	128	10	14	f
1387	2025-11-20	16:45:00	17:45:00	Docència	153	11	14	f
1388	2025-11-20	18:05:00	19:00:00	Docència	135	13	14	f
1389	2025-11-20	19:00:00	19:55:00	Docència	31	14	14	f
1390	2025-11-20	16:45:00	17:45:00	Docència	94	11	12	f
1391	2025-11-20	18:05:00	19:00:00	Docència	155	13	12	f
1392	2025-11-20	19:00:00	19:55:00	Docència	131	14	12	f
1393	2025-11-21	08:15:00	09:15:00	Docència	56	2	5	f
1394	2025-11-21	10:30:00	11:30:00	Docència	21	5	5	f
1395	2025-11-21	11:30:00	12:25:00	Docència	109	6	5	f
1396	2025-11-21	09:15:00	10:10:00	Docència	14	3	7	f
1397	2025-11-21	10:30:00	11:30:00	Docència	107	5	7	f
1398	2025-11-21	11:30:00	12:25:00	Docència	110	6	7	f
1399	2025-11-21	08:15:00	09:15:00	Docència	97	2	9	f
1400	2025-11-21	09:15:00	10:10:00	Docència	101	3	9	f
1401	2025-11-21	10:30:00	11:30:00	Docència	105	5	9	f
1402	2025-11-21	11:30:00	12:25:00	Docència	108	6	9	f
1403	2025-11-21	08:15:00	09:15:00	Docència	95	2	6	f
1404	2025-11-21	09:15:00	10:10:00	Docència	45	3	6	f
1405	2025-11-21	10:30:00	11:30:00	Docència	42	5	6	f
1406	2025-11-21	11:30:00	12:25:00	Docència	111	6	6	f
1407	2025-11-21	08:15:00	09:15:00	Docència	58	2	8	f
1408	2025-11-21	09:15:00	10:10:00	Docència	98	3	8	f
1409	2025-11-21	10:30:00	11:30:00	Docència	103	5	8	f
1410	2025-11-21	11:30:00	12:25:00	Docència	112	6	8	f
1411	2025-11-21	08:15:00	09:15:00	Docència	66	2	4	f
1412	2025-11-21	09:15:00	10:10:00	Docència	100	3	4	f
1413	2025-11-21	10:30:00	11:30:00	Docència	104	5	4	f
1414	2025-11-21	11:30:00	12:25:00	Docència	1	6	4	f
1415	2025-11-21	08:15:00	09:15:00	Docència	54	2	2	f
1416	2025-11-21	09:15:00	10:10:00	Docència	99	3	2	f
1417	2025-11-21	08:15:00	09:15:00	Docència	96	2	3	f
1418	2025-11-21	09:15:00	10:10:00	Docència	102	3	3	f
1419	2025-11-21	10:30:00	11:30:00	Docència	106	5	3	f
1420	2025-11-21	11:30:00	12:25:00	Docència	59	6	3	f
1421	2025-11-21	15:45:00	16:45:00	Docència	156	10	10	f
1422	2025-11-21	16:45:00	17:45:00	Docència	158	11	10	f
1423	2025-11-21	15:45:00	16:45:00	Docència	157	10	11	f
1424	2025-11-21	16:45:00	17:45:00	Docència	159	11	11	f
1425	2025-11-21	18:05:00	19:00:00	Docència	73	13	11	f
1426	2025-11-21	19:00:00	19:55:00	Docència	3	14	11	f
1427	2025-11-21	15:45:00	16:45:00	Docència	55	10	15	f
1428	2025-11-21	16:45:00	17:45:00	Docència	161	11	15	f
1429	2025-11-21	18:05:00	19:00:00	Docència	162	13	15	f
1430	2025-11-21	19:00:00	19:55:00	Docència	165	14	15	f
1431	2025-11-21	15:45:00	16:45:00	Docència	50	10	13	f
1432	2025-11-21	18:05:00	19:00:00	Docència	124	13	13	f
1433	2025-11-21	19:00:00	19:55:00	Docència	24	14	13	f
1434	2025-11-21	15:45:00	16:45:00	Docència	28	10	14	f
1435	2025-11-21	16:45:00	17:45:00	Docència	160	11	14	f
1436	2025-11-21	18:05:00	19:00:00	Docència	164	13	14	f
1437	2025-11-21	19:00:00	19:55:00	Docència	166	14	14	f
1438	2025-11-21	16:45:00	17:45:00	Docència	120	11	12	f
1439	2025-11-21	18:05:00	19:00:00	Docència	163	13	12	f
1440	2025-11-21	19:00:00	19:55:00	Docència	136	14	12	f
\.


--
-- Data for Name: auth_group; Type: TABLE DATA; Schema: public; Owner: demo_user
--

COPY public.auth_group (id, name) FROM stdin;
1	direcció
2	professors
3	professional
4	consergeria
5	alumne
6	secretaria
7	reservador
8	administratius
9	administradors
10	psicopedagog
11	sortides
12	tpvs
\.


--
-- Data for Name: auth_group_permissions; Type: TABLE DATA; Schema: public; Owner: demo_user
--

COPY public.auth_group_permissions (id, group_id, permission_id) FROM stdin;
\.


--
-- Data for Name: auth_permission; Type: TABLE DATA; Schema: public; Owner: demo_user
--

COPY public.auth_permission (id, name, content_type_id, codename) FROM stdin;
1	Can add log entry	14	add_logentry
2	Can change log entry	14	change_logentry
3	Can delete log entry	14	delete_logentry
4	Can view log entry	14	view_logentry
5	Can add permission	15	add_permission
6	Can change permission	15	change_permission
7	Can delete permission	15	delete_permission
8	Can view permission	15	view_permission
9	Can add group	16	add_group
10	Can change group	16	change_group
11	Can delete group	16	delete_group
12	Can view group	16	view_group
13	Can add user	9	add_user
14	Can change user	9	change_user
15	Can delete user	9	delete_user
16	Can view user	9	view_user
17	Can add content type	17	add_contenttype
18	Can change content type	17	change_contenttype
19	Can delete content type	17	delete_contenttype
20	Can view content type	17	view_contenttype
21	Can add session	18	add_session
22	Can change session	18	change_session
23	Can delete session	18	delete_session
24	Can view session	18	view_session
25	Can add site	19	add_site
26	Can change site	19	change_site
27	Can delete site	19	delete_site
28	Can view site	19	view_site
29	Can add Lectura de missatge	20	add_destinatari
30	Can change Lectura de missatge	20	change_destinatari
31	Can delete Lectura de missatge	20	delete_destinatari
32	Can view Lectura de missatge	20	view_destinatari
33	Can add Detall del missatge	21	add_detallmissatge
34	Can change Detall del missatge	21	change_detallmissatge
35	Can delete Detall del missatge	21	delete_detallmissatge
36	Can view Detall del missatge	21	view_detallmissatge
37	Can add Missatge	22	add_missatge
38	Can change Missatge	22	change_missatge
39	Can delete Missatge	22	delete_missatge
40	Can view Missatge	22	view_missatge
41	Can add Alumne	1	add_alumne
42	Can change Alumne	1	change_alumne
43	Can delete Alumne	1	delete_alumne
44	Can view Alumne	1	view_alumne
45	Can add Curs	23	add_curs
46	Can change Curs	23	change_curs
47	Can delete Curs	23	delete_curs
48	Can view Curs	23	view_curs
49	Can add Grup	24	add_grup
50	Can change Grup	24	change_grup
51	Can delete Grup	24	delete_grup
52	Can view Grup	24	view_grup
53	Can add Nivell	25	add_nivell
54	Can change Nivell	25	change_nivell
55	Can delete Nivell	25	delete_nivell
56	Can view Nivell	25	view_nivell
57	Can add alumne grup	2	add_alumnegrup
58	Can change alumne grup	2	change_alumnegrup
59	Can delete alumne grup	2	delete_alumnegrup
60	Can view alumne grup	2	view_alumnegrup
61	Can add alumne grup nom	3	add_alumnegrupnom
62	Can change alumne grup nom	3	change_alumnegrupnom
63	Can delete alumne grup nom	3	delete_alumnegrupnom
64	Can view alumne grup nom	3	view_alumnegrupnom
65	Can add alumne nom sentit	4	add_alumnenomsentit
66	Can change alumne nom sentit	4	change_alumnenomsentit
67	Can delete alumne nom sentit	4	delete_alumnenomsentit
68	Can view alumne nom sentit	4	view_alumnenomsentit
69	Can add alumne nom sentit grup	5	add_alumnenomsentitgrup
70	Can change alumne nom sentit grup	5	change_alumnenomsentitgrup
71	Can delete alumne nom sentit grup	5	delete_alumnenomsentitgrup
72	Can view alumne nom sentit grup	5	view_alumnenomsentitgrup
73	Can add Dada addicional de l'alumne	26	add_dadesaddicionalsalumne
74	Can change Dada addicional de l'alumne	26	change_dadesaddicionalsalumne
75	Can delete Dada addicional de l'alumne	26	delete_dadesaddicionalsalumne
76	Can view Dada addicional de l'alumne	26	view_dadesaddicionalsalumne
77	Can add Assignatura	27	add_assignatura
78	Can change Assignatura	27	change_assignatura
79	Can delete Assignatura	27	delete_assignatura
80	Can view Assignatura	27	view_assignatura
81	Can add Tipus d'assignatura	28	add_tipusdassignatura
82	Can change Tipus d'assignatura	28	change_tipusdassignatura
83	Can delete Tipus d'assignatura	28	delete_tipusdassignatura
84	Can view Tipus d'assignatura	28	view_tipusdassignatura
85	Can add Dia de la Setmana	29	add_diadelasetmana
86	Can change Dia de la Setmana	29	change_diadelasetmana
87	Can delete Dia de la Setmana	29	delete_diadelasetmana
88	Can view Dia de la Setmana	29	view_diadelasetmana
89	Can add Entrada al calendari de festius	30	add_festiu
90	Can change Entrada al calendari de festius	30	change_festiu
91	Can delete Entrada al calendari de festius	30	delete_festiu
92	Can view Entrada al calendari de festius	30	view_festiu
93	Can add Franja Horària	31	add_franjahoraria
94	Can change Franja Horària	31	change_franjahoraria
95	Can delete Franja Horària	31	delete_franjahoraria
96	Can view Franja Horària	31	view_franjahoraria
97	Can add Entrada a l'Horari	32	add_horari
98	Can change Entrada a l'Horari	32	change_horari
99	Can delete Entrada a l'Horari	32	delete_horari
100	Can view Entrada a l'Horari	32	view_horari
101	Can add Entrada al Control d'Assistencia	33	add_controlassistencia
102	Can change Entrada al Control d'Assistencia	33	change_controlassistencia
103	Can delete Entrada al Control d'Assistencia	33	delete_controlassistencia
104	Can view Entrada al Control d'Assistencia	33	view_controlassistencia
105	Can add Estat control d'assistencia	34	add_estatcontrolassistencia
106	Can change Estat control d'assistencia	34	change_estatcontrolassistencia
107	Can delete Estat control d'assistencia	34	delete_estatcontrolassistencia
108	Can view Estat control d'assistencia	34	view_estatcontrolassistencia
109	Can add Impartir classe	35	add_impartir
110	Can change Impartir classe	35	change_impartir
111	Can delete Impartir classe	35	delete_impartir
112	Can view Impartir classe	35	view_impartir
113	Can add Motiu no ha està pressent	36	add_nohadeseralaula
114	Can change Motiu no ha està pressent	36	change_nohadeseralaula
115	Can delete Motiu no ha està pressent	36	delete_nohadeseralaula
116	Can view Motiu no ha està pressent	36	view_nohadeseralaula
117	Can add Expulsió	37	add_expulsio
118	Can change Expulsió	37	change_expulsio
119	Can delete Expulsió	37	delete_expulsio
120	Can view Expulsió	37	view_expulsio
121	Can add Frase	38	add_frassesincidenciaaula
122	Can change Frase	38	change_frassesincidenciaaula
123	Can delete Frase	38	delete_frassesincidenciaaula
124	Can view Frase	38	view_frassesincidenciaaula
125	Can add Incidència	39	add_incidencia
126	Can change Incidència	39	change_incidencia
127	Can delete Incidència	39	delete_incidencia
128	Can view Incidència	39	view_incidencia
129	Can add Sanció	40	add_sancio
130	Can change Sanció	40	change_sancio
131	Can delete Sanció	40	delete_sancio
132	Can view Sanció	40	view_sancio
133	Can add Tipus d'incidència	41	add_tipusincidencia
134	Can change Tipus d'incidència	41	change_tipusincidencia
135	Can delete Tipus d'incidència	41	delete_tipusincidencia
136	Can view Tipus d'incidència	41	view_tipusincidencia
137	Can add Tipus de sancions	42	add_tipussancio
138	Can change Tipus de sancions	42	change_tipussancio
139	Can delete Tipus de sancions	42	delete_tipussancio
140	Can view Tipus de sancions	42	view_tipussancio
141	Can add Actuació	43	add_actuacio
142	Can change Actuació	43	change_actuacio
143	Can delete Actuació	43	delete_actuacio
144	Can view Actuació	43	view_actuacio
145	Can add carta absentisme	44	add_cartaabsentisme
146	Can change carta absentisme	44	change_cartaabsentisme
147	Can delete carta absentisme	44	delete_cartaabsentisme
148	Can view carta absentisme	44	view_cartaabsentisme
149	Can add Resum Anual Alumne	45	add_resumanualalumne
150	Can change Resum Anual Alumne	45	change_resumanualalumne
151	Can delete Resum Anual Alumne	45	delete_resumanualalumne
152	Can view Resum Anual Alumne	45	view_resumanualalumne
153	Can add Capçalera seguiment tutorial	46	add_seguimenttutorial
154	Can change Capçalera seguiment tutorial	46	change_seguimenttutorial
155	Can delete Capçalera seguiment tutorial	46	delete_seguimenttutorial
156	Can view Capçalera seguiment tutorial	46	view_seguimenttutorial
157	Can add Pregunta seguiment tutorial	47	add_seguimenttutorialpreguntes
158	Can change Pregunta seguiment tutorial	47	change_seguimenttutorialpreguntes
159	Can delete Pregunta seguiment tutorial	47	delete_seguimenttutorialpreguntes
160	Can view Pregunta seguiment tutorial	47	view_seguimenttutorialpreguntes
161	Can add Resposta de seguiment tutorial	48	add_seguimenttutorialrespostes
162	Can change Resposta de seguiment tutorial	48	change_seguimenttutorialrespostes
163	Can delete Resposta de seguiment tutorial	48	delete_seguimenttutorialrespostes
164	Can view Resposta de seguiment tutorial	48	view_seguimenttutorialrespostes
165	Can add Entrada taula Tutors	49	add_tutor
166	Can change Entrada taula Tutors	49	change_tutor
167	Can delete Entrada taula Tutors	49	delete_tutor
168	Can view Entrada taula Tutors	49	view_tutor
169	Can add Entrada Tutors Individualitzats	50	add_tutorindividualitzat
170	Can change Entrada Tutors Individualitzats	50	change_tutorindividualitzat
171	Can delete Entrada Tutors Individualitzats	50	delete_tutorindividualitzat
172	Can view Entrada Tutors Individualitzats	50	view_tutorindividualitzat
173	Can add Mapeig Franja Horària	51	add_franja2aula
174	Can change Mapeig Franja Horària	51	change_franja2aula
175	Can delete Mapeig Franja Horària	51	delete_franja2aula
176	Can view Mapeig Franja Horària	51	view_franja2aula
177	Can add Mapeig Grup Aula Kronowin	52	add_grup2aula
178	Can change Mapeig Grup Aula Kronowin	52	change_grup2aula
179	Can delete Mapeig Grup Aula Kronowin	52	delete_grup2aula
180	Can view Mapeig Grup Aula Kronowin	52	view_grup2aula
181	Can add Paràmetre Kronowin	53	add_parametrekronowin
182	Can change Paràmetre Kronowin	53	change_parametrekronowin
183	Can delete Paràmetre Kronowin	53	delete_parametrekronowin
184	Can view Paràmetre Kronowin	53	view_parametrekronowin
185	Can add Mapeig Grup Aula Saga	54	add_grup2aula
186	Can change Mapeig Grup Aula Saga	54	change_grup2aula
187	Can delete Mapeig Grup Aula Saga	54	delete_grup2aula
188	Can view Mapeig Grup Aula Saga	54	view_grup2aula
189	Can add Paràmetre Saga	55	add_parametresaga
190	Can change Paràmetre Saga	55	change_parametresaga
191	Can delete Paràmetre Saga	55	delete_parametresaga
192	Can view Paràmetre Saga	55	view_parametresaga
193	Can add Mapeig Grup Aula Esfera	56	add_grup2aula
194	Can change Mapeig Grup Aula Esfera	56	change_grup2aula
195	Can delete Mapeig Grup Aula Esfera	56	delete_grup2aula
196	Can view Mapeig Grup Aula Esfera	56	view_grup2aula
197	Can add Paràmetre Esfera	57	add_parametreesfera
198	Can change Paràmetre Esfera	57	change_parametreesfera
199	Can delete Paràmetre Esfera	57	delete_parametreesfera
200	Can view Paràmetre Esfera	57	view_parametreesfera
201	Can add Avaluació Qualitativa	58	add_avaluacioqualitativa
202	Can change Avaluació Qualitativa	58	change_avaluacioqualitativa
203	Can delete Avaluació Qualitativa	58	delete_avaluacioqualitativa
204	Can view Avaluació Qualitativa	58	view_avaluacioqualitativa
205	Can add Frase aval. qualitativa	59	add_itemqualitativa
206	Can change Frase aval. qualitativa	59	change_itemqualitativa
207	Can delete Frase aval. qualitativa	59	delete_itemqualitativa
208	Can view Frase aval. qualitativa	59	view_itemqualitativa
209	Can add Resposta aval. Qualitativa	60	add_respostaavaluacioqualitativa
210	Can change Resposta aval. Qualitativa	60	change_respostaavaluacioqualitativa
211	Can delete Resposta aval. Qualitativa	60	delete_respostaavaluacioqualitativa
212	Can view Resposta aval. Qualitativa	60	view_respostaavaluacioqualitativa
213	Can add Llista de tasques	61	add_todo
214	Can change Llista de tasques	61	change_todo
215	Can delete Llista de tasques	61	delete_todo
216	Can view Llista de tasques	61	view_todo
217	Can add abstract one time passwd	62	add_abstractonetimepasswd
218	Can change abstract one time passwd	62	change_abstractonetimepasswd
219	Can delete abstract one time passwd	62	delete_abstractonetimepasswd
220	Can view abstract one time passwd	62	view_abstractonetimepasswd
221	Can add Acció d'usuari	63	add_accio
222	Can change Acció d'usuari	63	change_accio
223	Can delete Acció d'usuari	63	delete_accio
224	Can view Acció d'usuari	63	view_accio
225	Can add Departament Didàctic	64	add_departament
226	Can change Departament Didàctic	64	change_departament
227	Can delete Departament Didàctic	64	delete_departament
228	Can view Departament Didàctic	64	view_departament
229	Can add Login d'usuari	65	add_loginusuari
230	Can change Login d'usuari	65	change_loginusuari
231	Can delete Login d'usuari	65	delete_loginusuari
232	Can view Login d'usuari	65	view_loginusuari
233	Can add alumne user	10	add_alumneuser
234	Can change alumne user	10	change_alumneuser
235	Can delete alumne user	10	delete_alumneuser
236	Can view alumne user	10	view_alumneuser
237	Can add professional	11	add_professional
238	Can change professional	11	change_professional
239	Can delete professional	11	delete_professional
240	Can view professional	11	view_professional
241	Can add professor	12	add_professor
242	Can change professor	12	change_professor
243	Can delete professor	12	delete_professor
244	Can view professor	12	view_professor
245	Can add one time passwd	66	add_onetimepasswd
246	Can change one time passwd	66	change_onetimepasswd
247	Can delete one time passwd	66	delete_onetimepasswd
248	Can view one time passwd	66	view_onetimepasswd
249	Can add professor conserge	13	add_professorconserge
250	Can change professor conserge	13	change_professorconserge
251	Can delete professor conserge	13	delete_professorconserge
252	Can view professor conserge	13	view_professorconserge
253	Can add dades addicionals professor	67	add_dadesaddicionalsprofessor
254	Can change dades addicionals professor	67	change_dadesaddicionalsprofessor
255	Can delete dades addicionals professor	67	delete_dadesaddicionalsprofessor
256	Can view dades addicionals professor	67	view_dadesaddicionalsprofessor
257	Can add qr portal	68	add_qrportal
258	Can change qr portal	68	change_qrportal
259	Can delete qr portal	68	delete_qrportal
260	Can view qr portal	68	view_qrportal
261	Can add responsable user	69	add_responsableuser
262	Can change responsable user	69	change_responsableuser
263	Can delete responsable user	69	delete_responsableuser
264	Can view responsable user	69	view_responsableuser
265	Can add Notificació a usuari	70	add_notifusuari
266	Can change Notificació a usuari	70	change_notifusuari
267	Can delete Notificació a usuari	70	delete_notifusuari
268	Can view Notificació a usuari	70	view_notifusuari
269	Can add email pendent	71	add_emailpendent
270	Can change email pendent	71	change_emailpendent
271	Can delete email pendent	71	delete_emailpendent
272	Can view email pendent	71	view_emailpendent
273	Can add Attach File	72	add_docattach
274	Can change Attach File	72	change_docattach
275	Can delete Attach File	72	delete_docattach
276	Can view Attach File	72	view_docattach
277	Can add Responsable	73	add_responsable
278	Can change Responsable	73	change_responsable
279	Can delete Responsable	73	delete_responsable
280	Can view Responsable	73	view_responsable
281	Can add notifica sortida	74	add_notificasortida
282	Can change notifica sortida	74	change_notificasortida
283	Can delete notifica sortida	74	delete_notificasortida
284	Can view notifica sortida	74	view_notificasortida
285	Can add sortida	75	add_sortida
286	Can change sortida	75	change_sortida
287	Can delete sortida	75	delete_sortida
288	Can view sortida	75	view_sortida
289	Can add pagament	6	add_pagament
290	Can change pagament	6	change_pagament
291	Can delete pagament	6	delete_pagament
292	Can view pagament	6	view_pagament
293	Can add Tipus de quota	76	add_tipusquota
294	Can change Tipus de quota	76	change_tipusquota
295	Can delete Tipus de quota	76	delete_tipusquota
296	Can view Tipus de quota	76	view_tipusquota
297	Can add TPV	77	add_tpv
298	Can change TPV	77	change_tpv
299	Can delete TPV	77	delete_tpv
300	Can view TPV	77	view_tpv
301	Can add quota pagament	7	add_quotapagament
302	Can change quota pagament	7	change_quotapagament
303	Can delete quota pagament	7	delete_quotapagament
304	Can view quota pagament	7	view_quotapagament
305	Can add sortida pagament	8	add_sortidapagament
306	Can change sortida pagament	8	change_sortidapagament
307	Can delete sortida pagament	8	delete_sortidapagament
308	Can view sortida pagament	8	view_sortidapagament
309	Can add Quota	78	add_quota
310	Can change Quota	78	change_quota
311	Can delete Quota	78	delete_quota
312	Can view Quota	78	view_quota
313	Can add quota centre	79	add_quotacentre
314	Can change quota centre	79	change_quotacentre
315	Can delete quota centre	79	delete_quotacentre
316	Can view quota centre	79	view_quotacentre
317	Can add Feina baixa	80	add_feina
318	Can change Feina baixa	80	change_feina
319	Can delete Feina baixa	80	delete_feina
320	Can view Feina baixa	80	view_feina
321	Can add Aula	81	add_aula
322	Can change Aula	81	change_aula
323	Can delete Aula	81	delete_aula
324	Can view Aula	81	view_aula
325	Can add reserva aula	82	add_reservaaula
326	Can change reserva aula	82	change_reservaaula
327	Can delete reserva aula	82	delete_reservaaula
328	Can view reserva aula	82	view_reservaaula
329	Can add Recurs	83	add_recurs
330	Can change Recurs	83	change_recurs
331	Can delete Recurs	83	delete_recurs
332	Can view Recurs	83	view_recurs
333	Can add reserva recurs	84	add_reservarecurs
334	Can change reserva recurs	84	change_reservarecurs
335	Can delete reserva recurs	84	delete_reservarecurs
336	Can view reserva recurs	84	view_reservarecurs
337	Can add Agrupament grups alumnes i grups horari	85	add_agrupament
338	Can change Agrupament grups alumnes i grups horari	85	change_agrupament
339	Can delete Agrupament grups alumnes i grups horari	85	delete_agrupament
340	Can view Agrupament grups alumnes i grups horari	85	view_agrupament
341	Can add Matrícula	86	add_matricula
342	Can change Matrícula	86	change_matricula
343	Can delete Matrícula	86	delete_matricula
344	Can view Matrícula	86	view_matricula
345	Can add Document	87	add_document
346	Can change Document	87	change_document
347	Can delete Document	87	delete_document
348	Can view Document	87	view_document
349	Can add preinscripcio	88	add_preinscripcio
350	Can change preinscripcio	88	change_preinscripcio
351	Can delete preinscripcio	88	delete_preinscripcio
352	Can view preinscripcio	88	view_preinscripcio
353	Can add Mapeig Nivell Aula Gedac	89	add_nivell2aula
354	Can change Mapeig Nivell Aula Gedac	89	change_nivell2aula
355	Can delete Mapeig Nivell Aula Gedac	89	delete_nivell2aula
356	Can view Mapeig Nivell Aula Gedac	89	view_nivell2aula
\.


--
-- Data for Name: auth_user; Type: TABLE DATA; Schema: public; Owner: demo_user
--

COPY public.auth_user (id, password, last_login, is_superuser, username, first_name, last_name, email, is_staff, is_active, date_joined) FROM stdin;
1		\N	t	demo				t	t	2025-11-11 12:55:44.287529+00
167	pbkdf2_sha256$870000$1p9LGCtPk5dlz8uYN4HTWy$TfJQcQnjxweKDGU25Y6vVDaVrI+fvEPQ4GyuXgRpJb0=	\N	f	resp101				f	t	2025-11-11 12:56:11.514727+00
74	pbkdf2_sha256$870000$tzcmUFBXYQfdUuWHARhA0p$0ofQ5gYU3YyVL/ck030Fff7s6EZfJtWlwNa7aZp6UJ0=	\N	f	resp39				f	t	2025-11-11 12:56:08.4507+00
23	pbkdf2_sha256$870000$3kFm0LBaZVGuvD9eqQ8EQz$5JEoTddLRkI3w8/NdOdG9GyYZC5Bbq600I+z8GN9vpc=	\N	f	resp5				f	t	2025-11-11 12:56:06.933032+00
58	pbkdf2_sha256$870000$2Lg96U8QKAiVIiQP71rOKW$fngYsFFNfQtoQ/lByq7Fh2jFGLeaYk3tFulSExGK2oQ=	\N	f	almn15				f	t	2025-11-11 12:56:08.001912+00
79	pbkdf2_sha256$870000$WKv8mQkHx9rklM6DDnEuGU$1ovEMw3NbzyimKe73tovJnCFGDhO46etY4jV/wWZa/4=	\N	f	almn22				f	t	2025-11-11 12:56:08.60351+00
35	pbkdf2_sha256$870000$BAV1XI7sXQjJe0I3hQ8vT2$U3NArQqdH9x5vzCxgSJuUsqH7s05WqIF4aAIKY7Z6Sg=	\N	f	resp13				f	t	2025-11-11 12:56:07.265104+00
84	pbkdf2_sha256$870000$4mR4OkgifHvnjmxiSqHSP7$XBOvTx7evwjLwmRqm+q4nPq+82WnJuKs3R91iL1IaGU=	\N	f	resp46				f	t	2025-11-11 12:56:08.744462+00
7	pbkdf2_sha256$870000$1mLz178E5JmHpPi7S3Fakx$lV0SpO/Ve9Iz11Fw0/BsP9tsbxSakVcWDgT1ZwVgaP0=	2025-11-11 13:09:37.101406+00	t	M1	Roger	Torrent Padilla		t	t	2025-11-11 12:55:47.937736+00
70	pbkdf2_sha256$870000$QEJJ4hr5rJylwYOIz2vwpX$a5dcR4a/M0V4vCSoJ0/oEa4gkT+vbs1ZNr+zTMfvZ5s=	\N	f	almn19				f	t	2025-11-11 12:56:08.346644+00
40	pbkdf2_sha256$870000$4NzsqnAeLQStYn7H59ABFy$D9r4EEMmljGCwVrI3bj0+ig/ujzVyssSEEG0c+WLsAA=	\N	f	almn9				f	t	2025-11-11 12:56:07.4415+00
51	pbkdf2_sha256$870000$AYhZjMOMCpU9qdWcHPdvlF$Y6YOUlLt1k4qW9Sk4rbI+xl1JMMYpTHyrOB403k4Neo=	\N	f	resp24				f	t	2025-11-11 12:56:07.74771+00
54	pbkdf2_sha256$870000$pSlSIsqzBtCKBV7MlbhTMQ$u6RSAqNpQD8WKhGrJQv3RQfRwA3i0x5pCH0D39M5/9I=	\N	f	resp26				f	t	2025-11-11 12:56:07.882475+00
52	pbkdf2_sha256$870000$t1mQb1TotFR9xnznxbPMMo$Ii2Vwq9D0KfZo2INLM7qghwKiDBcCS2dz0scv6oNwaU=	\N	f	almn13				f	t	2025-11-11 12:56:07.785277+00
34	pbkdf2_sha256$870000$SaUdBv15D3NpbFLHH995dM$wixN3ru5C6T9NuQGMbhT6ppgSazbNAGPYqEGUPYyX9I=	\N	f	almn7				f	t	2025-11-11 12:56:07.245164+00
49	pbkdf2_sha256$870000$eJFKPbdz220odMEn3rFnKv$/r4VUFBKNSU/JinsjmrSfoRHhV6uGWUkfMi3spTZcgY=	\N	f	almn12				f	t	2025-11-11 12:56:07.689385+00
69	pbkdf2_sha256$870000$tzZuZ9lA4PA7nqALyZIAOO$VMCSkqXIZoemCds3Eyry1AeCEIquNV7GAIjKLXMxBx0=	\N	f	resp36				f	t	2025-11-11 12:56:08.31137+00
31	pbkdf2_sha256$870000$xjXvcAwlZ9TctrTXrPbqcZ$geGGlFzJrqCD+osVRGaJLedqokTg4H3o8bT8DB3gFIg=	\N	f	almn6				f	t	2025-11-11 12:56:07.167799+00
16	pbkdf2_sha256$870000$NRKtRvPMXQTGDftBlYc0kh$71HRwSwozJYg4v+Qw9WigGfbotkP9u0qAm3w6qu6RqU=	\N	f	almn1				f	t	2025-11-11 12:56:06.642615+00
43	pbkdf2_sha256$870000$AjdJzoLccJ4SWpLXo9GIvz$JufvfE0gH2tF9UkhkYXUJbRHbvxCzda3yF9X8l9edI4=	\N	f	almn10				f	t	2025-11-11 12:56:07.52095+00
93	pbkdf2_sha256$870000$mu5ak09SGeJaVhn53Xy060$CQJfODA08CPNEYlFKuXwXqyIikzveFYVl05kzsCMVAY=	\N	f	resp52				f	t	2025-11-11 12:56:09.034975+00
88	pbkdf2_sha256$870000$mCCD2Lzrh5jEjw4W2DeK2K$B8abgiYIXXUzsrjEVUA+2t8V5F7qIJEacQEEh35CqXs=	\N	f	almn25				f	t	2025-11-11 12:56:08.863108+00
21	pbkdf2_sha256$870000$V1R684MQxefOqZ7S9BCASL$EqmyrvzWz+rnN24ezsUGjdWp9H4mVU3L3iFme7I4rmY=	\N	f	resp4				f	t	2025-11-11 12:56:06.872553+00
92	pbkdf2_sha256$870000$pDE0XgC8nTl0nDmC4ybnrz$I8/YGwl4owvja+1S48IS7ympkSH+kzOsL1uQVUo0qTU=	\N	f	resp51				f	t	2025-11-11 12:56:09.001595+00
81	pbkdf2_sha256$870000$qulEpS5VqXSn2p4Tdxn8IF$fZbqBeJtRSxXb9YDKazuWtNfWV1Os+avI5SZDUhaMGk=	\N	f	resp44				f	t	2025-11-11 12:56:08.655788+00
50	pbkdf2_sha256$870000$JzwUWxAg38EDOPFsLhbLDq$wRE05dOA9pKHge5cEjnc3GG6c4Me+mUCLyFbPBqOTAY=	\N	f	resp23				f	t	2025-11-11 12:56:07.712584+00
44	pbkdf2_sha256$870000$9a7prt6nTe0Fga0pHNYIYw$G7xWjGo0noKjP0SgAX9zKck8qoqgqYQULAp52zdLvOw=	\N	f	resp19				f	t	2025-11-11 12:56:07.542314+00
59	pbkdf2_sha256$870000$fx3FVvvqUtNcYfS1VPcuUx$x3C79TR9/zOXAi9+KCp4PQWoZsnUOZtS2X4rN3BdRIE=	\N	f	resp29				f	t	2025-11-11 12:56:08.033629+00
26	pbkdf2_sha256$870000$3QNuGp1QpqX48BR5RAzTJ1$LFMVcJ7HRt58oDj14jNAuKtkxsMhQi2bdrPPzGz8LYE=	\N	f	resp7				f	t	2025-11-11 12:56:07.029044+00
57	pbkdf2_sha256$870000$yMxfQnJoe4wZogp0EjPUP1$Di6xgRf7ZPEdzrdSNQAxcmLtQKjsWzzuMXC/fYTAcjk=	\N	f	resp28				f	t	2025-11-11 12:56:07.962974+00
32	pbkdf2_sha256$870000$6j9wK3C1wCLlQ87U55Zjac$QLDMoh72PEMnhIOO6BFUkVr2A2FniG7dZFAp5QJRTJg=	\N	f	resp11				f	t	2025-11-11 12:56:07.188745+00
62	pbkdf2_sha256$870000$84NUTe0r2kzXglI51hdPho$6R6tlX4owxrIY6uTk7ldwlw+paB3Xp8Lm3kTyny0LrU=	\N	f	resp31				f	t	2025-11-11 12:56:08.112661+00
95	pbkdf2_sha256$870000$UZg2oEsBIDzgTzNW05n4em$be6MJenQayNbjOmFayzLrz/KchcXFzww7QuxB0kalYs=	\N	f	resp53				f	t	2025-11-11 12:56:09.094579+00
45	pbkdf2_sha256$870000$H9XTMWCO4RTJdIJexJBWwy$qXrSksX7U8WiHoyII5mGCXFwKPzWH39Z23+Ya1D/Klg=	\N	f	resp20				f	t	2025-11-11 12:56:07.574206+00
18	pbkdf2_sha256$870000$w6H5kjReFcOG3mlxjveiyS$DsiDeVIpet74P5A2dY6+EwT8wbwQJ5Iu9ppi1bBHN0I=	\N	f	resp2				f	t	2025-11-11 12:56:06.732324+00
30	pbkdf2_sha256$870000$HUFb36cNlCxOvLtQhwvqE1$WB3nKZmlAojEOmzSe1KeRRk3r1oy036+R5hXn6Izx3Q=	\N	f	resp10				f	t	2025-11-11 12:56:07.130439+00
9	pbkdf2_sha256$870000$Dd10S6qOUpjAsq6EOEO4DW$NnlNNcZrnjX7ZvmZJGSATwWcgY6cqz6yTKWv0LC6mAg=	\N	f	M2	Arnau	Camps Herrero		f	t	2025-11-11 12:55:48.554589+00
5	pbkdf2_sha256$870000$mOlViRR8lpjZRc76oH21sT$HiMDqIBkdDa/T7dDTXM/ldiQsn6ppVPfg/dfXA+L3ew=	\N	f	M0	Marwa	Rios Lara		f	t	2025-11-11 12:55:47.30717+00
6	pbkdf2_sha256$870000$ELhJQqS2lTKRbbdyDVMawO$5VqpvPFednZOjQvhn6/Ho8Ep4QiZWZb67vDw707VNOA=	\N	f	M3	Cristina	Salazar Manzano		f	t	2025-11-11 12:55:47.700678+00
8	pbkdf2_sha256$870000$TqJgaV6kSYBahGe8XdQA4T$poY/x5xKSgKp+CL7VG+9bVgPxu1mGnaS3nbwNRvAgp8=	\N	f	M4	Ismael	Nuñez Gallego		f	t	2025-11-11 12:55:48.241386+00
2	pbkdf2_sha256$870000$JrctsSo7HWgtYiM7O9dEEN$JNdpH8D8m+EGErIs4CbtaESSnp2zADbkTxXCKYBLI/k=	\N	f	M6	Mohamed	Farre Vega		f	t	2025-11-11 12:55:46.353711+00
3	pbkdf2_sha256$870000$ymXiMBpxYZ4n6hl7sueksS$jGVij5CodPyYBt6KdWgxotqxHdiuuLTDjDcwvT0KypU=	\N	f	M7	Inés	Muñoz Miro		f	t	2025-11-11 12:55:46.631274+00
10	pbkdf2_sha256$870000$dWEXcCWpLrl5r8q8Ly7KYv$0EymlaR6ngWpTFuYXBSS56xNy1+FYjJJceWVDwJNTJA=	\N	f	T0	Marwa	Rodriguez Flores		f	t	2025-11-11 12:55:49.787644+00
15	pbkdf2_sha256$870000$DAK5JHQJgUyXhi3hXcpRFu$TRIhW4i/sXw+zmTIdBVlTNmg/y9Fdf6wUNCkWW/ZL6g=	\N	f	T2	Gisela	Barrera Cano		f	t	2025-11-11 12:55:51.256628+00
13	pbkdf2_sha256$870000$25UOhP73SMnQxlprpeaRAw$Ka4FW+4BnYjGiHR+V+Z36TuCe7Tb38MVy1KOnf3NJD0=	\N	f	T3	Marwa	Serrano Lozano		f	t	2025-11-11 12:55:50.750651+00
14	pbkdf2_sha256$870000$gigGfMaGKVzIKDQhNwFmay$M7qq3Qb3eobixektoiFGhBTrL8hifa9SWnlJsb4IZy0=	\N	f	T4	Nerea	Pacheco Moreno		f	t	2025-11-11 12:55:51.010073+00
87	pbkdf2_sha256$870000$Ok9obvCcsZ0xJ3RkIeP3f7$iedCjTSq1odl5AVJkfniB6vKXBO5P6Ga878xJO5LFU0=	\N	f	resp48				f	t	2025-11-11 12:56:08.826612+00
203	pbkdf2_sha256$870000$HEypfE2TBONlXtlzpdZ3YX$9TncWJQauS9/vENdLPQ/ETVb98SmAzjFo4keqEqR3+Y=	\N	f	resp125				f	t	2025-11-11 12:56:13.118449+00
141	pbkdf2_sha256$870000$FucTF0gb6eWuqL6FtbSqwS$xiT20I4nEOwmvRUWUUtKF8cKMtlp3zFtNyFHcXiZ4+A=	\N	f	resp84				f	t	2025-11-11 12:56:10.635585+00
136	pbkdf2_sha256$870000$JSGXZiiq5jDjqPniX6i81X$7qB49OeBxybBTWcMM/cSJk4lGYC2m8mLwKbSJ+or9xw=	\N	f	almn41				f	t	2025-11-11 12:56:10.450861+00
105	pbkdf2_sha256$870000$ji1OzGAPkKBsy5hItBneJp$2MAymq/+SawuISbstu+rsC6g96D+7q722e38dtuR1+o=	\N	f	resp60				f	t	2025-11-11 12:56:09.415172+00
201	pbkdf2_sha256$870000$u5UqpHnz0Hxv5nQZfMxL20$UO0ksyTxu+9oKznLHj3QCPyAwenXGjOc4bekeuhuGXk=	\N	f	resp124				f	t	2025-11-11 12:56:13.066093+00
126	pbkdf2_sha256$870000$zOKvMp0y9h9Uv0r5Rc7rce$CcVtE+9Ml/I/8f9DRpUdjArt/FuNX0iiQysCfU8gX+A=	\N	f	resp74				f	t	2025-11-11 12:56:10.090923+00
107	pbkdf2_sha256$870000$cqNkXTz1hGktUfxAUcZ5Yw$4uoesRH75/jX7xjPVYMtsFHqJCUa/B7fYK+NdVkOTDw=	\N	f	resp61				f	t	2025-11-11 12:56:09.476839+00
112	pbkdf2_sha256$870000$KfG7rBgIaWeeZGHFz88r4I$2uZsPQzgMfNSbYzqABjOe0TwtcZ0yLnJ1VY4CX0hchQ=	\N	f	almn33				f	t	2025-11-11 12:56:09.64618+00
123	pbkdf2_sha256$870000$SWjvTJlqE4vpvjMOrK6Qoh$cV4bAVR/Io9ykDSCyAj8j9LXVbFBGr5NcWzS/DwFqS8=	\N	f	resp72				f	t	2025-11-11 12:56:09.99731+00
115	pbkdf2_sha256$870000$fflzeSKWqwioYfu3xMGaYU$8CdVpzmoAxZzxHw1eGAwrvHe2wJISP8o2ODmluDRETs=	\N	f	almn34				f	t	2025-11-11 12:56:09.750863+00
145	pbkdf2_sha256$870000$L74E1ZLCNyWdNiy13EqKlv$aQH8JDUZR9Ne7enI5XKPDJCHKv6C/DrZr07TrsUn+LY=	\N	f	almn44				f	t	2025-11-11 12:56:10.781174+00
158	pbkdf2_sha256$870000$s3IwP1RQbSIhCeGQsPkmZn$M07XvEPSBCuScj/xaIMKgS7E7Hhn7pSLJMalxOPvnQY=	\N	f	resp95				f	t	2025-11-11 12:56:11.242373+00
118	pbkdf2_sha256$870000$c8OLaAtGWWAeLyVBxVfVil$r3rOF3wBCC+RIxKJgubmAAPaKpZsfnAMlXbQ77pzdyQ=	\N	f	almn35				f	t	2025-11-11 12:56:09.840456+00
110	pbkdf2_sha256$870000$JkXGCJlFK4g9YtQwuyY6NR$Sj/yUB8WIAiQzy9NfULNu/OM0Kte2fBqWuBewT8B2FQ=	\N	f	resp63				f	t	2025-11-11 12:56:09.560334+00
103	pbkdf2_sha256$870000$EPk4rTqRRXHbACa5TBUpg1$TcEBkrIC6Pdk7Lj88qu0bd1QwWhgESFhnhBNMBQRHLo=	\N	f	almn30				f	t	2025-11-11 12:56:09.344133+00
162	pbkdf2_sha256$870000$SDBUWz4xxpWz0UDHA3rpwN$9puAWrgeVlUNGIgFSKdazRmp4QA7TYBqW+o/5mttgUA=	\N	f	resp98				f	t	2025-11-11 12:56:11.349378+00
125	pbkdf2_sha256$870000$52SiJaMhdGfHgY3obraxOV$8LsJcbEgLC6m5LPomPygSEPLCWChMuEfILqX3QSh8NQ=	\N	f	resp73				f	t	2025-11-11 12:56:10.065385+00
157	pbkdf2_sha256$870000$PP0vkaThtlY8HdowOYPqpS$MrZjl9rMp3DHKlPTKxggVxTHAWpugFcNI18rzaSBGaw=	\N	f	almn48				f	t	2025-11-11 12:56:11.22336+00
133	pbkdf2_sha256$870000$VtI3qcznHLpIEauEnmOx7a$KbTQRBwmpKSxMbU5upKe4W2X/nNlKE7lDBiPTJUT7l4=	\N	f	almn40				f	t	2025-11-11 12:56:10.347302+00
174	pbkdf2_sha256$870000$d5GBdjcIfVxZkJK6Qn9Yz4$rlImGlDaFCZxeyXwKUQmurNwwQNkPyXDqwKdeqmGT/U=	\N	f	resp106				f	t	2025-11-11 12:56:11.708269+00
178	pbkdf2_sha256$870000$kjifPUPQQmYsQlzxYGdbka$Os5bXHSB94iC40JSlY9OnHqW6Kg5nSDAmJiUnw8vsDc=	\N	f	almn55				f	t	2025-11-11 12:56:11.825251+00
111	pbkdf2_sha256$870000$c99rbo8hykmgquEFWZ4Nuw$fwC3l46rqt1lwPBVHr/XRtffduz2MPMFjyDOERAFRUA=	\N	f	resp64				f	t	2025-11-11 12:56:09.593099+00
175	pbkdf2_sha256$870000$8AxqyN0FxQ6t17tvqSeiiH$A+xoyipwdA/t+Rt+XKnNRLLf3l0KhIWfEzzWSUhrnBk=	\N	f	almn54				f	t	2025-11-11 12:56:11.743695+00
166	pbkdf2_sha256$870000$81cvqmbYp5Eoz34eHFWakh$WCLcirbbgzbKsE74WJitEDePasmrnStntNZZmqlMPVQ=	\N	f	almn51				f	t	2025-11-11 12:56:11.480251+00
200	pbkdf2_sha256$870000$airh9nKr2ePyfLNi6EinYN$jVjIv4NmElrDc4cxluKbgfBZHI1gsv/2SyspAka1BCU=	\N	f	resp123				f	t	2025-11-11 12:56:13.042511+00
154	pbkdf2_sha256$870000$AZ1GcqkWyt9PKHUtOb90tx$NbbkA4TOOzO6LW7W8RtNHL0HSrI0vj7KmUYyD5EVTok=	\N	f	almn47				f	t	2025-11-11 12:56:11.129434+00
168	pbkdf2_sha256$870000$bgmFqfTDYKsyCfCrszskI5$k8Dpoj7F6AeopIJ+GruYwQV8AQ8qyQ9aMeuyLOmIAdw=	\N	f	resp102				f	t	2025-11-11 12:56:11.543148+00
181	pbkdf2_sha256$870000$tqIAR8csV2unoLlXr2qqGS$Hio2APxNoavhWVPM9Mc9CtoI2W8cpxcMb6rmdulusrw=	\N	f	almn56				f	t	2025-11-11 12:56:11.908985+00
193	pbkdf2_sha256$870000$XOYT9mgswQvwUqA4w3T2jG$EDy3S0506EzXt3bw5yny5EuFsMqqshmWhUf8g4zDuQs=	\N	f	almn60				f	t	2025-11-11 12:56:12.588506+00
183	pbkdf2_sha256$870000$5NhbmvPGvF8mVEhWxm8gJK$+xgdrtJTENcKcgzf1FNZqoqQD40CMtU3UMAeE5DBzdU=	\N	f	resp112				f	t	2025-11-11 12:56:11.970429+00
208	pbkdf2_sha256$870000$YFeFCxsXbF6auyS8YaMwYR$sgqq1OBj+f9spMZ4P2VSTQ9U0e+i15XMjl1exgzIJ1U=	\N	f	almn65				f	t	2025-11-11 12:56:13.324997+00
99	pbkdf2_sha256$870000$0e1ddL0IcVxUveKPEAwJpD$CsjiXDT9tg+W6cNl9GmnoHyemdeFxeDaUTqNz3xsvPk=	\N	f	resp56				f	t	2025-11-11 12:56:09.214303+00
205	pbkdf2_sha256$870000$I9996zBNMlLXhF82lKX0yr$br13a9GhDgImeGmsTqVq4HBNzUIWGvXhjly3bjwWqfk=	\N	f	almn64				f	t	2025-11-11 12:56:13.205311+00
204	pbkdf2_sha256$870000$QEnPzFQKgIVFUrk0F320AR$qrU69md0IEDdwpDjCDaYJ8Ygpwh0pkrPsNms1/6kSn4=	\N	f	resp126				f	t	2025-11-11 12:56:13.142194+00
138	pbkdf2_sha256$870000$jntvjdufBngREXLei9MEUo$2LMhzRZXIcfwN+FkZopNloFvhLn25hfwNK5MSHApMtQ=	\N	f	resp82				f	t	2025-11-11 12:56:10.521016+00
192	pbkdf2_sha256$870000$0Dzcp46TczbMWtSkYRCMid$Jc3FOZAYlQQpForyfnUI1B/1M7DyaFS7oai/RG6JIO8=	\N	f	resp118				f	t	2025-11-11 12:56:12.474029+00
207	pbkdf2_sha256$870000$jTJDrNQ6k7AeTvVuqBELQc$ovZUlr2Oi6VxJShgoJ/fusAa0hQbT8sqypft94s44YY=	\N	f	resp128				f	t	2025-11-11 12:56:13.287405+00
132	pbkdf2_sha256$870000$8nrQ9s0Is1cpsQ84wGhT3a$KVYMyLtJTXZn4fKEBIbD/EvMj2YJNIUTS7WBXnoyAWc=	\N	f	resp78				f	t	2025-11-11 12:56:10.311116+00
152	pbkdf2_sha256$870000$SjFEh6OT914zNd0maYXduN$oCSWiqPHuM790E/rUCpvmPYgiPr5yq5qgyxEY9qGgeg=	\N	f	resp91				f	t	2025-11-11 12:56:11.011582+00
137	pbkdf2_sha256$870000$3GH0z05Hcp3YJDOtcUF6hg$QJfjWAqEkc1gOnRvy+sq2nCIVkzzD179yDjCIa0Cd38=	\N	f	resp81				f	t	2025-11-11 12:56:10.487625+00
147	pbkdf2_sha256$870000$1cjnEYGY52NDwzN12SxrU4$qWiSweBhOCdRBrwkW1P6fBLJlVqKfxal2oK0PU8J/CM=	\N	f	resp88				f	t	2025-11-11 12:56:10.827948+00
104	pbkdf2_sha256$870000$4rFExHympcLiHiWgs5TUSM$wHW3pJQ+xCXRE9IT3KYVv1hl4Onqsk4nfxKjINE0+Fw=	\N	f	resp59				f	t	2025-11-11 12:56:09.380449+00
170	pbkdf2_sha256$870000$f1IJilMAwnNxq1Vm54GCNF$jj7o3cZ2d2Pf+yKyeiHiYjaLkgycJr0dgNfHMOW06Zc=	\N	f	resp103				f	t	2025-11-11 12:56:11.597167+00
128	pbkdf2_sha256$870000$G7AIc5k4Uf64OTfSP6as1q$b5ID6qD8m9SDvy0GxdZ9SoCk3KpAEprzjybZNuKk9k0=	\N	f	resp75				f	t	2025-11-11 12:56:10.16419+00
153	pbkdf2_sha256$870000$UWnRXe8okf5Qo4p0OzlwBV$07pxpkj1DXyYGJYR5LpnOW4Eb8/3mYPIzRfGWNOanH8=	\N	f	resp92				f	t	2025-11-11 12:56:11.070824+00
143	pbkdf2_sha256$870000$k1u3FcGxuMA3cltwxxznqD$g8sC5TOFNKskaWnGcktDTcqxp3SyB5+MJBoPcLiFlVA=	\N	f	resp85				f	t	2025-11-11 12:56:10.717776+00
180	pbkdf2_sha256$870000$2OSrSTEkOIllPVCe7xmle9$/jqrgbcPEsVBvI/OAEFLEC4bSwkkz5ZqX5Q1ki1stcw=	\N	f	resp110				f	t	2025-11-11 12:56:11.871017+00
214	pbkdf2_sha256$870000$MZDbG5F8E1QjLfmNqEfELS$Mxj+064vQi3deWcLpF/ra5dPDMgv+kwlgtFF0Oqgeww=	\N	f	almn67				f	t	2025-11-11 12:56:13.491523+00
236	pbkdf2_sha256$870000$hH22NynwC9iNCrcW9yooSz$HLQ21GNtrGHFjg6jZMg9w7xSR8YUEYLmdBheyk/3c/4=	\N	f	resp147				f	t	2025-11-11 12:56:14.23513+00
221	pbkdf2_sha256$870000$x8N7U7sFTt2aG9T9xW619k$wNe36JqZ2WvuglCiKNx6Xe/Z2knL+CNUoFEKRno0LbY=	\N	f	resp137				f	t	2025-11-11 12:56:13.726746+00
237	pbkdf2_sha256$870000$Y9Y64MGR4GaLXzUkwUf4pl$+HTEW1DSbjcBx/f6abjzOV3I41G+JCS26KoXt+eywNQ=	\N	f	resp148				f	t	2025-11-11 12:56:14.259197+00
315	pbkdf2_sha256$870000$v5f9U7iFbMHMXz8bKlhDac$pY5b/TBPsRVa3bZ4qJN5LYWJ/LWG9G8DMBOGfd4+8+Y=	\N	f	resp191				f	t	2025-11-11 12:56:18.16819+00
220	pbkdf2_sha256$870000$YEplV6deg0IHMtC25mApNP$anq5zdDMx5Y4qXIA8r08Ap743h51DcNT6vAZwSUE7xc=	\N	f	almn69				f	t	2025-11-11 12:56:13.688344+00
293	pbkdf2_sha256$870000$wYVZWMAGuAa2MLX0JE2C4q$F/+ZYU5lkBdWo+9jgN+KrlW4y9ZwMqxqyglhOssDYsI=	\N	f	resp180				f	t	2025-11-11 12:56:16.795526+00
261	pbkdf2_sha256$870000$Zo1GGrbTTUtHEf4XSUPn0I$dQEw0u/aJZq+vvBF5Sfqmjq2dk+fbrZpZUafqvFeCtQ=	\N	f	resp160				f	t	2025-11-11 12:56:15.287305+00
277	pbkdf2_sha256$870000$8gvaTjCSiUyU9W7vaFQG5Q$M0mO3fnkebpMoG/0bygReOYzZEIK+2IK5qley7qyDDg=	\N	f	almn92				f	t	2025-11-11 12:56:15.836457+00
287	pbkdf2_sha256$870000$BLgMRZc97tNn6S50q5nfxA$wVuXuQw0ByIrRUJoFfIihH3bwTDD+0w+qhEn+zVRY0k=	\N	f	resp176				f	t	2025-11-11 12:56:16.627865+00
272	pbkdf2_sha256$870000$rz0D9hyuyiiLlhJwroeISm$OjcQ+gDlYwJ7syxVND5m1RfhgG7ajx7gua1vf66fgi4=	\N	f	resp167				f	t	2025-11-11 12:56:15.640759+00
274	pbkdf2_sha256$870000$pccu12Bf7OWlwnO5Gvs7Jh$IUWI3M2D+eSdfw3EUuZ0iSMIlXeUXVqrIavaSHP+sDs=	\N	f	almn91				f	t	2025-11-11 12:56:15.728649+00
316	pbkdf2_sha256$870000$LXzk60TPNJnwkeM4BKzNqI$uvVSgkZ29G/iPmew9lLAeuhCaK+FSurs0h4uTsU9nuo=	\N	f	resp192				f	t	2025-11-11 12:56:18.207181+00
286	pbkdf2_sha256$870000$uRDYjSsgauOrAsIAY5FlHV$H0PJrTuslDbaxbwtKCqF1XE/blDNUhMaCrSJ2oI90qo=	\N	f	resp175				f	t	2025-11-11 12:56:16.59414+00
297	pbkdf2_sha256$870000$561FZwqWyKUOxRKBW64iMl$ZjKtbe/Qi/ZHsFatg5ahWtbPP+rAHhgh4s5zZ1180bQ=	\N	f	resp181				f	t	2025-11-11 12:56:17.155115+00
238	pbkdf2_sha256$870000$9Wwjy89tke3VZx9rFika5Y$Y0XVTc8X+TlY3PT2p53Y19asHA/f08wJ5FTUQmJyDfg=	\N	f	almn75				f	t	2025-11-11 12:56:14.321454+00
219	pbkdf2_sha256$870000$HuykP2DbbaA6yn8wV6Wx3e$FRkOeP8FoEobtauRl0itKcnyxGlLLrdGcRjV2MuLnqM=	\N	f	resp136				f	t	2025-11-11 12:56:13.632287+00
225	pbkdf2_sha256$870000$jtBl6feaejPP9bPesXxtEG$g2bDS6hlM84QgwH7WPyR4ivWZ9vEEKvmINRSwIu/nJM=	\N	f	resp140				f	t	2025-11-11 12:56:13.892117+00
263	pbkdf2_sha256$870000$iuT4a9bVWHuC6Sf5rRk5Pp$o7UrdUx9Pr4DM6/p6mvRxY4rE1TeGMJo9ofHrBLBf7o=	\N	f	resp161				f	t	2025-11-11 12:56:15.369799+00
217	pbkdf2_sha256$870000$3jat9WTh9DczfPHy0ed0T4$JC87G81XUpzgjT5vLyYwjOJsXiacOlArEgnw8/GKK6c=	\N	f	almn68				f	t	2025-11-11 12:56:13.571944+00
251	pbkdf2_sha256$870000$Ct4PtSBvSKr3KJfBzPbbsl$GSgUOEmC4vPFj8hZVrlzqUyPbF9dyovLCI7GaNlkKFg=	\N	f	almn82				f	t	2025-11-11 12:56:14.914064+00
254	pbkdf2_sha256$870000$14CCfwY0yWv7nMLzTobYaI$CMv1g2KJDjJfBAkH6a6hNvv3n+AmMAVvr6p4bAE0e4Q=	\N	f	resp156				f	t	2025-11-11 12:56:15.047085+00
250	pbkdf2_sha256$870000$6MrwS75xKYfZRytIfpapgV$UgpFhMlWH7HcU3SiT4/FlVUaBdaKhddO75OY6lyi0KM=	\N	f	almn81				f	t	2025-11-11 12:56:14.847728+00
270	pbkdf2_sha256$870000$sFjNDbwcGecp4qPg43aePZ$p/pH5XKwKYO4giZUt+zFsQ1CmYcOzb2j2tXC3hvWDTI=	\N	f	resp166				f	t	2025-11-11 12:56:15.575313+00
245	pbkdf2_sha256$870000$FlG0MJxBNUqqKJkCenREFt$9WORDNrFIjWkymEwLH66Kl+3tilKxliSr32mJbBXDK8=	\N	f	almn78				f	t	2025-11-11 12:56:14.575345+00
256	pbkdf2_sha256$870000$6dIciR2qBY6eeqBd9CNUrH$f7g9Dhe2cRlRtCPZPw5JyRl9rBqreWQeopfr+H6F3r4=	\N	f	almn85				f	t	2025-11-11 12:56:15.15118+00
218	pbkdf2_sha256$870000$9WayS7fwfUpbpyiXZYGK0D$nAh3K8/8gpIGpxCxa+dRJRJ+w2r46w9A6uWcrmG7yJs=	\N	f	resp135				f	t	2025-11-11 12:56:13.602006+00
216	pbkdf2_sha256$870000$JP5d4FdSkuBxLmu3DjsCNS$1e44veEXb+8sHNPaiMh/tGq4FBW6W6hMcq9Ud6kChmI=	\N	f	resp134				f	t	2025-11-11 12:56:13.536745+00
262	pbkdf2_sha256$870000$bBLsgrZnYkdXHJ30mFHsB0$GYhi6a7NB7tHJ/brlF3G5gieFdBeUkomWacvvPlwXEk=	\N	f	almn87				f	t	2025-11-11 12:56:15.337002+00
285	pbkdf2_sha256$870000$DMGyrapC9aPnepvydAbrDt$Jsd5YqUgywk/VRmrJORDTCt5K/YnEHGKBYBF6LGa6p4=	\N	f	almn96				f	t	2025-11-11 12:56:16.489229+00
292	pbkdf2_sha256$870000$nikOCfVbJmcAkc2y42eBe7$QxkGfNcUQJteAMtWhLopot77U1wjL8/o0YaxnrxexN0=	\N	f	resp179				f	t	2025-11-11 12:56:16.77111+00
301	pbkdf2_sha256$870000$bPtNftluoTn8ngpwxUcXqh$z4SmWgOFId9Tra+P0ZE1O7wKRA8ecjWjD2hayy6zE+c=	\N	f	resp183				f	t	2025-11-11 12:56:17.585906+00
295	pbkdf2_sha256$870000$Dt2cstNR2fgR2hC0HYv5Bv$C/Be8ObrREcosQyi2kRwEvEs8SYiQ0RVOBoO18dIsZ0=	\N	f	almn100				f	t	2025-11-11 12:56:16.941331+00
244	pbkdf2_sha256$870000$8jvo6al60KfSiPyvwOUanC$JkfuaTzD5uAi1hiFCSXAUgb04E/h8R52kYJrcg9eHiU=	\N	f	almn77				f	t	2025-11-11 12:56:14.495506+00
303	pbkdf2_sha256$870000$fPpqQ8Ls67Z2fg6uNKl0ys$z7nAEz82KwcAyGTgdD4CQ0qZSM5l1TRJqDI1QqlaJy4=	\N	f	almn104				f	t	2025-11-11 12:56:17.663326+00
317	pbkdf2_sha256$870000$o5GvgQhc1qvRLo1rsttw7L$ZlLqU3Qu5XzC1sb7vgMkJjxS1ZReX/GOcfdxHgkqwAM=	\N	f	almn110				f	t	2025-11-11 12:56:18.282351+00
320	pbkdf2_sha256$870000$lDIstODfswGZhUihXnL7IW$Xs6UqGCREFdbJoms98p/4yCaamv64FMdiI+Fy29TNMM=	\N	f	almn111				f	t	2025-11-11 12:56:18.406001+00
279	pbkdf2_sha256$870000$D7O4pgLI9LwT9GP8pXRDYy$P6+Qhbj3K60u/jVdxM5PIRCtxzJMkPKw9IqD4nhqstE=	\N	f	resp172				f	t	2025-11-11 12:56:15.902297+00
296	pbkdf2_sha256$870000$GRhPnF0LzTiF7iQVwYXy4N$JsNs9J1yBE8Q/DpUq7ZaQSQk/vMwDgk93izwCTdV7ac=	\N	f	almn101				f	t	2025-11-11 12:56:17.109806+00
234	pbkdf2_sha256$870000$LrPEE9hA120AyeRMJadQqL$B8hW40IQ02y14zPcFxa7BGmmP6kzFC3JSBpH7j+hgtI=	\N	f	resp146				f	t	2025-11-11 12:56:14.180059+00
310	pbkdf2_sha256$870000$hgopebQa61Ts2f6vvkTBR9$OYJhwZMiJNLxMzKjc9W1OkSkgHB5brDlZ3/qIYr+zl0=	\N	f	almn107				f	t	2025-11-11 12:56:17.902283+00
283	pbkdf2_sha256$870000$Bee60SD1HcSxTYjJpwClQe$harWv58LabMqMCAmvIqbpLSYN3WsxtwXNI5qjC9IpDA=	\N	f	resp174				f	t	2025-11-11 12:56:16.103612+00
258	pbkdf2_sha256$870000$LDi4QhIKTBV1SjMDVSIEfa$B27PCqvFV1/7N+8SycVIuOAjX2HD1hMsHneRw6WQ4JM=	\N	f	resp158				f	t	2025-11-11 12:56:15.204205+00
302	pbkdf2_sha256$870000$73wCObp7dKH9C1Bul70Ga2$dKvLW86Sa+38rk32a6sK6JQVKk8jmW/dFv6o3EstoTg=	\N	f	resp184				f	t	2025-11-11 12:56:17.624622+00
231	pbkdf2_sha256$870000$ht1sacr3CgdnuklWaMxyf2$2CBm41G6k21VRp8ubScxlzX0Z8x51bbir8dxzCimaUc=	\N	f	resp144				f	t	2025-11-11 12:56:14.098318+00
247	pbkdf2_sha256$870000$qPwtzQx1AqVyXbPPRJeexm$JDjvVcl7GqvYHUR+NiA2ewym1y48gMo1Jq9A2e0wBx0=	\N	f	resp154				f	t	2025-11-11 12:56:14.634475+00
215	pbkdf2_sha256$870000$PVVqxUwmRfOBe0PINqqJNh$eWZsf1vYhuoX772CZmuiOXxcddQghW6Mrjh3+EAVDuk=	\N	f	resp133				f	t	2025-11-11 12:56:13.514399+00
327	pbkdf2_sha256$870000$E5d6kADFjgYibhZhCadEay$XlneUhezhkTLvP4q+fT86aRDe59z3Smyf8CSMbn2rs0=	\N	f	almn114				f	t	2025-11-11 12:56:18.816197+00
417	pbkdf2_sha256$870000$pOXNYVB2xosgr9a4NklIrH$w9aCuPh7Fk6+pCCKGOZjIfbZD1PiM6dRp70gMBoJX24=	\N	f	resp249				f	t	2025-11-11 12:56:23.672706+00
365	pbkdf2_sha256$870000$UneRjaD1IlwwcFjF2khN5B$b0xAIq6gtcFINHh7IH7t9W6Moef9v1WfRsYOGmUBAZw=	\N	f	resp221				f	t	2025-11-11 12:56:20.714722+00
421	pbkdf2_sha256$870000$duETvV6BO8m6Ne0fT3378k$qGJ7ic+p+/PbTvxyziQXLqTOuMPjeTuUYt9xyZ3VBf4=	\N	f	resp252				f	t	2025-11-11 12:56:23.784927+00
395	pbkdf2_sha256$870000$rzXYNDY8eQqNdrDnYcfJ2Z$LhLJF45+vuEfA4fbVm34HHkWpfpNmwC5KgLaPdeDFqo=	\N	f	resp236				f	t	2025-11-11 12:56:22.69414+00
347	pbkdf2_sha256$870000$vDSvQCeAHuL7lu6wVrFbfR$u8IQ/w3R47TdBpIO5KIT5yZVx+dvNItkexpBiPvGC94=	\N	f	almn122				f	t	2025-11-11 12:56:19.968208+00
337	pbkdf2_sha256$870000$1GJ5sraDKz7cIHAknC3teI$5r0CG6Wukk1w/gzyofw8n+6RtqMfXLLv5w0EqHMVmXM=	\N	f	almn118				f	t	2025-11-11 12:56:19.346621+00
429	pbkdf2_sha256$870000$E6GkcqVKcZIXi7NMQRNaB6$8zvhdZ9Oz+csb4lY70JkvVOKdMFFdlO92L5UZMpoZKo=	\N	f	resp255				f	t	2025-11-11 12:56:24.143606+00
339	pbkdf2_sha256$870000$I8DosQdrN3bCIN0Qy92Otj$kf+xa8Lm6KfL9S8nxyKLXWkOVA3eJKAexoJwzfLS1MA=	\N	f	resp206				f	t	2025-11-11 12:56:19.426463+00
430	pbkdf2_sha256$870000$JPRiOLdZnbHILlL7SFxu3c$E5paXDnTgdD3JU62StkbVPjPhtYDCXkFM4/67iFqew0=	\N	f	resp256				f	t	2025-11-11 12:56:24.180118+00
323	pbkdf2_sha256$870000$qUrh2bVQXp6qcOtsW50Ttn$pkNV792KfAtq0bIoW7Wh94AqVxhoBb6o31vmBoj6Mgs=	\N	f	almn112				f	t	2025-11-11 12:56:18.531476+00
336	pbkdf2_sha256$870000$ENZHM3WVtJsEjqQkMRd1Ic$K8TVFoj4Y3dV2JabQl3JJScc7c1+DfRHvsj357Zzgic=	\N	f	resp204				f	t	2025-11-11 12:56:19.282186+00
394	pbkdf2_sha256$870000$jAnxnkX3EIIJzxPGrjkhm4$VWIKWGYW2H5XSs8Ph3vGvmLw1XAzI+Z2nhtf1dCtv+U=	\N	f	resp235				f	t	2025-11-11 12:56:22.631577+00
356	pbkdf2_sha256$870000$oTflFKHkmaiKCEi2ytIiUy$AM65NZjl515hDLW4/tP20ibHdeXiWPKO4MZZpuDF/jE=	\N	f	almn125				f	t	2025-11-11 12:56:20.309785+00
330	pbkdf2_sha256$870000$UGKn2Utv94gFGowNCy9su0$9cOofPXuAsQaytNPo6gIR5qubL+ioDtILitbvQgrd/Q=	\N	f	almn115				f	t	2025-11-11 12:56:18.956685+00
379	pbkdf2_sha256$870000$AFebZxRrSMysOY8QVYAAsl$NpTZjMfuN24uz8lMjfcdeUo639ZPbccjee4cSPTcINA=	\N	f	resp229				f	t	2025-11-11 12:56:21.32686+00
332	pbkdf2_sha256$870000$dMJhFRSeLyXytNkPdiXeNE$pTrZEXsKYjBwaIV/dmJkrRhrS/fMD1yBcDCU1Z/prj0=	\N	f	resp202				f	t	2025-11-11 12:56:19.041776+00
420	pbkdf2_sha256$870000$l0CuT2a1Tsn2ErXJmQqaxb$LTXjbTZLbIdKBSyLVVXsqaDztkllvLD677FuMiuwNKE=	\N	f	resp251				f	t	2025-11-11 12:56:23.757712+00
400	pbkdf2_sha256$870000$Q1U9RxsKG8gwWQH74XmqhR$xjj+l2HNaYnLBBPotvnv3o85Z9RCzyN2RQf93aqh1d4=	\N	f	resp239				f	t	2025-11-11 12:56:22.943736+00
341	pbkdf2_sha256$870000$v2r5Qx1TX4lk3haKryEGu4$aveXdOAiN2kLiD/mKN4SZutHi5EglBxF5twm5IdFn/U=	\N	f	resp207				f	t	2025-11-11 12:56:19.526815+00
433	pbkdf2_sha256$870000$fwpZ60eompJrXiVa9fEDkU$ueITJkYrj1dYXIXHIdASxwIjl5OZs3ywaXTxo7ifbZ8=	\N	f	resp258				f	t	2025-11-11 12:56:24.309277+00
331	pbkdf2_sha256$870000$dhP1Yr8bPUT1vlb6r3uAdO$/gYVWZU0h28/5W3VB1Ah6/OL5s8ag+yF8yReWQDRn3U=	\N	f	resp201				f	t	2025-11-11 12:56:18.997659+00
414	pbkdf2_sha256$870000$MwYTTHx7Oc8vGKN2dnAxlT$MOfSwj8cPHo91A/DDQebyI9osmHdrTdM0ls7w6mUQ38=	\N	f	resp247				f	t	2025-11-11 12:56:23.553059+00
390	pbkdf2_sha256$870000$CCz6WT0b0cCVfkikp0Ldoz$qUW7fajA4YH63VCa6CV7P9QX3wfzQFPWzlUs2PqHY6k=	\N	f	almn143				f	t	2025-11-11 12:56:22.381229+00
374	pbkdf2_sha256$870000$o56i5lZqfVs4AUXk9KjPVV$pXSPBg9R+qpbOfo/kC1GmCgBsjwoXTBeKecmW9jOyr8=	\N	f	almn133				f	t	2025-11-11 12:56:21.069681+00
351	pbkdf2_sha256$870000$95JbPpiUXTf39tDrLXJ8vE$iorDWw+sxYHCgC0uA2JSZjnhw7pgi5YmoTKkZVHxCNc=	\N	f	resp213				f	t	2025-11-11 12:56:20.088187+00
378	pbkdf2_sha256$870000$IHR2mxXeX76xNNwwy1OjMo$tAXJMWj87YsCT/izaOpvauqFPGJjS925hH70rQjEZFs=	\N	f	almn135				f	t	2025-11-11 12:56:21.29449+00
397	pbkdf2_sha256$870000$WiwH9f6XJmWYi1tTLohQBf$vGiKcoCnLjKZyb+DGSjeznAjxXPlIPSH8YuhCIfmgIs=	\N	f	resp237				f	t	2025-11-11 12:56:22.783293+00
381	pbkdf2_sha256$870000$5ud3ovfc4UzdiqPmOT3hXf$sBF2qBNfKkxoCpJHvdC/3y9rrkFXvCq9Q/xtPVfFqRw=	\N	f	almn136				f	t	2025-11-11 12:56:21.415363+00
411	pbkdf2_sha256$870000$ub69aM1yVZSBLrz4JhsvEO$LRna88YtLZMQO//nBg6Qb8Ya/pIEXz1+UnKfqZPVfYE=	\N	f	resp246				f	t	2025-11-11 12:56:23.39486+00
384	pbkdf2_sha256$870000$oDni8u3za1PKfRqWoE7rk4$DXhR/Z9c0Y4fBryRn89KhueLNbqALYRthv7qhBoevtw=	\N	f	almn139				f	t	2025-11-11 12:56:21.671969+00
406	pbkdf2_sha256$870000$vqQfs6VI2TyXgCiM5G8YMh$YOUBLuY1/obi20sBldhVM45NnWB5IfZ56pgXAJfo3Gs=	\N	f	almn149				f	t	2025-11-11 12:56:23.250017+00
383	pbkdf2_sha256$870000$PR8fELWgCRAZGpB3O5gFip$teg9TrGTpryKoKV3mpMyVSkuSD3CH+VAkUDByy8DBbY=	\N	f	almn138				f	t	2025-11-11 12:56:21.55893+00
377	pbkdf2_sha256$870000$MDJQc1FCWigQryKKdMbHpG$J+Hm3wQHMCL4wdRqQ/Pj19TN9up5HmjbJ+KKpYgFdtc=	\N	f	almn134				f	t	2025-11-11 12:56:21.185193+00
404	pbkdf2_sha256$870000$I8K71sJ5kbP6101gxKxQEO$O/1HYeB06SIq+a3mEatjUD2uI8NKH0uULjxOrV8KB3w=	\N	f	resp242				f	t	2025-11-11 12:56:23.063696+00
363	pbkdf2_sha256$870000$AMTu7ewvt0dbJJ51qlFQOy$GF77Hr9mzefSOCohBhvT+zB24PwQuTpoIn93Q+cuyTg=	\N	f	almn128				f	t	2025-11-11 12:56:20.603646+00
389	pbkdf2_sha256$870000$Ye3CJUzPxaAHXXF8EB7Pea$wsqI90Jtaztg/iOFOAl9hQyjdT7Ts6YabPH05op9MLU=	\N	f	almn142				f	t	2025-11-11 12:56:22.190384+00
322	pbkdf2_sha256$870000$grt6StIY3mcZXZZUpglrrb$xprCU8knjgAJCdOyStwSsGSpOBj+Ib2VY4EQ2Tzsg9g=	\N	f	resp196				f	t	2025-11-11 12:56:18.468215+00
423	pbkdf2_sha256$870000$ju261HtEaJHBzMNOo54m2z$2GnTxz/6cJvMU1l3kml82wsA/809InJmylEzgFme0jM=	\N	f	almn156				f	t	2025-11-11 12:56:23.891538+00
409	pbkdf2_sha256$870000$g4knnCOxDqQVreWZCg8L4y$6CDLq0c0vgL23d9MQT+B8tCuFhvNHZ6+tFiy/ywM49A=	\N	f	almn150				f	t	2025-11-11 12:56:23.344109+00
427	pbkdf2_sha256$870000$6bsIOzD8JB1LuQuHgSsMwE$heY6QbJHhg9jQu07QStDp/g6SRM/pq1iz7B/7GQVQEE=	\N	f	almn158				f	t	2025-11-11 12:56:24.047856+00
426	pbkdf2_sha256$870000$6qc1c2qDd6GwgmeFc2xUPD$tkFTZ83Iz523XrBig7hi+szhmkuN0vjmv0fnMyvBKJE=	\N	f	almn157				f	t	2025-11-11 12:56:23.978496+00
419	pbkdf2_sha256$870000$Q8e3iINsbUg5fIo9WQmV5c$BmwvlPZXhz9EV1IcVt6Mkwtm2kDLGbOqHkIZ8dmERTA=	\N	f	almn154				f	t	2025-11-11 12:56:23.737064+00
354	pbkdf2_sha256$870000$IqJPpiTGO46dEIQDuz0Cjc$i6nhlYqg71bWoTfpoED34vr4cH6a3hZ50LBiJWCH34o=	\N	f	resp215				f	t	2025-11-11 12:56:20.217468+00
376	pbkdf2_sha256$870000$Bdj406aem1Y08bwvGIfTAi$mbZcYYV/rSpmMZA6nHIREKLJG8Mdfmba7hWIjDOWQIg=	\N	f	resp228				f	t	2025-11-11 12:56:21.130277+00
342	pbkdf2_sha256$870000$nm50s1GRp2SRikvNsUStCj$Z1JdXErUnNrGAozGLdz5f38DI1Rg0Umq9vIWu3jvjNM=	\N	f	resp208				f	t	2025-11-11 12:56:19.570372+00
392	pbkdf2_sha256$870000$4KF8IBjVAMdQmogCxywBv0$T1RUckiMY24siAzmY2kBerLlrJkhuYHFYutX/7Nonlo=	\N	f	resp234				f	t	2025-11-11 12:56:22.494757+00
511	pbkdf2_sha256$870000$N7iSh3lRNyyNCVAB6aE7YZ$WsHiLl/HMRLaGMLic6I7vhmoID+jYjqIBiAbqxytJ4A=	\N	f	resp300				f	t	2025-11-11 12:56:27.815851+00
537	pbkdf2_sha256$870000$GRq7UnOGtWfvqBhsjWJd2U$atEPTgenEQEjI6z/6ckDwyp1kuylubHwDCp9E2L+aGA=	\N	f	resp314				f	t	2025-11-11 12:56:28.96103+00
441	pbkdf2_sha256$870000$DypUIsat1STucxGhakP7q6$DYjFNRx05ImxzLkyL0l9P9Kcp7OjnysuNBAUdcb0o8w=	\N	f	almn164				f	t	2025-11-11 12:56:24.615828+00
437	pbkdf2_sha256$870000$VYgvqbOhmiGi0Ux90NrBA1$Kev1e4hdQYcFk3SyFL9rEpJGCn12XK/tDK4caki4pB0=	\N	f	almn162				f	t	2025-11-11 12:56:24.438856+00
273	pbkdf2_sha256$870000$egK2em2TCIp5YDT6ilUALm$cg7o60EpMD+NCD21F1vFTcxSpokp0WXUdfk9nj4SLYU=	\N	f	resp168				f	t	2025-11-11 12:56:15.680192+00
540	pbkdf2_sha256$870000$eePEnmGPlO4SWvkDc7THmz$OBaBAdt9doaW513cAOghJU/douWGYsZBZ73jeTBEQ8A=	\N	f	resp316				f	t	2025-11-11 12:56:29.043983+00
543	pbkdf2_sha256$870000$ZhmCreDVohwvhCZ9xQNqf1$/Y6k70UlHjHaXsgpG25XvP+WjF+HKNDQHOea2YazRcs=	\N	f	resp318				f	t	2025-11-11 12:56:29.131622+00
483	pbkdf2_sha256$870000$6w2E5H4fCzhqnDnOBESfCo$HXkSJf3UQs1fsohT5MJlcG4cX5eneL+3wG4iKFzLX00=	\N	f	resp284				f	t	2025-11-11 12:56:26.764132+00
526	pbkdf2_sha256$870000$ZCox22TjDxr83xIt288XZE$s04jrDSJt8yx7EAyKqOvFvnbIXdUAh6onHuRERiAJ4o=	\N	f	resp307				f	t	2025-11-11 12:56:28.469377+00
474	pbkdf2_sha256$870000$FFo7caJDBJnaZNNEitaLll$mvgZ2G2W1n8CVcGWr4qa7zEY/FsxaJCGloxlZ51z2pA=	\N	f	almn181				f	t	2025-11-11 12:56:26.462273+00
486	pbkdf2_sha256$870000$LthtzsDgfskUN76UyH8t3P$yGnVT/9bsxnxyjNdFpIKvbw27pBgF818K40sAxFscb0=	\N	f	resp285				f	t	2025-11-11 12:56:26.887837+00
440	pbkdf2_sha256$870000$CWlevKofbmdoL437MSWniJ$ZfrnFrN1IoRPPe+0nPKVy0WLyH4Mq1nzTVpCZD0Flps=	\N	f	resp262				f	t	2025-11-11 12:56:24.556679+00
518	pbkdf2_sha256$870000$GiNdllLpf9r6IEKkfEpMD4$mKLPemuKW7GXEjGFQZO92xHLEf+Ermwi4+OYSZPH0mo=	\N	f	resp302				f	t	2025-11-11 12:56:28.205472+00
449	pbkdf2_sha256$870000$x4UnJk1gjgV0j9Sl3t23Fu$tETZZqhOpqMLq21ETFBWEelnadGaMNXC3q8oUKsMF08=	\N	f	almn168				f	t	2025-11-11 12:56:24.988937+00
525	pbkdf2_sha256$870000$b5VN10HinSHPkjPUuAAUpa$W63am+mM8rvsMhimBVN65fcBwXQsXEf+gI3SnqvdXTc=	\N	f	almn204				f	t	2025-11-11 12:56:28.443283+00
496	pbkdf2_sha256$870000$ehvIuBKYfoj89Ew7WYFoUt$9uESmEz6Vc9UClKeKZXFTMutFTE51xY0mZ6kg9EUA2s=	\N	f	resp292				f	t	2025-11-11 12:56:27.174255+00
470	pbkdf2_sha256$870000$dUvla0tihxRgJI7Lle6ifO$+aiHkJ++gQ3MJywqtKFXSWMyefsGy4zA6m/BQE9wpJg=	\N	f	almn179				f	t	2025-11-11 12:56:26.238673+00
460	pbkdf2_sha256$870000$BZY8QS5EOZmdNqNSbbODIg$ZPwO0M1zcBsKzOvj0fV0AZ0o0iuOaxM/UFTsqqIvlC4=	\N	f	almn173				f	t	2025-11-11 12:56:25.616412+00
476	pbkdf2_sha256$870000$2x7wFFtPrxNnNskzySiCGd$BxI44Oats0xb8IUDzHMORgYvOnFejH8wuqAPURyvhCA=	\N	f	resp279				f	t	2025-11-11 12:56:26.553552+00
469	pbkdf2_sha256$870000$fUVwlexg4zguJRcvo83EqB$n8Q7gsAh5bflpbF4oKvDbuzRb8lpbvdVf//kQ8u5d9g=	\N	f	almn178				f	t	2025-11-11 12:56:26.11971+00
448	pbkdf2_sha256$870000$EtyXE0wXWC9U9qnLOaxxcE$Jlk/BnVyMM1o0wBGhsq+JVOUjSWs7VbgdmCpIY3Lhqg=	\N	f	almn167				f	t	2025-11-11 12:56:24.893556+00
481	pbkdf2_sha256$870000$LeupTws7jQrRwdT94s0q5T$aqQ95x1gfMrRTY+OzCwu8fSEPqc/hr1cOcA6tMHnNo0=	\N	f	almn184				f	t	2025-11-11 12:56:26.708128+00
453	pbkdf2_sha256$870000$Addo1s7L87ZBVa0UPuqzF9$SdbSQNXOVuVA8ihhBgS0ED0s6wwqY4enBeADKX/dsNc=	\N	f	almn170				f	t	2025-11-11 12:56:25.21021+00
517	pbkdf2_sha256$870000$zKawT9qHFN8adTZrWRN6DG$wwQj6DHv7fb6WUj7WRkj+oxXhljILqCz3MBgdpW5gfY=	\N	f	resp301				f	t	2025-11-11 12:56:28.179749+00
494	pbkdf2_sha256$870000$3chuOmCbQroXvJ5PaOdjuf$lK5TN1Y1OE6JrwA2cQNRfZveIlc81AmKbwRx1DACEZI=	\N	f	almn189				f	t	2025-11-11 12:56:27.122141+00
528	pbkdf2_sha256$870000$gHKrFxwEWARSjqdBRroVKs$4ipa+HOPkphKUE8bn7Kb/xi5EfJEbOuK6S0yGEu6tfM=	\N	f	almn205				f	t	2025-11-11 12:56:28.571008+00
491	pbkdf2_sha256$870000$3izPOwdJlHekEsp1JnxbD7$k+pkue3zvz5mMcMAVCc0QUKxDYqBktvvziACzFAGSpY=	\N	f	almn188				f	t	2025-11-11 12:56:27.039552+00
436	pbkdf2_sha256$870000$FJ4RU6j65p7N6tUk5B1QJI$BBPTI4sxoC36dOnIwqDg5JTeLe9PPhbySoNI4Ptf5Dw=	\N	f	resp260				f	t	2025-11-11 12:56:24.404141+00
435	pbkdf2_sha256$870000$J4JYIBmmA6U7DifDCLTFhj$/HEjdIQOKzuEIeveRUt4wLruqH/BMbFTJt+Ge7idY+M=	\N	f	resp259				f	t	2025-11-11 12:56:24.377041+00
509	pbkdf2_sha256$870000$j9DSdmDe8PRFIH0PMiZ83n$tM8/0r0kT/EkC+lMItH/qDyAnD1QOOZQJUpS+9gtq0I=	\N	f	almn196				f	t	2025-11-11 12:56:27.763264+00
484	pbkdf2_sha256$870000$9GT8Kg8TWEXRrIAC4X0Ptd$7sYiApln0EvQ8ZhWx2dh3SP4Ebh9AtdjD3nMgxtCVrw=	\N	f	almn185				f	t	2025-11-11 12:56:26.801374+00
506	pbkdf2_sha256$870000$UjvpsxBi54chjyDL0G7Z6O$GWpmozGybNuSKio/ULnjp8waRpouGEKaSukt6cz/t4M=	\N	f	almn195				f	t	2025-11-11 12:56:27.678294+00
488	pbkdf2_sha256$870000$yRMO82ltGfjBWdWr2SYJj7$9iUmJFYsOMsjiKnmL+5UGzNwRbDDjVNB7XoteAPW9gQ=	\N	f	almn187				f	t	2025-11-11 12:56:26.955716+00
477	pbkdf2_sha256$870000$XORIXI5wYSTzr4u8tje6Dq$CtGcGwvrNZt3tQFsxOTmAPfoJgxDxDlz41D1NJLle/Y=	\N	f	resp280				f	t	2025-11-11 12:56:26.581158+00
541	pbkdf2_sha256$870000$poJAZpVLDaErGPultzE5Kr$l6QNZDq3RU9yj3xKwZLXQayGa8I4i/OX8hMFiGwJ1fw=	\N	f	almn210				f	t	2025-11-11 12:56:29.079993+00
447	pbkdf2_sha256$870000$Ndv54Rrz11onsAw0qs11GC$Xz2LhMBTwe36Ic5dbG6y79Kz1njntM5h1K8oY6rC2BQ=	\N	f	resp266				f	t	2025-11-11 12:56:24.859698+00
538	pbkdf2_sha256$870000$YJFvmX7DyWBvGG68UgSXAi$EyRkCubJO8tVyOIrZW4cao0nHa+S966Z6haJfPINT+w=	\N	f	almn209				f	t	2025-11-11 12:56:28.995513+00
534	pbkdf2_sha256$870000$aJmSnexfnKuqI1l51TGab7$0YQmPaGeejX64DQ4gv7KzUQSudG4V6R+34X/NXpQOf8=	\N	f	almn207				f	t	2025-11-11 12:56:28.770087+00
504	pbkdf2_sha256$870000$wljkPSyZpU3Lvns3t5MXZk$MDKQuYg2aCl8Jm+TWt/V8psc1SkcqYvZTcEqHQ5sEWE=	\N	f	resp296				f	t	2025-11-11 12:56:27.557338+00
508	pbkdf2_sha256$870000$luk5AF6Imp56qvEDMNZT6N$AKPOS8a5XnEAgNRhn/+sUTV2NRBv4BJHkh/wUBODW4g=	\N	f	resp298				f	t	2025-11-11 12:56:27.727194+00
530	pbkdf2_sha256$870000$Bpnfqr9DhRxfl9OmeEaTUl$qL4R7cjO0DltTnQ3GOzDoLknzDCRB+g3AqZ3cIFfEn8=	\N	f	resp310				f	t	2025-11-11 12:56:28.614869+00
490	pbkdf2_sha256$870000$5yZHJBP4f7u51RQRu7EXLV$2HpCCL33jrQi8hxyi5qxsyZkS+g4IRWm2diTzEAaFt8=	\N	f	resp288				f	t	2025-11-11 12:56:27.0051+00
467	pbkdf2_sha256$870000$vIX2IuWsxr2zkfejfhUfkr$4nQYabOGP02xrYSMluPMcWFfN0uddixjQfBYbyL+8dU=	\N	f	resp275				f	t	2025-11-11 12:56:26.026441+00
524	pbkdf2_sha256$870000$3RkMpUWpwV1dSWAPZoAz2v$E+C5ZhC+N3jXayuTU+bpjW8mB+8zqLx1Ir3Q3DH+CGo=	\N	f	resp306				f	t	2025-11-11 12:56:28.405486+00
536	pbkdf2_sha256$870000$gXnPcnkH0dvBLzv8h6yK5A$QmsRqaXtl000ot5DWsAKE+agRxKHXEvBtfQq93YW5+A=	\N	f	resp313				f	t	2025-11-11 12:56:28.927138+00
459	pbkdf2_sha256$870000$pPcQ2hlBkGsZ3Pwx3T4mi0$UN2o3OBri3NLBlk5wz+n32oPhuQh8n2w18dmJ3ym0gI=	\N	f	resp272				f	t	2025-11-11 12:56:25.580839+00
472	pbkdf2_sha256$870000$fX6vz1oQKkJ7RiXFBAEEyr$onun1azYAfIALKZXdRnO1GwcYN/xgdw+tVhTz0+cL08=	\N	f	resp277				f	t	2025-11-11 12:56:26.378121+00
548	pbkdf2_sha256$870000$ZqyrIYsEj5NaKSv4Pxn3VC$nt3SV3zeLGM6BOEHDapyF7amkTcr7/YuXshDWu6hpCw=	\N	f	resp321				f	t	2025-11-11 12:56:29.286889+00
572	pbkdf2_sha256$870000$GUqDff6tCj3JFw3OOZxgNd$vnmhkMNCdw6qhzUn3+mBxc2bM2dkcDn8a/2coPhiS6A=	\N	f	almn225				f	t	2025-11-11 12:56:30.362917+00
571	pbkdf2_sha256$870000$XljPwyFTLoK9L6rtsaWkWj$DTGH6GG4JHgn2wp4aLeGwxB2WK5AdoPNsa812Wr6nLM=	\N	f	resp332				f	t	2025-11-11 12:56:30.32776+00
561	pbkdf2_sha256$870000$28kALdsb5binaA9eYOAQ0T$/wFwwpq5LP2L2LTGFDm5z0uw1d/6Akt71PPGL8CfAcs=	\N	f	resp326				f	t	2025-11-11 12:56:29.981526+00
557	pbkdf2_sha256$870000$C8zm2AOp6LaOEhPjwQEdK3$Boi6pOnMPp8Kl9TcApjMZpxl3kqY6G5A+273zJKGgC4=	\N	f	almn218				f	t	2025-11-11 12:56:29.805179+00
547	pbkdf2_sha256$870000$GQsvgv1gWxKPwHonxUwYIA$S0XrNhizrqQXprcK9Y2GzZa4TiyGXf3Jksvk0TMP+s4=	\N	f	almn212				f	t	2025-11-11 12:56:29.26543+00
577	pbkdf2_sha256$870000$Qm7vMSzAPZzoKQQWJIl4Pc$16R7ZZymmaFTC+Uui/VBdFJCG46sMUFEbkdEXE/W4Tw=	\N	f	resp335				f	t	2025-11-11 12:56:30.556999+00
566	pbkdf2_sha256$870000$RKVbfsGuvViPxtFx4XmkVs$FmzZgP/NxMFvLxPJbMRO/2ODpDtVCF2hFLE1/IXGtzI=	\N	f	resp329				f	t	2025-11-11 12:56:30.147784+00
551	pbkdf2_sha256$870000$P3uSmfXpGWsWiOMLuMBCwO$X3F7rH6rCh0dz+DCm5OxJ1xP5CnZ928mKHREnjhpjNk=	\N	f	almn214				f	t	2025-11-11 12:56:29.415148+00
569	pbkdf2_sha256$870000$mk9pqRnG8h1PbU70NXImbN$2YYUUyjZCBwipB3h++9WWr2oTv8mz8OzQFTXrMd3es4=	\N	f	almn224				f	t	2025-11-11 12:56:30.274743+00
565	pbkdf2_sha256$870000$KQFGkzdaRrv9an5K65fMIE$BWN9o3oZS/aX46TA4QFTfxLL3ReC6v8jLxncqlZZKrs=	\N	f	almn222				f	t	2025-11-11 12:56:30.127562+00
573	pbkdf2_sha256$870000$GVmlNaWJtCfi7CnqjBXdhc$qzOXpfFvX/tbb7WufCS3yFM8q0HBrR4JeFOKFl9034c=	\N	f	almn226				f	t	2025-11-11 12:56:30.446977+00
549	pbkdf2_sha256$870000$QAmjBKaAQprprjaszZkEjD$vMPpxxx6MOPxMQsTDG3t51j8O3+1bp7r7VAheB23230=	\N	f	resp322				f	t	2025-11-11 12:56:29.310639+00
554	pbkdf2_sha256$870000$CsKN0doylqESOuY6NalWNb$nnIIrki+sBXJGCKzxYqOSJgjRSxsz3dKvvs9f0YW1hY=	\N	f	resp323				f	t	2025-11-11 12:56:29.664333+00
555	pbkdf2_sha256$870000$Vy0ClXu4SXS295cyTSsFAL$OupfAOy+W8wBpmmywc97ksk4xoE77JspoHNgCEAbwvU=	\N	f	resp324				f	t	2025-11-11 12:56:29.688232+00
581		\N	f	TP				f	t	2025-11-11 12:56:37.502837+00
4	pbkdf2_sha256$870000$AAhdBunVMJ2RAKPpN10j7R$9fjceqi/sMXHSpC2Dq6yRCYWnUmxyq6nTxsqsXG598o=	\N	f	M5	Mohamed	Calvo Montero		f	t	2025-11-11 12:55:46.941347+00
11	pbkdf2_sha256$870000$eerUlNo9zoZU22avT16kfd$DBcDAeG0xYfrrgsrSIPm5xzGvM4+O+FonmQw/h4JA3c=	\N	t	T1	Unai	Mesa Rico		t	t	2025-11-11 12:55:50.026478+00
12	pbkdf2_sha256$870000$MiQTygyU0lspE3iGLDRpDM$nfpGjFrTKm8JnQ+XawplAWvwS3M5Ne1EWShOa6ltxJw=	\N	f	T5	Álvaro	Carreras Silva		f	t	2025-11-11 12:55:50.361374+00
282	pbkdf2_sha256$870000$HQDFDBFb9cl0l7pgaIMWJ7$ElV06rcB67RpbBrxCyBYg69iO9lFe0dOo3qbhbuiV68=	\N	f	resp173				f	t	2025-11-11 12:56:16.079764+00
298	pbkdf2_sha256$870000$VXiHNFTyo0fMyLb6HHIyjX$FswttpaVUzi15gbYq3xkIthknXDuWCAz1elQP9OwE6w=	\N	f	resp182				f	t	2025-11-11 12:56:17.222383+00
358	pbkdf2_sha256$870000$1V9CYxePs13wb3AhnztCdj$MBIbHksPEEk+Olfj2BR9JOk1zC+QmHvD3EreylUCGGU=	\N	f	resp218				f	t	2025-11-11 12:56:20.366542+00
463	pbkdf2_sha256$870000$lQnYdKa9JRl46ymRrA9F6O$fpZxRlR5p2DJq0yH/PaCtB5fYQUzVtFHbX/CS10RUvo=	\N	f	resp273				f	t	2025-11-11 12:56:25.789265+00
276	pbkdf2_sha256$870000$VOfaxGxVOu2oMGHyGCzTcD$iOH2wd2LjsoWzfQe53juUx/0x7HLtBkengPnnNlhnHc=	\N	f	resp170				f	t	2025-11-11 12:56:15.786731+00
473	pbkdf2_sha256$870000$LTRzD8AuIeHA30h7tX0MWo$On/GpS1nEHCuzlov0XcL4ts1999wWnZgtZL5xbeN1GQ=	\N	f	resp278				f	t	2025-11-11 12:56:26.417364+00
432	pbkdf2_sha256$870000$gvkWVwB00ne3Q4ovgudwCe$XwmX0kAYX/ukeHOxl9COoroUtE+nS/K7IRqAToi4DiA=	\N	f	resp257				f	t	2025-11-11 12:56:24.283448+00
194	pbkdf2_sha256$870000$GnJg63XVeVwsXiAEj0pCBu$QPdDQJDhNvkgMetS3cYduotAKpO7GZrnZp1C6pvjrvA=	\N	f	resp119				f	t	2025-11-11 12:56:12.643825+00
36	pbkdf2_sha256$870000$c13qtsXHHUP9YxI0tbwuoj$PinMV3ZxzRqx7Lw7v5SJ5TE1Lo8S+DgQh7bZtyPBjBA=	\N	f	resp14				f	t	2025-11-11 12:56:07.289144+00
510	pbkdf2_sha256$870000$Ua09o8zZfmcBeJ5W8wD8TC$oT/TYpz4FOX5SG30PEQ36F030C9SzLKmMUQy7dFGm3o=	\N	f	resp299				f	t	2025-11-11 12:56:27.784334+00
349	pbkdf2_sha256$870000$rscsrt2frdapoBPyKXPYwA$KjzYY1Gxt9fAol06ZdmJPex03n7yq7SM7v1lRODS8eE=	\N	f	resp212				f	t	2025-11-11 12:56:20.02325+00
197	pbkdf2_sha256$870000$1yeQZW4iYNHOZb3YVNkQsq$p20d1wAR1Nbj7I5bYotV8dCp2pVGwGuqIfIvH0xujX0=	\N	f	resp121				f	t	2025-11-11 12:56:12.856698+00
101	pbkdf2_sha256$870000$ri60IMxQyMJKeMQhejwvw5$oeJynDvJY1/T3uutdwGy/yuAuafJuyVU4BNkBONYADg=	\N	f	resp57				f	t	2025-11-11 12:56:09.271487+00
570	pbkdf2_sha256$870000$5zyw0zaDpUrQkuELf06dY4$9DL/zc37hShwBEeDcuWayTNUNlQgztrIFLg1ZugmZ2M=	\N	f	resp331				f	t	2025-11-11 12:56:30.295326+00
224	pbkdf2_sha256$870000$bE9aA5KPxeFzqZRJ8mww7a$Fmy5QA2TQU51ZHZJ6RZf45sPLgYNGZoiRuNMPQ+cnbU=	\N	f	resp139				f	t	2025-11-11 12:56:13.85843+00
90	pbkdf2_sha256$870000$qgAUCDxkBVzdvR0m37UqzW$wn/BEicJr2OfhcN8NI7enm9kHFoCGg4B7Q2LuX8433o=	\N	f	resp50				f	t	2025-11-11 12:56:08.935509+00
24	pbkdf2_sha256$870000$e3op40QWDXBGgrDenkLMeo$+m2g3uf82vxPRq+9BLoSohRrlgc/XcTeC1RdqUz8uQc=	\N	f	resp6				f	t	2025-11-11 12:56:06.9573+00
386	pbkdf2_sha256$870000$xULgHeclzgyPU9XRJ4cdY1$jBikK6c6V3d7eRKpN/wC6rKWsIg9VvCE5tAPQv/jq/0=	\N	f	resp232				f	t	2025-11-11 12:56:21.720169+00
275	pbkdf2_sha256$870000$Guwza7DDFb2blVHA6kjfO2$m0e2vgczzhXiSiYSajNyb7uHvyZh383vg8WrG+Qjvsc=	\N	f	resp169				f	t	2025-11-11 12:56:15.756017+00
150	pbkdf2_sha256$870000$A5grmgDYFuJaYCcpB8wVhi$HSOmwJrfGHEqrUM0rgeWMRnP9EUiLKSnc9zgIXxkKck=	\N	f	resp90				f	t	2025-11-11 12:56:10.947025+00
108	pbkdf2_sha256$870000$wj42hUtlUp2HEVTK99FNHf$BtKPPGa/JLlHiXQOOTQbdqIUxvwi0AkNg4o02dHuvbU=	\N	f	resp62				f	t	2025-11-11 12:56:09.5011+00
487	pbkdf2_sha256$870000$K39fPJ4ITpGXYWtwNBrQZP$btaGUaVilMmJHnlSubVbvNYikWK3o1I+kbxz7rJYQrM=	\N	f	resp286				f	t	2025-11-11 12:56:26.920331+00
533	pbkdf2_sha256$870000$R6XM1wcCFx1eBjWMx1Lrkj$zw9JkkcJQP/t4ZIZmmszDnMbmSiXrzsruk0+4/BymlE=	\N	f	resp312				f	t	2025-11-11 12:56:28.716017+00
156	pbkdf2_sha256$870000$AEnWFje8PSFjAB9Hbi22RE$BoF1g1YgyKcgOZbovh2/yxyMh5hqD4u0P+dw0hq/qxY=	\N	f	resp94				f	t	2025-11-11 12:56:11.18332+00
348	pbkdf2_sha256$870000$yvTNLbeXU8OB8aATb61uNR$D+Tmak0+bCXVAaUUW8JRY8fa6Y9dt/lOdhl/beakPUw=	\N	f	resp211				f	t	2025-11-11 12:56:19.992144+00
80	pbkdf2_sha256$870000$l2YsFSV2Czjzz5CnwPUY6k$L56fuleWCNE1A3OP3i0Pq69MlLTKcUlJoWLdFUcJTCo=	\N	f	resp43				f	t	2025-11-11 12:56:08.627575+00
191	pbkdf2_sha256$870000$NsnC31W5JQgoP9mgJukFiK$CVguV4AXC4R7QsC7rzX/kmrOf3SLlCeDOfsI7bIpuPQ=	\N	f	resp117				f	t	2025-11-11 12:56:12.380519+00
532	pbkdf2_sha256$870000$t64Svwy8AA4QZgUMcgpIuY$D8GFPlIoEIxFkX0JNGieBm3/5tUb3NmNfCZx4ooUEO4=	\N	f	resp311				f	t	2025-11-11 12:56:28.686792+00
380	pbkdf2_sha256$870000$4WdBWZxCS5HIU4vMhDVTaA$18FfwLblXICwP/pTlfuWAljek+AOL2/e2stqtKl7yYk=	\N	f	resp230				f	t	2025-11-11 12:56:21.369758+00
222	pbkdf2_sha256$870000$VW16bZPvdI7GZepG1HoWnM$efPLJk1WbQldSJaIWCJitQ0h5A0cn5zcxhbNt9xksqs=	\N	f	resp138				f	t	2025-11-11 12:56:13.76988+00
171	pbkdf2_sha256$870000$H2t72Fym2tppP03ZiT7Rzx$X0uQ7DorHI4iw5yRfUendMXmAXWtLv2DkkEag1biIfs=	\N	f	resp104				f	t	2025-11-11 12:56:11.624149+00
482	pbkdf2_sha256$870000$5WtmU6QWAKcB3RHsSyQXfF$jXg1ec0Sk07s7S1xmRaB96lBVmHFHbz38dKkWxEvxhQ=	\N	f	resp283				f	t	2025-11-11 12:56:26.731083+00
239	pbkdf2_sha256$870000$tbe4IHuPIdkihfd9lHR7kM$n0FP+vBewsyZRLnBaq8qPKtv7AyJSAQNspClAGIHleI=	\N	f	resp149				f	t	2025-11-11 12:56:14.343366+00
27	pbkdf2_sha256$870000$tYvXHXZbqvZzVXhdDnUXW9$Xyef0kHJebRBQV8u8lr8TlbcVFTms/FTM7w0uDGoNtY=	\N	f	resp8				f	t	2025-11-11 12:56:07.05081+00
134	pbkdf2_sha256$870000$ZRNwTefYOxJAdXaoliD6js$9zq+jtCJ0SZlZ4Nn+tWliCqVyE6R4iPs5r4X4k5aW9g=	\N	f	resp79				f	t	2025-11-11 12:56:10.368185+00
135	pbkdf2_sha256$870000$tdBTJFtbiHwv18oD9A0Y77$SPbS4JJy9Kg89Ptex8d2TW1p5zCUIc7Zk1tto6VLrKg=	\N	f	resp80				f	t	2025-11-11 12:56:10.403113+00
355	pbkdf2_sha256$870000$1Qw2L7oYYZSSuz1Du5SM1S$q/I2jIg+bZwLVAJoJ4IXCxIZ0sy2W0cuVL4S294D5bM=	\N	f	resp216				f	t	2025-11-11 12:56:20.253324+00
47	pbkdf2_sha256$870000$j2TSMSpKrfDpWEquqJN7V6$M7FnVXtpC0tN1pcMrR8dk6vrHpNF5m9mjffTfLjkKgc=	\N	f	resp21				f	t	2025-11-11 12:56:07.630478+00
446	pbkdf2_sha256$870000$K6W5z6IkMgYu03mvYf7c6F$cpJRNkVW/2UaR0RnpD+jDrpn5Vdir27eov80IugkaKg=	\N	f	resp265				f	t	2025-11-11 12:56:24.833038+00
212	pbkdf2_sha256$870000$ELvBZinGwM4KjOcLGxxNzr$Hbw4uUoY2pR1pNzqh/kJV43aui8aVXThFYj5BZuB9ls=	\N	f	resp131				f	t	2025-11-11 12:56:13.430234+00
206	pbkdf2_sha256$870000$VNhCA9CI3rEYzgONpO1c7X$BwZLb/xaPsNP/dDvx2T5nFjF3X0UGGIeoP/VmtGZh+8=	\N	f	resp127				f	t	2025-11-11 12:56:13.263861+00
78	pbkdf2_sha256$870000$W9ifgb1gh3mvEcyoCRQa2J$pEoHwWsFtiGbl0sjVQzKGC/J/VAP8FHSnpZ3sXvM1qA=	\N	f	resp42				f	t	2025-11-11 12:56:08.559155+00
48	pbkdf2_sha256$870000$DF2mLIZxePEM6TK0wQTsS7$/rit+2RmfUo8DAHds38BDDibnLV1EHvQN5RXrTv+nrA=	\N	f	resp22				f	t	2025-11-11 12:56:07.654417+00
102	pbkdf2_sha256$870000$oSLtNDqKhkRl2y0el2AlFB$q7RzisyMlu8ukdJp9zfD/fzG05+0d90q5j4lr9OHRzI=	\N	f	resp58				f	t	2025-11-11 12:56:09.29584+00
578	pbkdf2_sha256$870000$xdPqpOjM8RcJd15eqBlbdf$j9bWiPoZWx/kn3J3AQCJV3CuDZ9q1JxU32/KF/VkpCg=	\N	f	resp336				f	t	2025-11-11 12:56:30.581029+00
120	pbkdf2_sha256$870000$8ch8ouWAme4dyCRbx3qS7z$X3cmCOuV0T+0+8/M8Rc9QBt+JMSjKegpymF08voIoZ0=	\N	f	resp70				f	t	2025-11-11 12:56:09.885448+00
523	pbkdf2_sha256$870000$NKXklY9acGNFoJyLuRCAWi$j6Z2ysS2w/Pg6GZEg3yzLwd3UHIIacu1yLLWl4dFmx8=	\N	f	resp305				f	t	2025-11-11 12:56:28.357227+00
189	pbkdf2_sha256$870000$qat0bIZOQGQiFj5h9USREA$hucz/TTK/B4BcOxPfJbUZw2d4CdVDptehbaH3BEtbbc=	\N	f	resp116				f	t	2025-11-11 12:56:12.253645+00
230	pbkdf2_sha256$870000$IHpRUXbuzkCw8OG49EnlfB$D69JCHrZiB6Zk7qFHv8KSclol2TS/oKstXuy+ddGej8=	\N	f	resp143				f	t	2025-11-11 12:56:14.067643+00
305	pbkdf2_sha256$870000$1oeKYjKZUCVioadPlrzNH3$0PBtJPdWFPKiCl8x29kGkM61xDML+WeNYKNETkFJShg=	\N	f	resp185				f	t	2025-11-11 12:56:17.759095+00
324	pbkdf2_sha256$870000$RwfXdS8YbQ8OTusSfCAkyQ$aXKFLIEx5Sd3zv0gR47F/XmZ0OX8qJvh1AqqbZL7RZA=	\N	f	resp197				f	t	2025-11-11 12:56:18.561025+00
42	pbkdf2_sha256$870000$2jabsT7WVCBC08pgULa3r8$mqOrn5oXtnor3x5jjrSWxXkagIeQ2K8HyRTdweXd+YQ=	\N	f	resp18				f	t	2025-11-11 12:56:07.48568+00
375	pbkdf2_sha256$870000$Bf6gmYL15W4NITCgSIDvYK$1CW0HosRcWK6+C2TaJAgUGZ1hShjSnCP7VNJMDPQE3k=	\N	f	resp227				f	t	2025-11-11 12:56:21.103223+00
499	pbkdf2_sha256$870000$KSVAx00uh4Soutqq9yzgsO$VdEIQBpb0QOdspJtJCIPHz3lwyEfvU0xUDccDTjoQ/M=	\N	f	resp294				f	t	2025-11-11 12:56:27.271033+00
290	pbkdf2_sha256$870000$2mfbYCyhp1EYB6NO4czGkc$9oudY7/9cgm3xdryLSebDBDGZ3LDaniepi5EMDGcwGk=	\N	f	resp178				f	t	2025-11-11 12:56:16.710713+00
233	pbkdf2_sha256$870000$hbN2GilWUYrboc2AmoxUOU$mdObJRJ9EzQ6hzY3Tn5vUXEgBR/yZ3leIQnkKsgpLMQ=	\N	f	resp145				f	t	2025-11-11 12:56:14.154544+00
96	pbkdf2_sha256$870000$s8FVmPTD47uCN0qbPgZCqb$BF21oQBpIbOjDY7n3BgMp0Qb+oEOi2+yZckOD+/jZKs=	\N	f	resp54				f	t	2025-11-11 12:56:09.126721+00
116	pbkdf2_sha256$870000$34eUUWFPTBYNd1NnwLgYmp$CXcTxJ1ItHOSvOT5UN4ZRRe7ejYP5kW04Y4ZAb0RTa8=	\N	f	resp67				f	t	2025-11-11 12:56:09.773464+00
368	pbkdf2_sha256$870000$5y9kqjqhS3V2jb4AaT5KUQ$WMgMDUtEaL6Dz++qxYWCIyG1TmgF5Ks4Iea7QjygCsQ=	\N	f	resp223				f	t	2025-11-11 12:56:20.815395+00
227	pbkdf2_sha256$870000$DslI4LgulnsbT7PkrcvBVr$FcZL7wsY0GrNRWeona4Re5hN3a2AG3ac2U0jnRltB1I=	\N	f	resp141				f	t	2025-11-11 12:56:13.969996+00
266	pbkdf2_sha256$870000$BxPi6hwTH1DgKPNSg1qtbv$CVKiz6DiiYN7uaT44n3MN3+c+KRUdEbxYcf3ZTGYruQ=	\N	f	resp163				f	t	2025-11-11 12:56:15.463078+00
545	pbkdf2_sha256$870000$v7eXUsPL8E3XpFBIrhXYfo$Ik6CHg3bsoQBgFXvi2IQNMiaRocnTCTm3cWoL+AwuUo=	\N	f	resp319				f	t	2025-11-11 12:56:29.20582+00
164	pbkdf2_sha256$870000$q2kozhqQL5kK7zPJUHEJMn$1F1fiIcsfQQ0hQF7c9O4CO0YUTXPjFnAoHFUmToVLCI=	\N	f	resp99				f	t	2025-11-11 12:56:11.416757+00
17	pbkdf2_sha256$870000$JvYbYBKRp7RpVkzYebbPSp$MjbnkiMgtKUK7/Vg2AS5jpIlx9VrO4Ce5SfMC6kS1vI=	\N	f	resp1				f	t	2025-11-11 12:56:06.696625+00
407	pbkdf2_sha256$870000$q6XM4igMTRRe5IoBDkldtE$mnntK+92l2d5KdMDm2YdScRNfOBlfbYkLrBDnDohhbM=	\N	f	resp243				f	t	2025-11-11 12:56:23.278212+00
574	pbkdf2_sha256$870000$RkcMbfipxk0oxS7TU8BADB$4E351QJ5++xoJV6AkmmEPSfcYQBCKmzAmes4ylPwa7I=	\N	f	resp333				f	t	2025-11-11 12:56:30.467343+00
246	pbkdf2_sha256$870000$WUrUI1WU51ma9VUADH6cQt$g/eVxwkz/FBtwUAsmiTZdkU5j1DkYsMrSpw6nVZsl2Q=	\N	f	resp153				f	t	2025-11-11 12:56:14.606461+00
155	pbkdf2_sha256$870000$2zcg0XOYk3BDUlkkWLxO1o$7z9W2TNccC3xYUUmSLVvifl/iA8YKJ300AioJQMscD0=	\N	f	resp93				f	t	2025-11-11 12:56:11.151612+00
401	pbkdf2_sha256$870000$QnrCYFCjaYlnnxdkySxe79$0mJvC3bD/WkAQGqF/OcBr8DQMCrF8sNs8toLngMSF0k=	\N	f	resp240				f	t	2025-11-11 12:56:22.97083+00
520	pbkdf2_sha256$870000$YDKiKyaMzvxjuKCEZE6Yrt$bkjqgEvnbDooQmw7ahOyH3oWr06c6l9ZuDYvVhuPWXg=	\N	f	resp303				f	t	2025-11-11 12:56:28.260106+00
159	pbkdf2_sha256$870000$4yhtZoHkfqSvWqFUBrpbJU$XZWN8LrS8S5RAvOU1wxxxHlAH8PCC8o1UHowR1679lo=	\N	f	resp96				f	t	2025-11-11 12:56:11.267835+00
161	pbkdf2_sha256$870000$FmnfXWpwnV6p0iSS0dRy9d$xHrFlX8elv1zm+e2+RuH8yqc2XHzz/psNrHtQD1PLBM=	\N	f	resp97				f	t	2025-11-11 12:56:11.324681+00
398	pbkdf2_sha256$870000$qj6tt0VdFvN6ok1i3XrOyF$jXk7WXZijo9+pvli+ZrCzDVTWJ2aY/Uma8Z3VXEdbIk=	\N	f	resp238				f	t	2025-11-11 12:56:22.857868+00
489	pbkdf2_sha256$870000$FVNRvWk2Gh5hdYqPtbeOpN$p3yrAjU2ehWGGW05QvzjlN5FcBdJfI6d9wS4+V77pe4=	\N	f	resp287				f	t	2025-11-11 12:56:26.977334+00
335	pbkdf2_sha256$870000$gjgsHQCSkijzqlDnW6XjIZ$FkHrapAs9ioz9ldUYKZPHY2coDIF32leuaGMSZodhlM=	\N	f	resp203				f	t	2025-11-11 12:56:19.2457+00
278	pbkdf2_sha256$870000$2cRkiASt6elqxdtS0pe9pd$76sVRZN2ybqcJf5tHcmK1z0zm7j5AZbVLrl9XyN6xUo=	\N	f	resp171				f	t	2025-11-11 12:56:15.86446+00
362	pbkdf2_sha256$870000$EgrJPjaWNmri0fpnBLvs0K$zqYRuhKUcFbUo1eQlDQ1nZ+tW+5fwcinDZM0DIveCaQ=	\N	f	resp220				f	t	2025-11-11 12:56:20.566419+00
77	pbkdf2_sha256$870000$yiI9BKVYR3PGMl5yzrkXv6$+B864V0VVl4hDauqaqlTtTYFu+Z3qXX0U5UNL9i5ztA=	\N	f	resp41				f	t	2025-11-11 12:56:08.533624+00
114	pbkdf2_sha256$870000$P2VlZK6enFQf9C8aU8PHaU$WXIwFMC2MQ9+LjXClJV+xL7zSvyT4drTd+/pqOy9QsQ=	\N	f	resp66				f	t	2025-11-11 12:56:09.716932+00
83	pbkdf2_sha256$870000$hXafiOyRqykuKPuAlGYzFX$w868cLRUU/N/rqevEQABgzmRWENItU/2YgMrnbKGvDs=	\N	f	resp45				f	t	2025-11-11 12:56:08.716612+00
53	pbkdf2_sha256$870000$Vlg2nclVCJ8yUEUBjE2FbV$/rCWKbMYrJz7bdhjRi1dz/yImISH7+w83ihTIt5sU8M=	\N	f	resp25				f	t	2025-11-11 12:56:07.830738+00
418	pbkdf2_sha256$870000$BEZPWB4HwO2yh2V0Zto9fP$bWBfS+9Hx2m64ShkJkPLwAmfvV6y/tR01S3pKbwxcwA=	\N	f	resp250				f	t	2025-11-11 12:56:23.702493+00
539	pbkdf2_sha256$870000$dYzDBtpWWIdtNJxKlYePCW$rygqq50N5gH7e9Paip+R9QP6WnLb76E1qoF+3Algt/s=	\N	f	resp315				f	t	2025-11-11 12:56:29.018436+00
129	pbkdf2_sha256$870000$90ttDmfwnh2GzwuDsuE0qj$xNND5I1elfrb3kXlWHF3jWxQJAbEBWm+i+Up54xjs8w=	\N	f	resp76				f	t	2025-11-11 12:56:10.207698+00
308	pbkdf2_sha256$870000$f56cdVV8FZsmaCVW857N4R$8+bCPIVSPp/SBjIuvMDAR6l3rK0/WS+fXM2gGlevVdg=	\N	f	resp187				f	t	2025-11-11 12:56:17.839327+00
243	pbkdf2_sha256$870000$s6TUM8Yq1ffDYZgrHtyiSz$BAHS6Nrhhz8MFEH0AiFWelPR4fo9AwlVueOpejIshp8=	\N	f	resp152				f	t	2025-11-11 12:56:14.45578+00
65	pbkdf2_sha256$870000$j8d0c0KHWCG4DL3cXGdCq1$utBd5ehoS3L+bylHQDTeMyR6oV4OCn4ktFvFkLYE7zU=	\N	f	resp33				f	t	2025-11-11 12:56:08.193357+00
240	pbkdf2_sha256$870000$azZ3BV3N8LVHHs5zxk1zD4$9Goti2e1PH68XTh735auQeeNeajrFtFz3wydQF7Lxi4=	\N	f	resp150				f	t	2025-11-11 12:56:14.367127+00
264	pbkdf2_sha256$870000$cakUGFqXPjDHMnime37wX5$xyELEEhdu+RPxYHxAucsk4YPaxKSDtp5mW0J9pQfxHQ=	\N	f	resp162				f	t	2025-11-11 12:56:15.400482+00
86	pbkdf2_sha256$870000$jnf1waaHQgs6EityYCB7pk$ONcx7B40sadX7XK12scliZNKDiwC3ioz1qPK29DNCrs=	\N	f	resp47				f	t	2025-11-11 12:56:08.801352+00
260	pbkdf2_sha256$870000$N8nCVkw6PT07LlQMPvfqAv$KHwqiUbX9ZvZIVxs5XRTCNGXA2bAIdOyobJbD7ZGiuw=	\N	f	resp159				f	t	2025-11-11 12:56:15.263286+00
185	pbkdf2_sha256$870000$s9GNegIavBU2YqXU3F6fxH$GH/GB6jFxt2LQip7y+4WK1/aBGNoX+rij+29yxSlixk=	\N	f	resp113				f	t	2025-11-11 12:56:12.045095+00
329	pbkdf2_sha256$870000$2vtwO9S9qPzCzUm1ZfytK0$5zAPchMhXvG+AQhrO3H0CMPH1nI6ZR0hTyc4NfjyV3E=	\N	f	resp200				f	t	2025-11-11 12:56:18.894683+00
455	pbkdf2_sha256$870000$dGggBMvSlM1qlDGP4zFxDY$IPVsRTaxEN24HIVaHDFY0Y3DV4FVYl7MKm8usbKrHqM=	\N	f	resp270				f	t	2025-11-11 12:56:25.299831+00
71	pbkdf2_sha256$870000$gVqSuzFslLtIwhsCjH0pNq$VOagOKlLZ6xDfPfDktuVenren80xgPJPISwwOJEPvZI=	\N	f	resp37				f	t	2025-11-11 12:56:08.367012+00
119	pbkdf2_sha256$870000$7aCdA4Lg02GXSQVRsJOTyw$NC9bDZAUAh2aVNXP1jxz6TNH+sQ9Becj5CGWj1Cd9+I=	\N	f	resp69				f	t	2025-11-11 12:56:09.861975+00
338	pbkdf2_sha256$870000$FkTXSIV4wPQ09ZY3KC3OAi$tmeevgd2Gr0BlLQLaCJS2J5O/p7dVLImHU7SuSR8HZg=	\N	f	resp205				f	t	2025-11-11 12:56:19.382566+00
468	pbkdf2_sha256$870000$9CyBmtuKyEKmrKrLjvxaar$0a5yFbjVUsJqfIpN/1CAcfjk3SB8KZtysaJ16ZU4TVc=	\N	f	resp276				f	t	2025-11-11 12:56:26.068334+00
20	pbkdf2_sha256$870000$4BldCaC9JWDhQyHImJZMOm$GB4Q0ON+axlxfuOxCtSBUS3YMYon7S8BZmXMTpCCmMA=	\N	f	resp3				f	t	2025-11-11 12:56:06.842589+00
177	pbkdf2_sha256$870000$yD0xmIhm5herFuo2iMznyC$+0QqrYel4l7nYhCtiaWL6+xXNoutJctylTCJX0ssoXI=	\N	f	resp108				f	t	2025-11-11 12:56:11.791319+00
165	pbkdf2_sha256$870000$SklpoaSbZ3wOFm1HeiYVvk$DhMWpZiXNTgVunYv/Y0quuejkkRbEp55IbIkkzO/5Fo=	\N	f	resp100				f	t	2025-11-11 12:56:11.442607+00
321	pbkdf2_sha256$870000$IHpeADOgwIhBpuH37UydQp$TLJH+6umTmcp7mU76jLV8bfqKPzOY3GAsoSlkTX6sMc=	\N	f	resp195				f	t	2025-11-11 12:56:18.431245+00
198	pbkdf2_sha256$870000$IRcS1JIoR2WLSoFrziTLsd$lpr7T1j79w/h2bVXY+icINFkMId/4I5btd6nmOcDD1M=	\N	f	resp122				f	t	2025-11-11 12:56:12.921097+00
195	pbkdf2_sha256$870000$N9cYArYYWcPZkz2fUZQ2pg$XpCdbRkKNc82zAEEkwYFcBx3ASHgy7he3toKxCE8L04=	\N	f	resp120				f	t	2025-11-11 12:56:12.704205+00
131	pbkdf2_sha256$870000$HfIwjRWp1kqNqvxXQnowzJ$kRIFIQ6xGwWcuaHZ1EAUrc+3aWwkGJSKWZxsq0oSySY=	\N	f	resp77				f	t	2025-11-11 12:56:10.287423+00
361	pbkdf2_sha256$870000$XGz0PSpfpQb2DzFm7SjOo5$cFqP4zci33SmmcYTo1crIG+Tsm6IRl1MfO1ZB+Vm5HQ=	\N	f	resp219				f	t	2025-11-11 12:56:20.544459+00
242	pbkdf2_sha256$870000$d0xcUY28YmOC4w9Y5XaI4n$bl4mNzdmbBRtFuiyWnUN0/OFkkUVk1XdXZoaryCYiV4=	\N	f	resp151				f	t	2025-11-11 12:56:14.429676+00
563	pbkdf2_sha256$870000$o6Mw2jzTZD5G0HxtUDGhCV$CJ32fOvECW/1XDt5kLD9gXZ2uYDwQvxMMfumDTNP/A4=	\N	f	resp327				f	t	2025-11-11 12:56:30.038851+00
498	pbkdf2_sha256$870000$KGNh2t15TkqzTRLPi5IvSW$fh0NyB6uwX20Z/vRTqLX929Dqv0AdZyy+xqcb0OCQaQ=	\N	f	resp293				f	t	2025-11-11 12:56:27.231704+00
39	pbkdf2_sha256$870000$cL3LHdT3ZxUhjeGWWslfus$U+DUq2Mke8utuNHuk+yf8C6IszaGiVOvfSqlRXZAnPI=	\N	f	resp16				f	t	2025-11-11 12:56:07.380652+00
521	pbkdf2_sha256$870000$XQugsP2WQ8BVmh2uO22949$YjKYNfeQwqdQStfPdBn4UKM0GRiz9red7hE5KyggedY=	\N	f	resp304				f	t	2025-11-11 12:56:28.284838+00
89	pbkdf2_sha256$870000$8dgtBcGpNZ5Tx7PMp04xEz$xpGnq/jXjyFStx6iogXEr38U6aa6afetV/3T56OCYgw=	\N	f	resp49				f	t	2025-11-11 12:56:08.897003+00
309	pbkdf2_sha256$870000$CVoHLfGjsEXVaLb9x1GubZ$P08kgUC98AE83mLqhXuYr3Ba7edIq3MwZv6U8UnBzyI=	\N	f	resp188				f	t	2025-11-11 12:56:17.866549+00
575	pbkdf2_sha256$870000$4oz1JcsCj3UXtNq2B09ZzW$5kcohu2EhazgiEs1x+CbevzZ4PjXD+FLFWGD/OW0Lio=	\N	f	resp334				f	t	2025-11-11 12:56:30.492058+00
319	pbkdf2_sha256$870000$G4cQSUlBZOs7L8dtO9V7Ne$TlQOld7qr2ZxJ2sQGm2j5JfKWcs9edCBO5IaDrUXwbA=	\N	f	resp194				f	t	2025-11-11 12:56:18.352441+00
122	pbkdf2_sha256$870000$I2JHisBaeyY8w2YEgiQOkS$HdgrnXNUv4oo4IyffsQg7gYjgtSqoUaxXqko9PkwEiQ=	\N	f	resp71				f	t	2025-11-11 12:56:09.957571+00
410	pbkdf2_sha256$870000$smOm4D4qzohQpjb1iBMljl$b+w6+y4OumDmdN/PXqAwZWFPYDfVPTgoMPg9Uig8PGc=	\N	f	resp245				f	t	2025-11-11 12:56:23.367162+00
113	pbkdf2_sha256$870000$Vdq1MGy7K9bqbhI6riwv7S$5oAM57UP+lmUQ37Mp56yp7ZOPo7LfesMUczYQAyJwAs=	\N	f	resp65				f	t	2025-11-11 12:56:09.685899+00
391	pbkdf2_sha256$870000$Qp7SdzK0932btEEkUrWXlY$vpNTmAmwzayjDWXHkto6uBl4QQyMUAT0goqs/h+C8Ps=	\N	f	resp233				f	t	2025-11-11 12:56:22.435717+00
173	pbkdf2_sha256$870000$O4AMPa6fJcgjCu9J2hub09$449uyIBrpkKXaM6u7bZZI8RdL34/YgvXLJpBzUdxPuc=	\N	f	resp105				f	t	2025-11-11 12:56:11.681534+00
480	pbkdf2_sha256$870000$D2UzEsvhyxSNSMVdjzqWu7$+C9VGmyTbOddxPGkKaBGi5RZnQWI8LClbeU3QMizyxg=	\N	f	resp282				f	t	2025-11-11 12:56:26.665797+00
29	pbkdf2_sha256$870000$KYerOQenjYecdpfKvTnwS0$7URHneOJTYFTAQpjfUyIhjJPgQalR1mAqViazWYu+c0=	\N	f	resp9				f	t	2025-11-11 12:56:07.105459+00
179	pbkdf2_sha256$870000$1bK2mICCdQTOpzI9Qkxg8T$fysCjvF+/x/b3E48uGIdZ3slBgoE/Q5rZjyL3izRG6s=	\N	f	resp109				f	t	2025-11-11 12:56:11.846371+00
311	pbkdf2_sha256$870000$kweUN1ShxTCuNla8d70x89$aT3KQg4+hVVfRAbeyzwBbsTWMNY9d06lliTEf9eF8Uk=	\N	f	resp189				f	t	2025-11-11 12:56:17.931645+00
63	pbkdf2_sha256$870000$EaNaMXOa0rW3BjjE21zey4$49zNrieM3KvU//Tfgm9uWOHVG6GivZyvW0HP+z6U1KE=	\N	f	resp32				f	t	2025-11-11 12:56:08.136774+00
186	pbkdf2_sha256$870000$ZXZLdySqSQFukNZdhRiIwx$wPOoGhvwzjOE91z2WYTx88ifpam8pNz9Dik5WhvvHlA=	\N	f	resp114				f	t	2025-11-11 12:56:12.090145+00
458	pbkdf2_sha256$870000$coPuR0ZVNgg0VXFXBdCkK2$IwkRjTBZem98zvhc9uD5CXvDuQIPwerp6TB/vGtxxLU=	\N	f	resp271				f	t	2025-11-11 12:56:25.548198+00
451	pbkdf2_sha256$870000$o1qtzpXevlzin18SexHyub$YlQpMyWoEQV27cohVTZcekSwEIEcpMJ/EswG+pB1Y1U=	\N	f	resp268				f	t	2025-11-11 12:56:25.051429+00
60	pbkdf2_sha256$870000$7Svh6CiWyNZVeHLwlgZUuO$Jf8CUntm9bXM7D9X2aSRmHjeIDzNp1d0hY7bvEgoeU8=	\N	f	resp30				f	t	2025-11-11 12:56:08.058557+00
425	pbkdf2_sha256$870000$TT1UIqMRDkeNSW7BcMmj7D$uUGXV67g/dVsDlqFSulhPjcY7d0IifhNz/R/tjS8JR4=	\N	f	resp254				f	t	2025-11-11 12:56:23.941839+00
253	pbkdf2_sha256$870000$ELzrvRcGubvumzsLdTC7Jb$FrvZ/TAuiTYPjJjlnRa7GVs8PrU+qfXHSCWC3I+ppaU=	\N	f	resp155				f	t	2025-11-11 12:56:15.023749+00
144	pbkdf2_sha256$870000$CViMjBEDKFMwqAN4YfQyI9$v9ga4V1HdqkWRZdUhBCHGsQ1e5ulQctYrIkoB4CWFhs=	\N	f	resp86				f	t	2025-11-11 12:56:10.742656+00
346	pbkdf2_sha256$870000$9GiAHu8p65WUxJZnh1u4mv$q7bv2Vuds2tgEzNuccdu7ytumS+8gRycsSumLgjpMY4=	\N	f	resp210				f	t	2025-11-11 12:56:19.897064+00
188	pbkdf2_sha256$870000$i7VbmjQCBzY7cFql10cwoq$C0uk51AMWCucH7nes0KhMEMRtfu2kbn+2MqqatlJNfk=	\N	f	resp115				f	t	2025-11-11 12:56:12.203494+00
479	pbkdf2_sha256$870000$WcJ92TEYubleeZxveGgQzv$zMwtRj6hDaZdqAfiLWx0IwkIN4m5elkKA9lNondMFAQ=	\N	f	resp281				f	t	2025-11-11 12:56:26.639792+00
98	pbkdf2_sha256$870000$0C60ryIG8OeUQfr8XNIHbU$3hW5cZOIK/UUHjTP5rJA1IIgUz6ALo5TVQsv4ph7Xco=	\N	f	resp55				f	t	2025-11-11 12:56:09.186862+00
567	pbkdf2_sha256$870000$ErnuNsqKyQTGiwh1RUYHQ9$Xk/clNZc4Zdqy9VC6hpNWPaAuISETP9FJDzPgsHMwDc=	\N	f	resp330				f	t	2025-11-11 12:56:30.170675+00
542	pbkdf2_sha256$870000$TbTbM36eAlCnF7d1dwseZd$jG++ZrDmTTlNAnQtihDEO3eL9M91aiKHAubYHcDXk6E=	\N	f	resp317				f	t	2025-11-11 12:56:29.103533+00
373	pbkdf2_sha256$870000$DBLZlmnEHveuvWKEboSXVU$5CUcIu8mDjzcggMwpOH/nxbXaJ0tPerD892dmnvFmo8=	\N	f	resp226				f	t	2025-11-11 12:56:21.031908+00
228	pbkdf2_sha256$870000$byfJiQpaIv2QLD2X9hpSTb$YYT/eyqID1+Zyz0Loasw2vdRDMMRfSZ18rY7V3m9gOk=	\N	f	resp142				f	t	2025-11-11 12:56:14.004067+00
318	pbkdf2_sha256$870000$JWTXLAzN8u8xE088HpkYag$/vXX1sZ07mg1J+4rhQ7y4wNOdwVRfBjHhATrHSNk2VA=	\N	f	resp193				f	t	2025-11-11 12:56:18.318541+00
325	pbkdf2_sha256$870000$s2k3FhMvHLnJS6cMKRCf8o$kmMtzLzfem4cs/3Dt0Q+1ZvDxL2r7dqb/srKQhKQeQQ=	\N	f	resp198				f	t	2025-11-11 12:56:18.595775+00
117	pbkdf2_sha256$870000$ZkaDWSAl5yNqwFx2aFH9oo$XjzHq8UTPq+nASTAgmJXR8d+h6M/5ZffnoSfGHaaGrg=	\N	f	resp68				f	t	2025-11-11 12:56:09.798692+00
66	pbkdf2_sha256$870000$sDPIgunAYBFUJD6KocjOPv$WSPdl9sDutw/RtDpkbAJ+ENJi5o6pwC8MPXJaiMkgq0=	\N	f	resp34				f	t	2025-11-11 12:56:08.217517+00
529	pbkdf2_sha256$870000$eZAQyh3RDpVMpmg7c6SwXz$AhKtGlyEqFvLhfeD5QMI/A4l+7zYIQm4jX0RxXvkd0Q=	\N	f	resp309				f	t	2025-11-11 12:56:28.591577+00
439	pbkdf2_sha256$870000$0vnqdIEa7Vr7cKEy4zrNwq$Mk4f0YbJCdEUz8q5l81BXFYx/eTV5JnHswDkuWCEO7w=	\N	f	resp261				f	t	2025-11-11 12:56:24.528173+00
369	pbkdf2_sha256$870000$k2IgPrkzMa5w4WAK3EuLRv$U0w7JvqEnAcW1D0jxwlkO6tQT64jSpU4nHdISLBuIpo=	\N	f	resp224				f	t	2025-11-11 12:56:20.838652+00
68	pbkdf2_sha256$870000$rpZUBmBBeFYKz1iRLapfnR$/9ehn3HqJPiTajnZs4Oy63HtOMjZqZQuEsqI0Nd0BEY=	\N	f	resp35				f	t	2025-11-11 12:56:08.276183+00
527	pbkdf2_sha256$870000$tGkfUsCNTElSlasx8bO1yI$B6Quhgqiv3CPMNmKrYgtSvjhBEpmb1A8iocQ5kyfeeg=	\N	f	resp308				f	t	2025-11-11 12:56:28.519356+00
464	pbkdf2_sha256$870000$rYCoymJpwly6qKfXJcUbQ9$XlPpuUvVLyO9I++gtYvZvYDXF0j2lDmXaWBWr/Odl3k=	\N	f	resp274				f	t	2025-11-11 12:56:25.823464+00
41	pbkdf2_sha256$870000$rJD7lwh0mHVeCqj2cgyuKC$CRxwn52eHZU+P/vjRdCTiz/Gf1jJBTRu/H64OcRPgOQ=	\N	f	resp17				f	t	2025-11-11 12:56:07.461843+00
209	pbkdf2_sha256$870000$RaNFHa0Wi2qNQD7J2y8R6s$vqU7satZNowfL+Iw3JmyrsG4YO4c/AF2Jv62DJPr2uE=	\N	f	resp129				f	t	2025-11-11 12:56:13.345583+00
257	pbkdf2_sha256$870000$4ER1A5HtF97tsOVbGscEqZ$wmge4wsDH7AF/nMPNsWMuuuQCgqewTwVQGbi1mGnExo=	\N	f	resp157				f	t	2025-11-11 12:56:15.175296+00
289	pbkdf2_sha256$870000$yVissXFBvFUsJPvcszQcEB$pI+JynACFXSPacDe92z9D6FdWrkd/abBA+eAtgJlhXk=	\N	f	resp177				f	t	2025-11-11 12:56:16.686191+00
213	pbkdf2_sha256$870000$FN1TQpHmLRHr4tSIAReN3b$DUGa2ZhDfpohyMbm5uMDxnhs+gcfLMrrSQFxNAIVukc=	\N	f	resp132				f	t	2025-11-11 12:56:13.454857+00
450	pbkdf2_sha256$870000$XWvEiLibOPW3uQ47Z9XZvG$LBMfSPNlGWTYJ+YlwwBKFVcoDTfn+8S22CTVO3XEIjE=	\N	f	resp267				f	t	2025-11-11 12:56:25.014834+00
372	pbkdf2_sha256$870000$GB4cBmy43rpnghsDwO11cB$u5Oah09WfkZ4LewhMQEniHFx+qkQVIDQ8ANVnt8vrEE=	\N	f	resp225				f	t	2025-11-11 12:56:21.00764+00
503	pbkdf2_sha256$870000$Yf9IDDcVEllPlSHdO1JV8J$vfFRBk3LHyI4wSh99GTNmaMlncEt/FkxoSsgCMKV2o0=	\N	f	resp295				f	t	2025-11-11 12:56:27.526068+00
546	pbkdf2_sha256$870000$yvSqDa7relZaBKvB0x4TtV$OScgmQ6eoPfe60tA934XouDqvy3tNGgrA4NPjqlpbww=	\N	f	resp320				f	t	2025-11-11 12:56:29.230039+00
72	pbkdf2_sha256$870000$BRr9yOZahtph1qbQwF4aWE$fjG/qbyfgD/GfS8+hf9xmC2wYZ2ZA+lgsvOa3JaB0so=	\N	f	resp38				f	t	2025-11-11 12:56:08.396623+00
176	pbkdf2_sha256$870000$K4LrmL9ku4XIv5hM4yMFgO$wDR1rSQ5OFrmpqHfZW4v4vOHcfti9ti7XICfEa4NMz4=	\N	f	resp107				f	t	2025-11-11 12:56:11.765378+00
403	pbkdf2_sha256$870000$ZrmgXde4iNvMmLaGG6qHmM$C1f+Rae7WYVlS5xwteb/TEMvAHdQxD0PwCI7GajL/dc=	\N	f	resp241				f	t	2025-11-11 12:56:23.031139+00
415	pbkdf2_sha256$870000$V8g7TcMSN3YGAgvLC4FRbn$ldU2SxwOBaCYNkikfj5j3w2+YVFglM7Z+j1sBaKC9ug=	\N	f	resp248				f	t	2025-11-11 12:56:23.581423+00
38	pbkdf2_sha256$870000$ntu1VaFwdwsUNXvglq3mwT$ApDhs8L4ZmWpVm5r5bCfB60Mwq3U+QuUfX0mBSK6vt4=	\N	f	resp15				f	t	2025-11-11 12:56:07.354087+00
75	pbkdf2_sha256$870000$B0oX7yaA0XfCoFbYqgWY7b$4P1qHZQ9yjjFevEtrVQoth8oqgdM0JcRu/0rxupWjFg=	\N	f	resp40				f	t	2025-11-11 12:56:08.479232+00
443	pbkdf2_sha256$870000$KSrXB8GPC580gq5y3dtj9O$D/JuoqSsIy3URitMfN/sNHuHKy2b81M/bPHlDZrF1R8=	\N	f	resp263				f	t	2025-11-11 12:56:24.739871+00
352	pbkdf2_sha256$870000$gLiL6i14seRSy9URnqHwxl$6ga2IJy6BL5zrLGUUu+u3h/DfsYbhAQk/1kcXvKnVeI=	\N	f	resp214				f	t	2025-11-11 12:56:20.128596+00
495	pbkdf2_sha256$870000$vu6eqAHJHUxkOZt3grxPPL$Dy5HgsURO1NJEG99xhoe1S6bJjw1h6Ipc5zSBzv959E=	\N	f	resp291				f	t	2025-11-11 12:56:27.144837+00
182	pbkdf2_sha256$870000$9GD8Fz0C4yqEV7IDGaROry$Z5YSFSh1Pd05WxCl99sVeqlbzI4paRkGtAAhmrlHvUI=	\N	f	resp111				f	t	2025-11-11 12:56:11.933036+00
312	pbkdf2_sha256$870000$HrsGdmG4DRDsOpbDc2CVh1$rqZZ3+KKImVTJ/2ERi9Q+Iv1nuHJ59Uf7MGuQGLLfME=	\N	f	resp190				f	t	2025-11-11 12:56:17.964056+00
560	pbkdf2_sha256$870000$hSibBPclErfcbdF0BxmNVP$6ODiP1NVbmge2OtpYBuz7vZ6RUB+kRVkIDQPEGiuZm0=	\N	f	resp325				f	t	2025-11-11 12:56:29.957215+00
149	pbkdf2_sha256$870000$aQYLjoVZw3brEbtWFfdZNJ$pu1bYXZ2pw7b8GlMtMFaspHlHSrtFD3T4hEmW3Fz9dc=	\N	f	resp89				f	t	2025-11-11 12:56:10.912194+00
269	pbkdf2_sha256$870000$Axt9e83LDBLR5MetqeH927$6lp/gOftYBhVaIH+7cDWUnmmnQ2f1b9VFlTu+mc7MoI=	\N	f	resp165				f	t	2025-11-11 12:56:15.546858+00
454	pbkdf2_sha256$870000$cN9Oatj6OPwVoQxDXpKVH7$gNobEHu4yrqUfC2ei7PAw/7BjCFwiKwZuAuqNM82cRw=	\N	f	resp269				f	t	2025-11-11 12:56:25.251284+00
56	pbkdf2_sha256$870000$Wmy692ppQrV3wVsNMA2n3V$rgXv+SVMd4smU6IYMHWQiB8tCZTCSU0vAz+g4g2qCZ8=	\N	f	resp27				f	t	2025-11-11 12:56:07.939468+00
357	pbkdf2_sha256$870000$m9XAmxqc0fCNSIZLXLGUEK$QPLXi9t04lx3RChlH6he2MjgFxW6WUqX/IMKXry+PyM=	\N	f	resp217				f	t	2025-11-11 12:56:20.335436+00
507	pbkdf2_sha256$870000$a7vuLFQ9AtKy8bf8uqlS0X$h/H+gjdkejKROnJXVALaAS94hLgqLfuJ5c813w6fEvU=	\N	f	resp297				f	t	2025-11-11 12:56:27.701235+00
267	pbkdf2_sha256$870000$sdqfsFaOJ7Qma8BP1xkzp0$qOUUJMCS36w+RDXJlEkQ6vjhZzMCHzhVnOpjK1t51x4=	\N	f	resp164				f	t	2025-11-11 12:56:15.490909+00
306	pbkdf2_sha256$870000$aSEeEWuzajzNRvJBSd1JYs$1ydeUGLHIyqYll56I3yx9AzCjm7ax0lFCjIkdr0TCac=	\N	f	resp186				f	t	2025-11-11 12:56:17.784149+00
492	pbkdf2_sha256$870000$ojA0g05WzLd5cHrgeEVnPr$I8tKODKS4EeQZ1z1fzG6Y/TKfTYD9ZE2VghEMGGxJYs=	\N	f	resp289				f	t	2025-11-11 12:56:27.061978+00
146	pbkdf2_sha256$870000$9LarI8X2hSjuvpBfhvgCGl$iuI1F+I0pLj+x27LMeEUNK/zE06Fti0yyk+FUoM08/g=	\N	f	resp87				f	t	2025-11-11 12:56:10.802118+00
366	pbkdf2_sha256$870000$kQsNBAX8CX7YdzFiDxhcy7$eQNEOTu0hbyNZd4YGsHVuJHnzTXSsdA4m5RQ8yELkhk=	\N	f	resp222				f	t	2025-11-11 12:56:20.748531+00
328	pbkdf2_sha256$870000$81YJv2AKbHXcK2anvmzEgD$LQ8gv/3VGei3j3jIH2MQH2MDL1fKzTLeuyfLyP7XBjc=	\N	f	resp199				f	t	2025-11-11 12:56:18.853536+00
210	pbkdf2_sha256$870000$bAZz4xm9qur6gzZNwWIJEZ$PylA1dRqDwPwcq57Y56eFlYZpj2T+CsETYmcNk7NMlI=	\N	f	resp130				f	t	2025-11-11 12:56:13.370245+00
564	pbkdf2_sha256$870000$13H5R9QaB3B7BnA6QpiyMD$/3bAn78fbgYDDfHReL2LSLwwShJOE8RelF9fIu18n2A=	\N	f	resp328				f	t	2025-11-11 12:56:30.074437+00
493	pbkdf2_sha256$870000$nXDEj04zhR5vvK7lbM65Hu$0tsFH87LvWdKiZ3ptrDaAU53tTZ1V8LTjHltZjizd0M=	\N	f	resp290				f	t	2025-11-11 12:56:27.087078+00
33	pbkdf2_sha256$870000$t9hoZya1fZoLTgpJkxgN7l$l/9s6x/F0nfJGt7r73IyLXJVLc3FUCnHHBU21qys+Jc=	\N	f	resp12				f	t	2025-11-11 12:56:07.21305+00
345	pbkdf2_sha256$870000$vHx89QEvtW0TQVEjWNmVCJ$wX77gj4mZevUkFIIX+USfObSMp+N2MbOnQTU691TdzE=	\N	f	resp209				f	t	2025-11-11 12:56:19.798303+00
444	pbkdf2_sha256$870000$QEWIlTY2XtrIhhRXDvlSVF$pVFQE4ABzpf1HleAN3uBs5uYt4FfE1FPUzGMK+a3dUk=	\N	f	resp264				f	t	2025-11-11 12:56:24.770578+00
408	pbkdf2_sha256$870000$AbMWEdnvqB3g2m6tDlqGEc$K9pf1h7TZ8eAklPG9rJ+U7kEIXGHPFBTjSgPREdEJ+o=	\N	f	resp244				f	t	2025-11-11 12:56:23.305873+00
424	pbkdf2_sha256$870000$TrAf9GTuccetw9hqdE1PTr$JrAXsCzkLkS/1iK5lldCr+qF0PFWL4OxgivYObr9O8I=	\N	f	resp253				f	t	2025-11-11 12:56:23.913504+00
140	pbkdf2_sha256$870000$ZDcHX6rWhV4SuFt2muBv3X$yJOzS+N7ZnAKVTrRP42CjXB9Qj4LWbfyUyZCq37IJxM=	\N	f	resp83				f	t	2025-11-11 12:56:10.605253+00
385	pbkdf2_sha256$870000$ipieSxZtRsyXzIgIWwwPPC$s36Qh4yXwO9jupNk1cEReRWMm7lxhg6MLyZwH1ksNbY=	\N	f	resp231				f	t	2025-11-11 12:56:21.693281+00
456	pbkdf2_sha256$870000$wUkjCuXutJOuCaNpmLEcHQ$2oSvi3SjJHkeLaXixZFcPxEkeJ1eIpS9yAohgZkuFrM=	\N	f	almn171				f	t	2025-11-11 12:56:25.384402+00
471	pbkdf2_sha256$870000$dnu03qzHIQjJjQUzO91tD0$IgfCB5SzyFVRmy/8RBUOEOf9qSFNgHLjKUC4vZDk91k=	\N	f	almn180				f	t	2025-11-11 12:56:26.337531+00
465	pbkdf2_sha256$870000$J1seRTcs0XLQO66Elk9SFO$gUiLqavPnu5XiVcU7uEB6xM+4oJHmfRA6XK7wJ+cqGQ=	\N	f	almn176				f	t	2025-11-11 12:56:25.893922+00
452	pbkdf2_sha256$870000$AzqJpW7X75OalkrFtaMLOt$f3DqmAOBcIueAvif7vpbeRzp0P+timhHPNjmwOYGIFk=	\N	f	almn169				f	t	2025-11-11 12:56:25.097071+00
466	pbkdf2_sha256$870000$TDbmwUPEq1gRaNpVRMgcEJ$5PIb/57pzrKsxdDksYecXUQSmLBnppg6FjTe6NuLqCA=	\N	f	almn177				f	t	2025-11-11 12:56:26.000943+00
478	pbkdf2_sha256$870000$cohAk21HfDvc0OZcQqGaye$Bg1Jh4WHXM0bW+niy91M16/tZuB3FeCBYs/yvLN5Pz4=	\N	f	almn183				f	t	2025-11-11 12:56:26.61775+00
445	pbkdf2_sha256$870000$sEQv7aJUxNASdZuoeTtZjq$cfmUSE34RCRs9D0bdY7jiNoxQjNQQ79gZdUaTbFHUwk=	\N	f	almn166				f	t	2025-11-11 12:56:24.811053+00
461	pbkdf2_sha256$870000$pjoiZbxqVTX0oatfUlAl5u$1czgD2z4xnojpHdQlmaRU9/bSKkIm4v2Zbv7XMasgmg=	\N	f	almn174				f	t	2025-11-11 12:56:25.699488+00
462	pbkdf2_sha256$870000$IPPeEdbGClw2lvcdht8ejr$VyTD7r4gDELbWjPnAJ9X6UYdA5bbSROW+5OpGXwt+1E=	\N	f	almn175				f	t	2025-11-11 12:56:25.765302+00
457	pbkdf2_sha256$870000$kgDBGY5AKwS6FG6c4fpBfU$nzeTTVq4vNAGmJp9lo/FyWjKnfrD6rT5nz2dqd0pqhM=	\N	f	almn172				f	t	2025-11-11 12:56:25.512846+00
475	pbkdf2_sha256$870000$2zShhHXsHp6BF1MMn4k5jf$+6OMF6Y77KtBaU/UM1KJLlaVkY4ft8ayV95EiV+brKk=	\N	f	almn182				f	t	2025-11-11 12:56:26.530699+00
522	pbkdf2_sha256$870000$D0vHGHstgZGhJFP8soWUMN$Oa52fuoVzdGAGA8nHKnm367vX692maapY4gurZDO3rw=	\N	f	almn203				f	t	2025-11-11 12:56:28.323128+00
501	pbkdf2_sha256$870000$sR91bc0bGjpTtC6cK49ROu$CMxfqcyPYqQeWsCqZt4lHjgfZDm8RpqkVBWdfA7PYjY=	\N	f	almn192				f	t	2025-11-11 12:56:27.378296+00
512	pbkdf2_sha256$870000$E4nJqJmlrHDbKW9LlulcUZ$L0c752dgArAy4UlUfPXTw0FQWAMI9+0cBsRc5xNdTo0=	\N	f	almn197				f	t	2025-11-11 12:56:27.851586+00
505	pbkdf2_sha256$870000$iqvG1GePiSpGL8gdc6GNFu$+Pak+t3E596aQgn9+PB4svsbQtr1Jm88jRByYf82VSw=	\N	f	almn194				f	t	2025-11-11 12:56:27.600747+00
485	pbkdf2_sha256$870000$A9UgTLm2rQU6JvELLtWWXX$ZjycXcXQnj32QUhHY//5+wym0r33SIA/k7UJuMqVsfU=	\N	f	almn186				f	t	2025-11-11 12:56:26.867307+00
502	pbkdf2_sha256$870000$zYAO8lxfxG0xpISZLrEQhj$WXMMsTI9dq3SveVOatpVb1gpltzgNgzFhnhkR9+Q3fU=	\N	f	almn193				f	t	2025-11-11 12:56:27.499513+00
497	pbkdf2_sha256$870000$C4o18kgs3XZZcPNsEnLd2t$eAmC+6rwhkXk0AVMxcfdeLOjtKL4MDmPqHeeoe2vmMA=	\N	f	almn190				f	t	2025-11-11 12:56:27.209674+00
513	pbkdf2_sha256$870000$28933OI2Z06j4CIW8UFw6a$TrLawOGTVm/lDFhevoWE8lTN/HprHe7SHwVZ05jvYQ4=	\N	f	almn198				f	t	2025-11-11 12:56:27.917528+00
515	pbkdf2_sha256$870000$wSM7V447TNzfQmuTdg6azv$tQZ8Qlv/cq07Xy1R3vRKpKSD1LSxvMbvGz711fpKYJ0=	\N	f	almn200				f	t	2025-11-11 12:56:28.095697+00
500	pbkdf2_sha256$870000$QXAQ718VgwQOGY3fbBBibE$+dzhxjQJZSIw8yi8wKJlljKoPICcbTTpClf9A5m/pFg=	\N	f	almn191				f	t	2025-11-11 12:56:27.31369+00
519	pbkdf2_sha256$870000$bHaWOH11q3LPBpsWo2Hbfr$KLNFDI4SzJhOukV3ahh8CV2pY8gQnHZ5uErMzM8fq14=	\N	f	almn202				f	t	2025-11-11 12:56:28.23894+00
514	pbkdf2_sha256$870000$CDNnfohIFoHVzJfHG4IvaG$JKaVGi5ko5aSIbFUsafcLQOz5+ZuWK/NtwVe1QnKEM8=	\N	f	almn199				f	t	2025-11-11 12:56:27.991035+00
516	pbkdf2_sha256$870000$0jre07YiJ3fJtLW7c3Wh0C$Ijvgq7irvXgnBZiH6cWzfOCrKSRdL6Fu0d6/W88vS8w=	\N	f	almn201				f	t	2025-11-11 12:56:28.15937+00
360	pbkdf2_sha256$870000$PAPlbwmAxN5Wx4U1PmFIah$ThMftUGGbam2H2TQtPMO+ze0xQ/PxaOnHmSHZOTSLsY=	\N	f	almn127				f	t	2025-11-11 12:56:20.523756+00
371	pbkdf2_sha256$870000$eKpcAORNtDqcR16Mre2qzJ$bxeTkGUY8B0JrvZskyaB58DSs7f56gqcKRtZAaL5kh8=	\N	f	almn132				f	t	2025-11-11 12:56:20.976403+00
388	pbkdf2_sha256$870000$JPkwEmcHggERTlEiIY7qFd$SfOZlKNa2GpzrtvrDHmbZPNDPv9uqGbcz56muK/vcS4=	\N	f	almn141				f	t	2025-11-11 12:56:21.918901+00
402	pbkdf2_sha256$870000$NuNiiiJqhflZQFydBsbgt1$QwtTCSAY7mbfUX+JqI/FDCAY1GcBmk+/uaLTrfyEl88=	\N	f	almn147				f	t	2025-11-11 12:56:23.003876+00
367	pbkdf2_sha256$870000$od1wygeeLFJL4ppWr6mqdA$c9BZHo0pLMgyVDEVKrezTJsyjfxT8bRdTdV1xhEvMHM=	\N	f	almn130				f	t	2025-11-11 12:56:20.794632+00
370	pbkdf2_sha256$870000$1JJqZtKsxLIsE7nk1WMBmi$8+SlkxZHpFC3isjPGTyDBilGLPZahStfVwQ7t0Alvz8=	\N	f	almn131				f	t	2025-11-11 12:56:20.87883+00
399	pbkdf2_sha256$870000$6q0MelraPwh3mtW3HYioaO$+B+nfDTupA2NaU7tGW8dCNI4vfLY6jGGRHRL+XkJqPk=	\N	f	almn146				f	t	2025-11-11 12:56:22.917557+00
359	pbkdf2_sha256$870000$rYMr8iccyuHR2DLjFDMsnE$CeM9NgoJppTawPkON7xDCetYfEASJzmFfu69FybC2x0=	\N	f	almn126				f	t	2025-11-11 12:56:20.422864+00
382	pbkdf2_sha256$870000$SgzhRIDv76LRGOEIPgXkEI$bszuD780NoN1GvWdLAcm1D1xEdZQ0QwEJ7RBwrRJqrs=	\N	f	almn137				f	t	2025-11-11 12:56:21.490904+00
405	pbkdf2_sha256$870000$k9VjHUmioIeUUoOVFi6q5h$pZxrIqNngt1JZv0aw4jF7HyoJUbPJiHnDy+GXffPSyA=	\N	f	almn148				f	t	2025-11-11 12:56:23.172456+00
387	pbkdf2_sha256$870000$lxMxWGFIs5R8pFuAH8zsUo$6tDf5hP7nBHUtmteAvzBeL9VOcwAA5nAJ1tEsU693Qg=	\N	f	almn140				f	t	2025-11-11 12:56:21.767609+00
393	pbkdf2_sha256$870000$thllSqaHDKhWgtgTcWhNfM$eWt773egg0XVy7TFbWOiY8uSFKdCarKw7XIHmyNHI1A=	\N	f	almn144				f	t	2025-11-11 12:56:22.571705+00
396	pbkdf2_sha256$870000$ZBst6EsMkpXuRGqDrJij5C$/tpOZEOC2G/QneXTbx9WOTYVkWqeP6yrG0Ckz+ay2Ig=	\N	f	almn145				f	t	2025-11-11 12:56:22.747076+00
364	pbkdf2_sha256$870000$UUwa1pyvcSednyg6DY1eqR$De7xoCBBuWzeoauMCBO7d29EZayIcI6bN+OIxC1JKmU=	\N	f	almn129				f	t	2025-11-11 12:56:20.688922+00
61	pbkdf2_sha256$870000$cYvmenRj0wMscGAqXvx2du$q7FydDJs/CZ2u42G50LPbB72hZW1NqOwpIe8sCBcv7I=	\N	f	almn16				f	t	2025-11-11 12:56:08.091428+00
25	pbkdf2_sha256$870000$j2qOUwOJcSPipTYIF3zaaq$49Nz96IW5vL1rgOIiA5YTWwrnAJpVBAtfRg+/zYhSf8=	\N	f	almn4				f	t	2025-11-11 12:56:07.008511+00
46	pbkdf2_sha256$870000$RslLdHtrsNFHwSACLq7ScG$jH35dhBrdOieIS9ml2xz7WTsgy94W/0mzeM/vl0gXRo=	\N	f	almn11				f	t	2025-11-11 12:56:07.609517+00
85	pbkdf2_sha256$870000$G8Mi3uXNBFz2ppuj0ARYwK$G788lSCWu8Qn1X/cQ1U+J1l5bhD6Fw7dmfXxkDjEt4Y=	\N	f	almn24				f	t	2025-11-11 12:56:08.780049+00
22	pbkdf2_sha256$870000$F3y5bnDUtlEif5x3wMm0Z4$0j2EKj6evwF5jJGnY4sQAEjZcok8hJqrN6P3KvrGvbg=	\N	f	almn3				f	t	2025-11-11 12:56:06.910826+00
76	pbkdf2_sha256$870000$rJNafzCNVeQMSPEdpaty3N$+EhmW88iCP8C0JKEolfiA7FdvKpSi9Fu+MT9CKonWa8=	\N	f	almn21				f	t	2025-11-11 12:56:08.513778+00
28	pbkdf2_sha256$870000$8B7ZLPsNDFURkY3NqFpmm6$/C6UUdR7otWVc7g8O7oV/9s/gUHOm1oyQ1Yu/NaZnpc=	\N	f	almn5				f	t	2025-11-11 12:56:07.085622+00
67	pbkdf2_sha256$870000$WvnGUPhgZz13rQPCtrIuao$CxlrHO4i8DXws899XclqYDSvhBU+uvegIFt0qjRQzLo=	\N	f	almn18				f	t	2025-11-11 12:56:08.250975+00
19	pbkdf2_sha256$870000$nARQRJfaPmztqW9E2nSscD$DRwn2c362uqEpDZAx3jR5i/njSwHl8idDjZw6xqihVA=	\N	f	almn2				f	t	2025-11-11 12:56:06.818896+00
64	pbkdf2_sha256$870000$llUrrhLFIEcATNV7oIkgjL$VLo9iYklr/VWksqYMkuDMu4bTRQjXh7oAZ541gmYZhw=	\N	f	almn17				f	t	2025-11-11 12:56:08.170785+00
55	pbkdf2_sha256$870000$ZVstGn49MSN88FrpiUjXOZ$1o4EAQawd9+oIfZ/OoYvsjHhfZ5D47r5yN8Eh9lnp0A=	\N	f	almn14				f	t	2025-11-11 12:56:07.917839+00
37	pbkdf2_sha256$870000$bWTc1BBIhxrXhVwiIi2x8G$CcW0ElWPUs1sJcKOCIQgsdjbMp6VLXJt5VXQFlU0fKQ=	\N	f	almn8				f	t	2025-11-11 12:56:07.322552+00
73	pbkdf2_sha256$870000$otwRRVrUcPrlKGbzK9dbp0$rqFRBcujVGKPKcYQ9cAu0/eMPKlM0//FX+R+WQ8gzLI=	\N	f	almn20				f	t	2025-11-11 12:56:08.430213+00
82	pbkdf2_sha256$870000$Bxp1WxtOdl25Hk2vC3ojqo$Px7tiA6ApC/tIqxeOSYkLEJYwLBFaaytmg+hRcMtfYI=	\N	f	almn23				f	t	2025-11-11 12:56:08.691039+00
124	pbkdf2_sha256$870000$YOCnFXwKj0oNUbgvtYMuwW$2x0SVrdp3AWtYXeeR3/pQy6scGoUkXvgAaVlFk+yAqg=	\N	f	almn37				f	t	2025-11-11 12:56:10.042567+00
97	pbkdf2_sha256$870000$dJmD8jU69oq1IwGg6uiSKy$tTnWAUpnQpJnAZVuPvdoJ3bRyWo9RGzyuwusVXSImTk=	\N	f	almn28				f	t	2025-11-11 12:56:09.166413+00
130	pbkdf2_sha256$870000$gPgWMup4oZKApBR7TSZRP1$dKEWYpCZhI/HhY79SlrZoevm7T+HazMbqCijjXMONXo=	\N	f	almn39				f	t	2025-11-11 12:56:10.26696+00
121	pbkdf2_sha256$870000$1fnDnWujxQ4GSSYvjsrNcF$IKNCDjUiY4cLa7sWRMeIdNOQbzE8MFczgpyR7O+vz2w=	\N	f	almn36				f	t	2025-11-11 12:56:09.918162+00
109	pbkdf2_sha256$870000$QMF8XSvqPMZimrg7iqL5mL$wqHBJs200D7dmVVmlUP14zOmdrnfPm9uJA9SptMvJCQ=	\N	f	almn32				f	t	2025-11-11 12:56:09.538941+00
127	pbkdf2_sha256$870000$aAu0IW3vfkDsr2fLxDIuAS$Zde+zEQe61XLQsLT2A4IPOW/FRCcGMtxULDA1KJMcl8=	\N	f	almn38				f	t	2025-11-11 12:56:10.139767+00
139	pbkdf2_sha256$870000$WGipQ0vOFalkTpEqm3p5v4$5fGcMcAqvSABiuIxIXJHY/pGPzsOj2okN5G8RSswXG8=	\N	f	almn42				f	t	2025-11-11 12:56:10.578006+00
106	pbkdf2_sha256$870000$f5GnzhrwszC5Ymc3hOF7yE$TPInzH5MgkdyEr+MTElMa47bb8LZ4EbmGE2ZSXQiNJs=	\N	f	almn31				f	t	2025-11-11 12:56:09.451486+00
94	pbkdf2_sha256$870000$X4EgvUlP18WFJAgbPK6KTF$MTjy/sEHn67/Y5ldOr9jb1grMVxuQQg3X1PQI0o2M5E=	\N	f	almn27				f	t	2025-11-11 12:56:09.071136+00
100	pbkdf2_sha256$870000$5OAFiNx0AUGTBtfZx2xHbW$wa78+hpbdMhB4aYZLmhVhMdEL4iXkbCiXNWZ1ZYotFY=	\N	f	almn29				f	t	2025-11-11 12:56:09.249387+00
91	pbkdf2_sha256$870000$xYnJZh1AiKQ8eACWWAOS53$GScXZMJzUPVKHtbluXivtraFtF42BbPd1FrBgQwx3lk=	\N	f	almn26				f	t	2025-11-11 12:56:08.970632+00
142	pbkdf2_sha256$870000$ZrQvXr20YurD7i8dnBMiB1$VPRxJN/ZsVUWN1sV020FJFoihFTsCzPEWsWl3ynhpck=	\N	f	almn43				f	t	2025-11-11 12:56:10.684058+00
148	pbkdf2_sha256$870000$HWBWK34EW7bWnPVnMJXRzT$cCtolqBVHIPXGW3pT7yPYYJwsSSYgyk5grK6ySO5o2M=	\N	f	almn45				f	t	2025-11-11 12:56:10.875986+00
184	pbkdf2_sha256$870000$iZntdnNOcp3RbqOvNUSY5v$GfyK3unBPYGpHH11D08RbfOhzR41qZDUCzeC+oSVjYs=	\N	f	almn57				f	t	2025-11-11 12:56:12.020925+00
187	pbkdf2_sha256$870000$hlGZlql5yno9yAffQecRVX$c+6Y0YbeX1sc8V9IBH437jBp8Pxmv+eE14Tj/rmWqgk=	\N	f	almn58				f	t	2025-11-11 12:56:12.182376+00
151	pbkdf2_sha256$870000$qmJfLMOojYrajpVykIaMNm$rdEGaB/gqoG05bvIIQtisUKat3N3YXPJjUzatoZIrdA=	\N	f	almn46				f	t	2025-11-11 12:56:10.987789+00
172	pbkdf2_sha256$870000$sVnEWBb381epj8isNwCiaC$6AAL4w6mn2HSOnwF+4CAQEWL88ZedGdaVSKDwoiJq6o=	\N	f	almn53				f	t	2025-11-11 12:56:11.656373+00
163	pbkdf2_sha256$870000$0S8fP51k5wLjaAJKwS3ZWn$gZPk1u72j524kiJ0rZJ2BtP3Li5JR+HGGeMcX5fTakk=	\N	f	almn50				f	t	2025-11-11 12:56:11.389687+00
169	pbkdf2_sha256$870000$kD2aP0waqy7ltzHBqan2gB$f5y8VXCiOe5js3Vu8vG/F9kC+dOABj90/LcCi5gV0gE=	\N	f	almn52				f	t	2025-11-11 12:56:11.57715+00
160	pbkdf2_sha256$870000$6f7bSGZzdd3dwdgWCgkKiV$H8auLNhVkLXvqM8MyPQ2F35vQSXB75/UI2CfrM/Xs5k=	\N	f	almn49				f	t	2025-11-11 12:56:11.305271+00
190	pbkdf2_sha256$870000$mPCPcHX5TgAMYO4PqoHfvc$+YXtyb2ybBDHPFIDghOOU/fnpyQUCwGKZdTDpL93lRM=	\N	f	almn59				f	t	2025-11-11 12:56:12.341709+00
558	pbkdf2_sha256$870000$FnMLlZzbC9Hvqkuq9wPDCO$bJmfGtaZ126Yy4iYQTY8I2TwBai7eW60eUxm2esvcQU=	\N	f	almn219				f	t	2025-11-11 12:56:29.872432+00
568	pbkdf2_sha256$870000$DixUZLHinZ5boz0mOEoT1j$laE4N5v1Zxj9GZcTiXzWgapK2ulI5Sbg4pIgpgLymLg=	\N	f	almn223				f	t	2025-11-11 12:56:30.205393+00
544	pbkdf2_sha256$870000$VbyxVKE8Y3R4DU9N9DgUUS$3pAy5LkLfroKL+KKncHZ2vV9qcytxgBuanJfA0vHtMc=	\N	f	almn211				f	t	2025-11-11 12:56:29.183789+00
579	pbkdf2_sha256$870000$HPhkITabnMP0hwgauCZHZp$wk9UQcjP1W6T1FolOcLBY36+i0m1zZQpuG6Lx4vDz/Q=	\N	f	almn228				f	t	2025-11-11 12:56:30.61821+00
562	pbkdf2_sha256$870000$zIESHkXwGTJowtZNFqEUeg$qrJtCn7d3jxgREQA1Pm4rKXcP5Hyn+ePXazWdbl+YSQ=	\N	f	almn221				f	t	2025-11-11 12:56:30.016866+00
556	pbkdf2_sha256$870000$3bkDgc4F0TSrxMV1emRJdw$oTHJSPUN3urQJat9TtIdeXYe0lu8qoHhKzOMhCBbMfw=	\N	f	almn217				f	t	2025-11-11 12:56:29.732495+00
553	pbkdf2_sha256$870000$c32JahTqn7F7YfBwE5X7SE$PeGmMncexdDtUcrXx30g9pDhXfeOaFr0qwlqRMXG+eU=	\N	f	almn216				f	t	2025-11-11 12:56:29.632327+00
552	pbkdf2_sha256$870000$9xJfb5hWdk0G8UVWLruzlH$SI6vUcRpZtvjwzSVOksJxCiFCk+Ew70JOpYI2T3nHBQ=	\N	f	almn215				f	t	2025-11-11 12:56:29.482175+00
531	pbkdf2_sha256$870000$L9MkogGQtBbK3u7JP0iGWe$Ff8IXrZosewnGqOaD2ANEJX1b0lW7Aqb33zFgSHnpyc=	\N	f	almn206				f	t	2025-11-11 12:56:28.664293+00
535	pbkdf2_sha256$870000$xTI8XgnIaxV1JPYKsXOa67$5zoGLlfZojPM5uztaPY9QfYnfNa6Jj56o1lLOP7sEws=	\N	f	almn208				f	t	2025-11-11 12:56:28.900839+00
550	pbkdf2_sha256$870000$Id9Wm2aEjgeDtKyowmx5oH$LSmhpUs2wtViYmTbiWRvU830PgZXGJqHYQN+gOq3ZG4=	\N	f	almn213				f	t	2025-11-11 12:56:29.345596+00
576	pbkdf2_sha256$870000$zj18uWY7m5IX5laRchHiLr$w0/0Hz2Naq/OurXlZzhexycgqkpc47T2u4I1JdqUMig=	\N	f	almn227				f	t	2025-11-11 12:56:30.535135+00
580	pbkdf2_sha256$870000$E4YhkAFxLzq2y4bHK4rq7S$O+wi90OZ9POA/QEf8oPOMI4grKbhlJtiKR7LzH8Drv0=	\N	f	almn229				f	t	2025-11-11 12:56:30.723118+00
559	pbkdf2_sha256$870000$z9OMVoVvH9DbxkaYrlEu0k$+vc0tQHky0u2AmpGHdndyriYadWVFaw5BDg4RqUGoug=	\N	f	almn220				f	t	2025-11-11 12:56:29.935754+00
412	pbkdf2_sha256$870000$nIVMJhXuxEHMWaRdUxkcga$C02C+Hohv2zm9gbMJ/4Gg9r/V62NV6Biz/mvWiKk97c=	\N	f	almn151				f	t	2025-11-11 12:56:23.442562+00
413	pbkdf2_sha256$870000$hAzoJZzusNGX76qGVhnwqi$liigW69u2QCSVWsmxAyA6Sy0FlqtRlkfXgAyb0PZ/Uo=	\N	f	almn152				f	t	2025-11-11 12:56:23.517954+00
438	pbkdf2_sha256$870000$Vp71vO8uhVvx90phUnijfi$xxDWngZ3zpy594KQTOJfOp8aLCPteBJ0GfPCl5Ms6HM=	\N	f	almn163				f	t	2025-11-11 12:56:24.507097+00
422	pbkdf2_sha256$870000$bpY4Y3KsInHM5xS1vP1a6Z$zrr92NyRltjUgvUjbtF4qoFod4hQTrHswKjkFXQ2AMk=	\N	f	almn155				f	t	2025-11-11 12:56:23.821547+00
428	pbkdf2_sha256$870000$8donhfV5cy9JXzdoSZPs6r$6qPSx+LPBCt7At9px6880qmwUbZDC7NxdzW90aNsDDI=	\N	f	almn159				f	t	2025-11-11 12:56:24.112008+00
434	pbkdf2_sha256$870000$oirClRoY5ZYAMru1fZLB61$Q9qNtJRFbRhy45w0mwG8zQueHWFLK2xVN9ZeEdHigLE=	\N	f	almn161				f	t	2025-11-11 12:56:24.354094+00
416	pbkdf2_sha256$870000$G8mmjMm3O33HONkT3HUNJt$XeLK5gvU+yCPKehXdgVQbtxLYVGK4zFTfblMv13b0gs=	\N	f	almn153				f	t	2025-11-11 12:56:23.639611+00
442	pbkdf2_sha256$870000$ZY7cv5jTiBpaGrrG0bq8Lh$fg/A7w5G9eBwAXV6e2p36GStIbl7FYuiKdyihM4yOws=	\N	f	almn165				f	t	2025-11-11 12:56:24.717896+00
431	pbkdf2_sha256$870000$XZ8QWLlzZRzIOJgtT0vYFv$dL3ic6yeDNvT9CgYjw/gIlPiCWI2vUFzOSZHbG1i3Qk=	\N	f	almn160				f	t	2025-11-11 12:56:24.259524+00
223	pbkdf2_sha256$870000$779raB05ZXozgj3tiNyJaw$k/9fgnb4sGzr1VOUiLELH+C2+e8JVuMRu9xLUJoqy5o=	\N	f	almn70				f	t	2025-11-11 12:56:13.819745+00
196	pbkdf2_sha256$870000$HlY5VCgsYpJdK5jKzRTdXB$fhw0qHGVKgQbD0SMvrifTFlq2D36t63TnqU6ePhTiic=	\N	f	almn61				f	t	2025-11-11 12:56:12.796997+00
199	pbkdf2_sha256$870000$x9jLSxLJQn7JKth9b8zMzG$0s50nMkkJVO4Y6rrENPO1FisXFF2R/i1OmFdNqtA7mQ=	\N	f	almn62				f	t	2025-11-11 12:56:13.007095+00
226	pbkdf2_sha256$870000$XLnZFqhQNfo3L0NPP8ikcP$5cBbBaJMBO3wJNjbKqr3AWohv7LEQyL21KyUQBPJWpk=	\N	f	almn71				f	t	2025-11-11 12:56:13.934679+00
232	pbkdf2_sha256$870000$4XpKKnJp8AtL47SAH7lVUr$FDDM7WHK0MeWv/YW3+B+1Ge0Yi7vina5qm2LToOWROQ=	\N	f	almn73				f	t	2025-11-11 12:56:14.133451+00
211	pbkdf2_sha256$870000$6FMz4CtJjzyPj6ysZbGche$jJblfADnAsHKlDhespYMltsmTzHO4vwi6jts11nM3Nk=	\N	f	almn66				f	t	2025-11-11 12:56:13.409064+00
235	pbkdf2_sha256$870000$WCCYnOh3qpH3xoKint1SKN$Jl2DLTYe8OWeLTeaZphFa+fewXsl0k3oQVUZ/VjqD3A=	\N	f	almn74				f	t	2025-11-11 12:56:14.213455+00
229	pbkdf2_sha256$870000$bUmtehYPLEWAA81tjf7yLe$CTH657iLY1d/KNRENgq+FfZ1cX1v+5bRiXWV/B7Dci0=	\N	f	almn72				f	t	2025-11-11 12:56:14.046606+00
202	pbkdf2_sha256$870000$ABNBrG9LmpCrh2JJx2xTjU$9wp9ePRof32p/cPtwz77cj3lw0wo5MDcJ9QdHUK2cZI=	\N	f	almn63				f	t	2025-11-11 12:56:13.09731+00
255	pbkdf2_sha256$870000$kUBYwMcYkDQxfJD2uprnhU$cPdg/g1Fw++nx7nQi/aicCSGTd6EqqKeBzrjDS2Ie8w=	\N	f	almn84				f	t	2025-11-11 12:56:15.081148+00
268	pbkdf2_sha256$870000$4izKX8yBeNyzfJHYKiksmz$LYgLw8KNm1Yg1uGaMVovRLYxUTJClDxDIZUL01ca2BU=	\N	f	almn89				f	t	2025-11-11 12:56:15.525278+00
241	pbkdf2_sha256$870000$UCfiJ6sr7NWwVAV8v21yZj$S1bAxJzyZECjQ/nimXUjki8YevBuY4mXLtrvM78L5pY=	\N	f	almn76				f	t	2025-11-11 12:56:14.409342+00
265	pbkdf2_sha256$870000$DW3cg6zJueQsNp4N5UsxMK$L0AIkdw6W6PqHtTZjSdPMRSjM8M+6DpEboApDTthM18=	\N	f	almn88				f	t	2025-11-11 12:56:15.439288+00
271	pbkdf2_sha256$870000$93sJFryr6IZfV9fQ4ak3hj$yRJjORfs43ebmUNUALAXpiRhhuGsHVFlo3J0pqA7FIc=	\N	f	almn90				f	t	2025-11-11 12:56:15.616199+00
248	pbkdf2_sha256$870000$LFY0MIWBUSlgUASHkitleB$fxm6mNZ3ws1TQbE8shnGblSey0psAQ2InZN60fq4LLA=	\N	f	almn79				f	t	2025-11-11 12:56:14.667974+00
294	pbkdf2_sha256$870000$yhrXR33relW2O0FSRr5eij$w/YN1HxWFJjdefWe0dbvfQ+ZJYXQdD+zZqdI+n5y8FQ=	\N	f	almn99				f	t	2025-11-11 12:56:16.843436+00
249	pbkdf2_sha256$870000$20XfoX0sqJJ17SoZrm41Nr$0f+QBp8gL4BfTp0izC6O90ewO/dTmp5pJCp5B4mx+E4=	\N	f	almn80				f	t	2025-11-11 12:56:14.764893+00
288	pbkdf2_sha256$870000$77J9txKYgjRLHjx9IJdEiB$2VcMHO2PpvgMf8nf4IAUEcLYazsn7aFg7QtPusnSdZI=	\N	f	almn97				f	t	2025-11-11 12:56:16.664023+00
280	pbkdf2_sha256$870000$F4d6Irf5oLe7LatvFvtdeD$acuSSz2jmx9ipR7tLS0c3/t8tguOewThJQtbgdaCwC4=	\N	f	almn93				f	t	2025-11-11 12:56:15.955928+00
284	pbkdf2_sha256$870000$vkoflsCWYqdBpEl8rWnfwU$p7Ygzu8cBOc8fpk/cG1w1QYhRNhf/bS4MFiJPe9Ls6w=	\N	f	almn95				f	t	2025-11-11 12:56:16.203207+00
252	pbkdf2_sha256$870000$p4koQBNTrESHSGPzIxwsl3$Pa3Fzq2guva8LXyM5SJzW9BqatOxhk7qbkn8A0heBVs=	\N	f	almn83				f	t	2025-11-11 12:56:14.998858+00
281	pbkdf2_sha256$870000$ky8xTjWS5XVO66i1ci1zOS$Kenc+mF0/VK3luT3cr8RqeIl9Dz/5CDccdC+E9GMQ8g=	\N	f	almn94				f	t	2025-11-11 12:56:16.057257+00
291	pbkdf2_sha256$870000$0tLdzMQuaJ1jmYcCi3b8ws$dGaLPsFdOROKsAMnH//78PC9Tt8QSYBmv6VB+0keY6A=	\N	f	almn98				f	t	2025-11-11 12:56:16.749044+00
259	pbkdf2_sha256$870000$FtW3J8BKqERPfopG3Qgih3$YixGnfSgZe5fu08JMJMbEJ1Spk87tPJqvSOOS9pIhVw=	\N	f	almn86				f	t	2025-11-11 12:56:15.239042+00
304	pbkdf2_sha256$870000$ATO5JjXKpBqCYOrZ03ZyKx$B7rK1u7bekE54AAKzTTwueBZ7Lw2y9moBkBrDEOpiLQ=	\N	f	almn105				f	t	2025-11-11 12:56:17.727631+00
314	pbkdf2_sha256$870000$OzMs68waTv5uX3bLUI0uQQ$GOD+0TSZiWRchefA7ZJIu0xqGn/xrsQMhzWU7ZVJ1AM=	\N	f	almn109				f	t	2025-11-11 12:56:18.139974+00
313	pbkdf2_sha256$870000$nRiuj74i8oRtkQNbVQLiP5$eUTCkqPTyoF0+DypodqWmLpL/EEvo5YPdBiGFZ4qhTY=	\N	f	almn108				f	t	2025-11-11 12:56:18.020774+00
299	pbkdf2_sha256$870000$T3XBK0sA8FqBOYE8NZpImA$uuVXwvTuxktYdXnQLiQDSEal4H6Ez2r2K4UzsGSF8oE=	\N	f	almn102				f	t	2025-11-11 12:56:17.311191+00
307	pbkdf2_sha256$870000$qiv79W5TTxCGbjMIydPwro$Cssx8Xf0OeGBngvwVkwlabhZVjwxuWblCae49VKPbC8=	\N	f	almn106				f	t	2025-11-11 12:56:17.819463+00
300	pbkdf2_sha256$870000$UgySF4FdGN7q7dy09xPikG$aVRdSw2REFJZzFTeYXagShbFISl4HWefYVZ8t+r2zUw=	\N	f	almn103				f	t	2025-11-11 12:56:17.540026+00
334	pbkdf2_sha256$870000$G9G6HaOFfdGKAtoxU3aGWA$ljTY2ToNv07cVzwLg49a8Xz+ukbK+ar2hmHCiCxlv2U=	\N	f	almn117				f	t	2025-11-11 12:56:19.214011+00
326	pbkdf2_sha256$870000$jzhojpGcWXljHFSsqJAiDS$sSchkmjtHeGszGKWP/5FPvsSoC+ihTbIf+MbmgASVRk=	\N	f	almn113				f	t	2025-11-11 12:56:18.68898+00
333	pbkdf2_sha256$870000$efAcCvDQSjJHDVVamuFnX3$vDnIM6Pp8zgcFA5UBRECaDRtGnhjsN2INwnRBVAmfQE=	\N	f	almn116				f	t	2025-11-11 12:56:19.105267+00
353	pbkdf2_sha256$870000$xVXipUOzuuQddkxo2mxRbF$IG7pD38zB4kQMkiOHK4tEnILTnGhupS2qIPjEcrFu+8=	\N	f	almn124				f	t	2025-11-11 12:56:20.188599+00
340	pbkdf2_sha256$870000$QgxXtx45MlkMtGuJGd2t6s$CClu7FQDei3zffLd8cf7VCf5srpsKHQWRlEg2PFmhpw=	\N	f	almn119				f	t	2025-11-11 12:56:19.477255+00
343	pbkdf2_sha256$870000$sl5JoWEePguBp50IlKHnoF$vyAun0W+ON2m6nVMDI6eUoYwisnUbZIzytoQs/hRY/U=	\N	f	almn120				f	t	2025-11-11 12:56:19.619627+00
350	pbkdf2_sha256$870000$jZJlCcYet97qooUV8F6qVU$FQyf/8MGeB/XhBJvWdxK2F0shH7NqMPjEU79/keGjDc=	\N	f	almn123				f	t	2025-11-11 12:56:20.066206+00
344	pbkdf2_sha256$870000$k6TeB0CteANNrmDOfBCt0h$3qSmlXLghrTkXyR6eutTrx8RYlpCxc9/fzo9cmq0Jn4=	\N	f	almn121				f	t	2025-11-11 12:56:19.731996+00
\.


--
-- Data for Name: auth_user_groups; Type: TABLE DATA; Schema: public; Owner: demo_user
--

COPY public.auth_user_groups (id, user_id, group_id) FROM stdin;
1	2	2
2	2	3
3	3	2
4	3	3
5	4	2
6	4	3
7	5	2
8	5	3
9	6	2
10	6	3
11	7	2
12	7	3
13	8	2
14	8	3
15	9	2
16	9	3
17	10	2
18	10	3
19	11	2
20	11	3
21	12	2
22	12	3
23	13	2
24	13	3
25	14	2
26	14	3
27	15	2
28	15	3
29	16	5
30	17	5
31	18	5
32	19	5
33	20	5
34	21	5
35	22	5
36	23	5
37	24	5
38	25	5
39	26	5
40	27	5
41	28	5
42	29	5
43	30	5
44	31	5
45	32	5
46	33	5
47	34	5
48	35	5
49	36	5
50	37	5
51	38	5
52	39	5
53	40	5
54	41	5
55	42	5
56	43	5
57	44	5
58	45	5
59	46	5
60	47	5
61	48	5
62	49	5
63	50	5
64	51	5
65	52	5
66	53	5
67	54	5
68	55	5
69	56	5
70	57	5
71	58	5
72	59	5
73	60	5
74	61	5
75	62	5
76	63	5
77	64	5
78	65	5
79	66	5
80	67	5
81	68	5
82	69	5
83	70	5
84	71	5
85	72	5
86	73	5
87	74	5
88	75	5
89	76	5
90	77	5
91	78	5
92	79	5
93	80	5
94	81	5
95	82	5
96	83	5
97	84	5
98	85	5
99	86	5
100	87	5
101	88	5
102	89	5
103	90	5
104	91	5
105	92	5
106	93	5
107	94	5
108	95	5
109	96	5
110	97	5
111	98	5
112	99	5
113	100	5
114	101	5
115	102	5
116	103	5
117	104	5
118	105	5
119	106	5
120	107	5
121	108	5
122	109	5
123	110	5
124	111	5
125	112	5
126	113	5
127	114	5
128	115	5
129	116	5
130	117	5
131	118	5
132	119	5
133	120	5
134	121	5
135	122	5
136	123	5
137	124	5
138	125	5
139	126	5
140	127	5
141	128	5
142	129	5
143	130	5
144	131	5
145	132	5
146	133	5
147	134	5
148	135	5
149	136	5
150	137	5
151	138	5
152	139	5
153	140	5
154	141	5
155	142	5
156	143	5
157	144	5
158	145	5
159	146	5
160	147	5
161	148	5
162	149	5
163	150	5
164	151	5
165	152	5
166	153	5
167	154	5
168	155	5
169	156	5
170	157	5
171	158	5
172	159	5
173	160	5
174	161	5
175	162	5
176	163	5
177	164	5
178	165	5
179	166	5
180	167	5
181	168	5
182	169	5
183	170	5
184	171	5
185	172	5
186	173	5
187	174	5
188	175	5
189	176	5
190	177	5
191	178	5
192	179	5
193	180	5
194	181	5
195	182	5
196	183	5
197	184	5
198	185	5
199	186	5
200	187	5
201	188	5
202	189	5
203	190	5
204	191	5
205	192	5
206	193	5
207	194	5
208	195	5
209	196	5
210	197	5
211	198	5
212	199	5
213	200	5
214	201	5
215	202	5
216	203	5
217	204	5
218	205	5
219	206	5
220	207	5
221	208	5
222	209	5
223	210	5
224	211	5
225	212	5
226	213	5
227	214	5
228	215	5
229	216	5
230	217	5
231	218	5
232	219	5
233	220	5
234	221	5
235	222	5
236	223	5
237	224	5
238	225	5
239	226	5
240	227	5
241	228	5
242	229	5
243	230	5
244	231	5
245	232	5
246	233	5
247	234	5
248	235	5
249	236	5
250	237	5
251	238	5
252	239	5
253	240	5
254	241	5
255	242	5
256	243	5
257	244	5
258	245	5
259	246	5
260	247	5
261	248	5
262	249	5
263	250	5
264	251	5
265	252	5
266	253	5
267	254	5
268	255	5
269	256	5
270	257	5
271	258	5
272	259	5
273	260	5
274	261	5
275	262	5
276	263	5
277	264	5
278	265	5
279	266	5
280	267	5
281	268	5
282	269	5
283	270	5
284	271	5
285	272	5
286	273	5
287	274	5
288	275	5
289	276	5
290	277	5
291	278	5
292	279	5
293	280	5
294	281	5
295	282	5
296	283	5
297	284	5
298	285	5
299	286	5
300	287	5
301	288	5
302	289	5
303	290	5
304	291	5
305	292	5
306	293	5
307	294	5
308	295	5
309	296	5
310	297	5
311	298	5
312	299	5
313	300	5
314	301	5
315	302	5
316	303	5
317	304	5
318	305	5
319	306	5
320	307	5
321	308	5
322	309	5
323	310	5
324	311	5
325	312	5
326	313	5
327	314	5
328	315	5
329	316	5
330	317	5
331	318	5
332	319	5
333	320	5
334	321	5
335	322	5
336	323	5
337	324	5
338	325	5
339	326	5
340	327	5
341	328	5
342	329	5
343	330	5
344	331	5
345	332	5
346	333	5
347	334	5
348	335	5
349	336	5
350	337	5
351	338	5
352	339	5
353	340	5
354	341	5
355	342	5
356	343	5
357	344	5
358	345	5
359	346	5
360	347	5
361	348	5
362	349	5
363	350	5
364	351	5
365	352	5
366	353	5
367	354	5
368	355	5
369	356	5
370	357	5
371	358	5
372	359	5
373	360	5
374	361	5
375	362	5
376	363	5
377	364	5
378	365	5
379	366	5
380	367	5
381	368	5
382	369	5
383	370	5
384	371	5
385	372	5
386	373	5
387	374	5
388	375	5
389	376	5
390	377	5
391	378	5
392	379	5
393	380	5
394	381	5
395	382	5
396	383	5
397	384	5
398	385	5
399	386	5
400	387	5
401	388	5
402	389	5
403	390	5
404	391	5
405	392	5
406	393	5
407	394	5
408	395	5
409	396	5
410	397	5
411	398	5
412	399	5
413	400	5
414	401	5
415	402	5
416	403	5
417	404	5
418	405	5
419	406	5
420	407	5
421	408	5
422	409	5
423	410	5
424	411	5
425	412	5
426	413	5
427	414	5
428	415	5
429	416	5
430	417	5
431	418	5
432	419	5
433	420	5
434	421	5
435	422	5
436	423	5
437	424	5
438	425	5
439	426	5
440	427	5
441	428	5
442	429	5
443	430	5
444	431	5
445	432	5
446	433	5
447	434	5
448	435	5
449	436	5
450	437	5
451	438	5
452	439	5
453	440	5
454	441	5
455	442	5
456	443	5
457	444	5
458	445	5
459	446	5
460	447	5
461	448	5
462	449	5
463	450	5
464	451	5
465	452	5
466	453	5
467	454	5
468	455	5
469	456	5
470	457	5
471	458	5
472	459	5
473	460	5
474	461	5
475	462	5
476	463	5
477	464	5
478	465	5
479	466	5
480	467	5
481	468	5
482	469	5
483	470	5
484	471	5
485	472	5
486	473	5
487	474	5
488	475	5
489	476	5
490	477	5
491	478	5
492	479	5
493	480	5
494	481	5
495	482	5
496	483	5
497	484	5
498	485	5
499	486	5
500	487	5
501	488	5
502	489	5
503	490	5
504	491	5
505	492	5
506	493	5
507	494	5
508	495	5
509	496	5
510	497	5
511	498	5
512	499	5
513	500	5
514	501	5
515	502	5
516	503	5
517	504	5
518	505	5
519	506	5
520	507	5
521	508	5
522	509	5
523	510	5
524	511	5
525	512	5
526	513	5
527	514	5
528	515	5
529	516	5
530	517	5
531	518	5
532	519	5
533	520	5
534	521	5
535	522	5
536	523	5
537	524	5
538	525	5
539	526	5
540	527	5
541	528	5
542	529	5
543	530	5
544	531	5
545	532	5
546	533	5
547	534	5
548	535	5
549	536	5
550	537	5
551	538	5
552	539	5
553	540	5
554	541	5
555	542	5
556	543	5
557	544	5
558	545	5
559	546	5
560	547	5
561	548	5
562	549	5
563	550	5
564	551	5
565	552	5
566	553	5
567	554	5
568	555	5
569	556	5
570	557	5
571	558	5
572	559	5
573	560	5
574	561	5
575	562	5
576	563	5
577	564	5
578	565	5
579	566	5
580	567	5
581	568	5
582	569	5
583	570	5
584	571	5
585	572	5
586	573	5
587	574	5
588	575	5
589	576	5
590	577	5
591	578	5
592	579	5
593	580	5
594	11	1
595	7	1
\.


--
-- Data for Name: auth_user_user_permissions; Type: TABLE DATA; Schema: public; Owner: demo_user
--

COPY public.auth_user_user_permissions (id, user_id, permission_id) FROM stdin;
\.


--
-- Data for Name: avaluacioQualitativa_avaluacioqualitativa; Type: TABLE DATA; Schema: public; Owner: demo_user
--

COPY public."avaluacioQualitativa_avaluacioqualitativa" (id, nom_avaluacio, data_obrir_avaluacio, data_tancar_avaluacio, data_obrir_portal_families, data_tancar_tancar_portal_families) FROM stdin;
\.


--
-- Data for Name: avaluacioQualitativa_avaluacioqualitativa_grups; Type: TABLE DATA; Schema: public; Owner: demo_user
--

COPY public."avaluacioQualitativa_avaluacioqualitativa_grups" (id, avaluacioqualitativa_id, grup_id) FROM stdin;
\.


--
-- Data for Name: avaluacioQualitativa_itemqualitativa; Type: TABLE DATA; Schema: public; Owner: demo_user
--

COPY public."avaluacioQualitativa_itemqualitativa" (id, text, codi_agrupacio) FROM stdin;
\.


--
-- Data for Name: avaluacioQualitativa_itemqualitativa_nivells; Type: TABLE DATA; Schema: public; Owner: demo_user
--

COPY public."avaluacioQualitativa_itemqualitativa_nivells" (id, itemqualitativa_id, nivell_id) FROM stdin;
\.


--
-- Data for Name: avaluacioQualitativa_respostaavaluacioqualitativa; Type: TABLE DATA; Schema: public; Owner: demo_user
--

COPY public."avaluacioQualitativa_respostaavaluacioqualitativa" (id, frase_oberta, alumne_id, assignatura_id, item_id, professor_id, qualitativa_id, relacio_familia_notificada, relacio_familia_revisada) FROM stdin;
\.


--
-- Data for Name: avaluacioQualitativa_respostaavaluacioqualitativa_notificacb104; Type: TABLE DATA; Schema: public; Owner: demo_user
--

COPY public."avaluacioQualitativa_respostaavaluacioqualitativa_notificacb104" (id, respostaavaluacioqualitativa_id, notifusuari_id) FROM stdin;
\.


--
-- Data for Name: baixes_feina; Type: TABLE DATA; Schema: public; Owner: demo_user
--

COPY public.baixes_feina (id, feina_a_fer, comentaris_per_al_professor_guardia, comentaris_professor_guardia, impartir_id, professor_darrera_modificacio_id, professor_fa_guardia_id) FROM stdin;
\.


--
-- Data for Name: django_admin_log; Type: TABLE DATA; Schema: public; Owner: demo_user
--

COPY public.django_admin_log (id, action_time, object_id, object_repr, action_flag, change_message, content_type_id, user_id) FROM stdin;
\.


--
-- Data for Name: django_content_type; Type: TABLE DATA; Schema: public; Owner: demo_user
--

COPY public.django_content_type (id, app_label, model) FROM stdin;
1	alumnes	alumne
2	alumnes	alumnegrup
3	alumnes	alumnegrupnom
4	alumnes	alumnenomsentit
5	alumnes	alumnenomsentitgrup
6	sortides	pagament
7	sortides	quotapagament
8	sortides	sortidapagament
9	auth	user
10	usuaris	alumneuser
11	usuaris	professional
12	usuaris	professor
13	usuaris	professorconserge
14	admin	logentry
15	auth	permission
16	auth	group
17	contenttypes	contenttype
18	sessions	session
19	sites	site
20	missatgeria	destinatari
21	missatgeria	detallmissatge
22	missatgeria	missatge
23	alumnes	curs
24	alumnes	grup
25	alumnes	nivell
26	alumnes	dadesaddicionalsalumne
27	assignatures	assignatura
28	assignatures	tipusdassignatura
29	horaris	diadelasetmana
30	horaris	festiu
31	horaris	franjahoraria
32	horaris	horari
33	presencia	controlassistencia
34	presencia	estatcontrolassistencia
35	presencia	impartir
36	presencia	nohadeseralaula
37	incidencies	expulsio
38	incidencies	frassesincidenciaaula
39	incidencies	incidencia
40	incidencies	sancio
41	incidencies	tipusincidencia
42	incidencies	tipussancio
43	tutoria	actuacio
44	tutoria	cartaabsentisme
45	tutoria	resumanualalumne
46	tutoria	seguimenttutorial
47	tutoria	seguimenttutorialpreguntes
48	tutoria	seguimenttutorialrespostes
49	tutoria	tutor
50	tutoria	tutorindividualitzat
51	extKronowin	franja2aula
52	extKronowin	grup2aula
53	extKronowin	parametrekronowin
54	extSaga	grup2aula
55	extSaga	parametresaga
56	extEsfera	grup2aula
57	extEsfera	parametreesfera
58	avaluacioQualitativa	avaluacioqualitativa
59	avaluacioQualitativa	itemqualitativa
60	avaluacioQualitativa	respostaavaluacioqualitativa
61	todo	todo
62	usuaris	abstractonetimepasswd
63	usuaris	accio
64	usuaris	departament
65	usuaris	loginusuari
66	usuaris	onetimepasswd
67	usuaris	dadesaddicionalsprofessor
68	usuaris	qrportal
69	usuaris	responsableuser
70	usuaris	notifusuari
71	relacioFamilies	emailpendent
72	relacioFamilies	docattach
73	relacioFamilies	responsable
74	sortides	notificasortida
75	sortides	sortida
76	sortides	tipusquota
77	sortides	tpv
78	sortides	quota
79	sortides	quotacentre
80	baixes	feina
81	aules	aula
82	aules	reservaaula
83	material	recurs
84	material	reservarecurs
85	extUntis	agrupament
86	matricula	matricula
87	matricula	document
88	extPreinscripcio	preinscripcio
89	extPreinscripcio	nivell2aula
\.


--
-- Data for Name: django_migrations; Type: TABLE DATA; Schema: public; Owner: demo_user
--

COPY public.django_migrations (id, app, name, applied) FROM stdin;
1	contenttypes	0001_initial	2025-11-11 12:54:32.2996+00
2	auth	0001_initial	2025-11-11 12:54:32.502215+00
3	admin	0001_initial	2025-11-11 12:54:32.55796+00
4	admin	0002_logentry_remove_auto_add	2025-11-11 12:54:32.578343+00
5	admin	0003_logentry_add_action_flag_choices	2025-11-11 12:54:32.598728+00
6	relacioFamilies	0001_initial	2025-11-11 12:54:32.633551+00
7	relacioFamilies	0002_alter_emailpendent_toemail_docattach	2025-11-11 12:54:32.685081+00
8	contenttypes	0002_remove_content_type_name	2025-11-11 12:54:32.732789+00
9	auth	0002_alter_permission_name_max_length	2025-11-11 12:54:32.757101+00
10	auth	0003_alter_user_email_max_length	2025-11-11 12:54:32.773337+00
11	auth	0004_alter_user_username_opts	2025-11-11 12:54:32.786711+00
12	auth	0005_alter_user_last_login_null	2025-11-11 12:54:32.806375+00
13	auth	0006_require_contenttypes_0002	2025-11-11 12:54:32.82035+00
14	usuaris	0001_initial	2025-11-11 12:54:32.988659+00
15	usuaris	0002_professorconserge	2025-11-11 12:54:32.992339+00
16	usuaris	0003_auto_20190331_1541	2025-11-11 12:54:33.020912+00
17	usuaris	0004_dadesadicionalsprofessor	2025-11-11 12:54:33.061236+00
18	usuaris	0005_auto_20190922_2001	2025-11-11 12:54:33.082081+00
19	usuaris	0006_auto_20191013_1050	2025-11-11 12:54:33.112049+00
20	usuaris	0004_auto_20190924_1045	2025-11-11 12:54:33.13566+00
21	usuaris	0007_merge_20191023_1150	2025-11-11 12:54:33.144564+00
22	usuaris	0008_auto_20191027_1228	2025-11-11 12:54:33.166831+00
23	usuaris	0009_auto_20200405_1209	2025-11-11 12:54:33.196816+00
24	usuaris	0010_dadesaddicionalsprofessor_foto	2025-11-11 12:54:33.217792+00
25	alumnes	0001_initial	2025-11-11 12:54:33.42518+00
26	alumnes	0002_alumne_ralc	2025-11-11 12:54:33.487139+00
27	alumnes	0003_treure_restriccio_unique	2025-11-11 12:54:33.532483+00
28	alumnes	0004_type_data_naixement	2025-11-11 12:54:33.566108+00
29	alumnes	0005_auto_20171025_1830	2025-11-11 12:54:33.618606+00
30	alumnes	0006_auto_20180507_1102	2025-11-11 12:54:34.056104+00
31	alumnes	0007_alumne_municipi	2025-11-11 12:54:34.088017+00
32	alumnes	0008_alumne_cp	2025-11-11 12:54:34.11526+00
33	alumnes	0009_auto_20190331_1541	2025-11-11 12:54:34.256295+00
34	alumnes	0010_alumne_foto	2025-11-11 12:54:34.286917+00
35	alumnes	0011_auto_20191002_1753	2025-11-11 12:54:34.31449+00
36	alumnes	0012_alumne_primer_responsable	2025-11-11 12:54:34.354752+00
37	alumnes	0013_alumne_observacions	2025-11-11 12:54:34.4053+00
38	alumnes	0014_auto_20210501_2256	2025-11-11 12:54:34.448946+00
39	alumnes	0015_dadesaddicionalsalumne	2025-11-11 12:54:34.562924+00
40	assignatures	0001_initial	2025-11-11 12:54:34.657729+00
41	horaris	0001_initial	2025-11-11 12:54:34.933045+00
42	sortides	0001_initial	2025-11-11 12:54:35.269792+00
43	sortides	0002_auto_20151218_1534	2025-11-11 12:54:35.366791+00
44	sortides	0003_auto_20160226_1731	2025-11-11 12:54:35.402415+00
45	sortides	0004_auto_20160422_1721	2025-11-11 12:54:35.502714+00
46	sortides	0005_sortida_codi_de_barres	2025-11-11 12:54:35.551587+00
47	sortides	0006_sortida_info_pagament	2025-11-11 12:54:35.827439+00
48	sortides	0007_auto_20171113_1712	2025-11-11 12:54:36.054953+00
49	sortides	0008_auto_20171113_1718	2025-11-11 12:54:36.093266+00
50	sortides	0009_auto_20190212_1047	2025-11-11 12:54:36.190167+00
51	sortides	0010_sortida_tipus_de_pagament	2025-11-11 12:54:36.245501+00
52	sortides	0011_auto_20190214_1630	2025-11-11 12:54:36.424743+00
53	sortides	0012_auto_20190221_1920	2025-11-11 12:54:36.496327+00
54	sortides	0013_auto_20190331_1541	2025-11-11 12:54:36.723627+00
55	sortides	0014_auto_20190715_1117	2025-11-11 12:54:36.882036+00
56	sortides	0015_auto_20190715_1118	2025-11-11 12:54:36.926469+00
57	sortides	0016_auto_20190722_1359	2025-11-11 12:54:37.03255+00
58	sortides	0017_pagament_ordre_pagament	2025-11-11 12:54:37.091014+00
59	sortides	0018_auto_20190816_0858	2025-11-11 12:54:37.22208+00
60	sortides	0019_auto_20191128_1521	2025-11-11 12:54:37.383665+00
61	sortides	0014_auto_20191027_1228	2025-11-11 12:54:37.419666+00
62	sortides	0020_merge_20200216_2333	2025-11-11 12:54:37.427924+00
63	sortides	0021_auto_20200216_2333	2025-11-11 12:54:37.488191+00
64	sortides	0022_auto_20200223_0105	2025-11-11 12:54:37.529484+00
65	sortides	0023_auto_20201220_1759	2025-11-11 12:54:38.053152+00
66	sortides	0024_auto_20210417_1323	2025-11-11 12:54:38.095488+00
67	alumnes	0015_auto_20210726_0121	2025-11-11 12:54:38.197968+00
68	alumnes	0016_merge_20210830_1954	2025-11-11 12:54:38.206926+00
69	alumnes	0017_nivell_preexclusiva	2025-11-11 12:54:38.229283+00
70	usuaris	0011_qrportal	2025-11-11 12:54:38.362107+00
71	usuaris	0012_qrportal_numero_de_mobil	2025-11-11 12:54:38.43407+00
72	alumnes	0018_alumne_usuaris_app_associats	2025-11-11 12:54:38.502345+00
73	relacioFamilies	0003_responsable	2025-11-11 12:54:38.640289+00
74	alumnes	0019_alumne_responsable_preferent	2025-11-11 12:54:38.718728+00
75	alumnes	0020_alter_alumne_tutors_volen_rebre_correu	2025-11-11 12:54:38.771994+00
76	alumnes	0021_alumne_aruco_marker	2025-11-11 12:54:38.900115+00
77	alumnes	0022_alter_alumne_aruco_marker	2025-11-11 12:54:39.178402+00
78	alumnes	0023_alter_alumne_aruco_marker	2025-11-11 12:54:39.284076+00
79	assignatures	0002_tipusdassignatura_capcelera	2025-11-11 12:54:39.307022+00
80	assignatures	0003_auto_20190331_1541	2025-11-11 12:54:39.321661+00
81	assignatures	0004_auto_20190922_2001	2025-11-11 12:54:39.334216+00
82	presencia	0001_initial	2025-11-11 12:54:39.964332+00
83	incidencies	0001_initial	2025-11-11 12:54:40.726599+00
84	presencia	0002_nohadeseralaula	2025-11-11 12:54:40.840334+00
85	presencia	0003_choicesnohadeseralaula	2025-11-11 12:54:40.876156+00
86	aules	0001_initial	2025-11-11 12:54:41.213141+00
87	aules	0002_auto_20180411_1918	2025-11-11 12:54:41.536716+00
88	aules	0003_auto_20180415_1128	2025-11-11 12:54:41.705794+00
89	aules	0004_auto_20180416_1033	2025-11-11 12:54:41.916515+00
90	aules	0005_auto_20190330_2012	2025-11-11 12:54:41.966107+00
91	aules	0006_alter_reservaaula_usuari	2025-11-11 12:54:42.084025+00
92	auth	0007_alter_validators_add_error_messages	2025-11-11 12:54:42.183135+00
93	auth	0008_alter_user_username_max_length	2025-11-11 12:54:42.260487+00
94	auth	0009_alter_user_last_name_max_length	2025-11-11 12:54:42.347269+00
95	auth	0010_alter_group_name_max_length	2025-11-11 12:54:42.773301+00
96	auth	0011_update_proxy_permissions	2025-11-11 12:54:42.8786+00
97	auth	0012_alter_user_first_name_max_length	2025-11-11 12:54:42.936966+00
98	usuaris	0013_responsableuser_notifusuari	2025-11-11 12:54:43.057108+00
99	avaluacioQualitativa	0001_initial	2025-11-11 12:54:43.512139+00
100	avaluacioQualitativa	0002_dates_obrir_tancar_portal	2025-11-11 12:54:43.566781+00
101	avaluacioQualitativa	0003_control_notificacio_families	2025-11-11 12:54:43.719395+00
102	avaluacioQualitativa	0004_item_codi_agrupacio	2025-11-11 12:54:43.764661+00
103	avaluacioQualitativa	0005_auto_20201021_1011	2025-11-11 12:54:43.822863+00
104	avaluacioQualitativa	0006_respostaavaluacioqualitativa_notificacions_familia	2025-11-11 12:54:43.969002+00
105	baixes	0001_initial	2025-11-11 12:54:44.128033+00
106	extEsfera	0001_initial	2025-11-11 12:54:44.283111+00
107	extKronowin	0001_initial	2025-11-11 12:54:44.551279+00
108	extPreinscripcio	0001_initial	2025-11-11 12:54:44.709085+00
109	extSaga	0001_initial	2025-11-11 12:54:44.909127+00
110	extUntis	0001_initial	2025-11-11 12:54:45.048619+00
111	extUntis	0002_auto_20191014_1118	2025-11-11 12:54:45.071529+00
112	horaris	0002_horari_aula	2025-11-11 12:54:45.178493+00
113	horaris	0003_auto_20180411_1942	2025-11-11 12:54:45.287147+00
114	horaris	0004_auto_20190331_1541	2025-11-11 12:54:45.320533+00
115	horaris	0005_auto_20191009_1056	2025-11-11 12:54:45.567673+00
116	incidencies	0002_incidencia_gestionada_pel_tutor	2025-11-11 12:54:45.663177+00
117	incidencies	0003_incidencia_gestionada_pel_tutor_motiu	2025-11-11 12:54:45.749359+00
118	incidencies	0004_auto_20180409_1724	2025-11-11 12:54:45.976146+00
119	incidencies	0005_auto_20180411_1707	2025-11-11 12:54:46.086092+00
120	incidencies	0006_auto_20190331_1541	2025-11-11 12:54:46.23178+00
121	incidencies	0007_auto_20220210_1035	2025-11-11 12:54:46.655749+00
122	incidencies	0008_incidencia_notificacions_familia	2025-11-11 12:54:46.791494+00
123	incidencies	0009_expulsio_notificacions_familia_and_more	2025-11-11 12:54:47.071584+00
124	material	0001_initial	2025-11-11 12:54:47.464878+00
125	matricula	0001_initial	2025-11-11 12:54:47.747097+00
126	matricula	0002_alter_matricula_adreca_alter_matricula_cp_and_more	2025-11-11 12:54:48.115855+00
127	matricula	0003_matricula_rp1_adreca_matricula_rp1_cognoms_and_more	2025-11-11 12:54:49.496978+00
128	missatgeria	0001_initial	2025-11-11 12:54:49.896629+00
129	missatgeria	0002_missatge_tipus_de_missatge	2025-11-11 12:54:49.954256+00
130	missatgeria	0003_auto_20190331_1541	2025-11-11 12:54:50.081618+00
131	presencia	0004_impartir_reserva	2025-11-11 12:54:50.187517+00
132	presencia	0005_auto_20180411_1945	2025-11-11 12:54:50.288049+00
133	presencia	0006_auto_20190331_1541	2025-11-11 12:54:50.403681+00
134	presencia	0007_auto_20191013_1307	2025-11-11 12:54:50.508786+00
135	presencia	0008_auto_20191020_0114	2025-11-11 12:54:50.59136+00
136	presencia	0009_controlassistencia_comunicat	2025-11-11 12:54:50.692672+00
137	presencia	0010_alter_impartir_professor_guardia_and_more	2025-11-11 12:54:50.900907+00
138	presencia	0011_alter_controlassistencia_index_together	2025-11-11 12:54:50.967299+00
139	presencia	0012_rename_presencia_controlassiste_alumne_id_estat_id_relac_8957bdde_idx_presencia_c_alumne__6961f9_idx	2025-11-11 12:54:51.043736+00
140	presencia	0013_remove_controlassistencia_presencia_c_alumne__6961f9_idx	2025-11-11 12:54:51.110447+00
141	presencia	0014_controlassistencia_notificacions_familia_and_more	2025-11-11 12:54:51.333794+00
142	relacioFamilies	0004_remove_responsable_relacio_familia_darrera_notificacio	2025-11-11 12:54:51.409419+00
143	sessions	0001_initial	2025-11-11 12:54:51.458397+00
144	sites	0001_initial	2025-11-11 12:54:51.483047+00
145	sites	0002_alter_domain_unique	2025-11-11 12:54:51.511739+00
146	sortides	0025_pagament_observacions	2025-11-11 12:54:51.594946+00
147	sortides	0026_alter_sortida_mitja_de_transport	2025-11-11 12:54:51.658521+00
148	sortides	0027_auto_20221207_1731	2025-11-11 12:54:51.812759+00
149	sortides	0028_alter_sortida_tipus	2025-11-11 12:54:52.28722+00
150	sortides	0029_alter_sortida_tipus	2025-11-11 12:54:52.409531+00
151	sortides	0030_alter_sortida_tipus	2025-11-11 12:54:52.479358+00
152	sortides	0031_sortida_subtipus	2025-11-11 12:54:52.563621+00
153	sortides	0032_rename_titol_de_la_sortida_sortida_titol	2025-11-11 12:54:52.63284+00
154	sortides	0033_alter_sortida_estat	2025-11-11 12:54:52.74706+00
155	sortides	0034_alter_sortida_subtipus	2025-11-11 12:54:52.826878+00
156	sortides	0035_alter_sortida_empresa_de_transport_and_more	2025-11-11 12:54:53.068865+00
157	sortides	0036_alter_sortida_empresa_de_transport_and_more	2025-11-11 12:54:53.344567+00
158	sortides	0037_quotacentre_alter_quota_any	2025-11-11 12:54:53.374281+00
159	sortides	0038_notificasortida_notificacions_familia	2025-11-11 12:54:53.591518+00
160	sortides	0039_pagament_notificacions_familia	2025-11-11 12:54:53.746893+00
161	todo	0001_initial	2025-11-11 12:54:53.876149+00
162	todo	0002_auto_20190331_1541	2025-11-11 12:54:54.035882+00
163	tutoria	0001_initial	2025-11-11 12:54:55.374496+00
164	tutoria	0002_auto_20160226_1731	2025-11-11 12:54:55.441502+00
165	tutoria	0003_cartaabsentisme_faltes_des_de_data	2025-11-11 12:54:55.505637+00
166	tutoria	0004_auto_20190331_1615	2025-11-11 12:54:56.124165+00
167	tutoria	0005_auto_20201109_1636	2025-11-11 12:54:56.191715+00
168	tutoria	0006_auto_20210531_1550	2025-11-11 12:54:56.282075+00
169	tutoria	0007_alter_actuacio_assumpte	2025-11-11 12:54:56.358067+00
170	tutoria	0008_cartaabsentisme_avisat_tutor	2025-11-11 12:54:56.426519+00
171	tutoria	0009_alter_cartaabsentisme_data_carta	2025-11-11 12:54:56.502366+00
172	tutoria	0010_remove_cartaabsentisme_avisat_tutor	2025-11-11 12:54:56.597754+00
\.


--
-- Data for Name: django_session; Type: TABLE DATA; Schema: public; Owner: demo_user
--

COPY public.django_session (session_key, session_data, expire_date) FROM stdin;
\.


--
-- Data for Name: django_site; Type: TABLE DATA; Schema: public; Owner: demo_user
--

COPY public.django_site (id, domain, name) FROM stdin;
1	example.com	example.com
\.


--
-- Data for Name: extEsfera_grup2aula; Type: TABLE DATA; Schema: public; Owner: demo_user
--

COPY public."extEsfera_grup2aula" (id, grup_esfera, "Grup2Aula_id") FROM stdin;
\.


--
-- Data for Name: extEsfera_parametreesfera; Type: TABLE DATA; Schema: public; Owner: demo_user
--

COPY public."extEsfera_parametreesfera" (id, nom_parametre, valor_parametre) FROM stdin;
\.


--
-- Data for Name: extKronowin_franja2aula; Type: TABLE DATA; Schema: public; Owner: demo_user
--

COPY public."extKronowin_franja2aula" (id, franja_kronowin, franja_aula_id) FROM stdin;
1	1	2
2	2	3
3	3	5
4	4	6
5	6	10
6	7	11
7	8	13
8	9	14
\.


--
-- Data for Name: extKronowin_grup2aula; Type: TABLE DATA; Schema: public; Owner: demo_user
--

COPY public."extKronowin_grup2aula" (id, grup_kronowin, "Grup2Aula_id") FROM stdin;
1	ESO3B	1
2	ESO2A	2
3	ESO1A	3
4	ESO2B	4
5	ESO1B	5
6	ESO3A	6
7	ESO1C	7
8		8
9	CFA1B	9
10	CFA1A	10
11	CFI1A	11
12	CFI2A	12
13	CFA2A	13
\.


--
-- Data for Name: extKronowin_parametrekronowin; Type: TABLE DATA; Schema: public; Owner: demo_user
--

COPY public."extKronowin_parametrekronowin" (id, nom_parametre, valor_parametre) FROM stdin;
1	passwd	1234
2	assignatures amb professor	AO,AC,OP,OE
3	fusionar assignatures	N
\.


--
-- Data for Name: extPreinscripcio_nivell2aula; Type: TABLE DATA; Schema: public; Owner: demo_user
--

COPY public."extPreinscripcio_nivell2aula" (id, nivellgedac, "nivellDjau_id") FROM stdin;
\.


--
-- Data for Name: extPreinscripcio_preinscripcio; Type: TABLE DATA; Schema: public; Owner: demo_user
--

COPY public."extPreinscripcio_preinscripcio" (id, nom, cognoms, ralc, codiestudis, nomestudis, codimodalitat, nommodalitat, curs, regim, torn, identificador, tis, naixement, sexe, nacionalitat, paisnaixement, "adreça", provincia, municipi, localitat, cp, paisresidencia, telefon, correu, tdoctut1, doctut1, nomtut1, cognomstut1, tdoctut2, doctut2, nomtut2, cognomstut2, codicentreprocedencia, centreprocedencia, codiestudisprocedencia, estudisprocedencia, cursestudisprocedencia, centreassignat, estat, "any") FROM stdin;
\.


--
-- Data for Name: extSaga_grup2aula; Type: TABLE DATA; Schema: public; Owner: demo_user
--

COPY public."extSaga_grup2aula" (id, grup_saga, "Grup2Aula_id") FROM stdin;
1	ESO1A	3
2	ESO1B	5
3	ESO1C	7
4	ESO2A	2
5	ESO2B	4
6	ESO3A	6
7	ESO3B	1
8	CFI1A	11
9	CFI2A	12
10	CFA1A	10
11	CFA1B	9
12	CFA2A	13
\.


--
-- Data for Name: extSaga_parametresaga; Type: TABLE DATA; Schema: public; Owner: demo_user
--

COPY public."extSaga_parametresaga" (id, nom_parametre, valor_parametre) FROM stdin;
1	grups estatics	UEC
2	CursosManuals	
\.


--
-- Data for Name: extUntis_agrupament; Type: TABLE DATA; Schema: public; Owner: demo_user
--

COPY public."extUntis_agrupament" (id, grup_alumnes_id, grup_horari_id) FROM stdin;
\.


--
-- Data for Name: horaris_diadelasetmana; Type: TABLE DATA; Schema: public; Owner: demo_user
--

COPY public.horaris_diadelasetmana (id, n_dia_uk, n_dia_ca, dia_2_lletres, dia_de_la_setmana, es_festiu) FROM stdin;
1	1	0	dll	Dilluns	f
2	2	1	dm	Dimarts	f
3	3	2	dx	Dimecres	f
4	4	3	dj	Dijous	f
5	5	4	dv	Divendres	f
6	6	5	ds	Dissabte	t
7	0	6	dg	Diumenge	t
\.


--
-- Data for Name: horaris_festiu; Type: TABLE DATA; Schema: public; Owner: demo_user
--

COPY public.horaris_festiu (id, data_inici_festiu, data_fi_festiu, descripcio, curs_id, franja_horaria_fi_id, franja_horaria_inici_id) FROM stdin;
1	2011-12-23	2012-01-08	vacances de Nadal	\N	15	2
2	2012-04-02	2012-04-09	vacances de Setmana Santa	\N	15	2
\.


--
-- Data for Name: horaris_franjahoraria; Type: TABLE DATA; Schema: public; Owner: demo_user
--

COPY public.horaris_franjahoraria (id, hora_inici, hora_fi, nom_franja) FROM stdin;
2	08:15:00	09:15:00	
3	09:15:00	10:10:00	
4	10:10:00	10:30:00	1r Pati
5	10:30:00	11:30:00	
6	11:30:00	12:25:00	
7	12:25:00	12:45:00	2nPati
8	12:45:00	13:45:00	
9	14:45:00	15:45:00	
10	15:45:00	16:45:00	
11	16:45:00	17:45:00	
12	17:45:00	18:05:00	Pati tarda
13	18:05:00	19:00:00	
14	19:00:00	19:55:00	
15	19:55:00	20:50:00	
16	13:45:00	14:45:00	
\.


--
-- Data for Name: horaris_horari; Type: TABLE DATA; Schema: public; Owner: demo_user
--

COPY public.horaris_horari (id, nom_aula, es_actiu, estat_sincronitzacio, assignatura_id, dia_de_la_setmana_id, grup_id, hora_id, professor_id, aula_id) FROM stdin;
1		t		1	1	1	2	2	1
127		t		22	4	1	6	3	49
2		t		2	1	2	2	3	2
3		t		3	1	3	2	4	3
4		t		4	1	4	2	5	4
5		t		3	1	5	2	6	5
6		t		1	1	6	2	7	6
254		t		54	4	9	14	10	85
262		t		5	5	\N	10	12	\N
263		t		50	5	10	11	12	120
264		t		38	5	11	11	10	158
265		t		44	5	13	11	11	159
266		t		46	5	12	11	14	160
267		t		54	5	9	11	15	161
268		t		5	5	\N	11	13	\N
269		t		48	5	13	13	15	162
270		t		50	5	10	13	13	124
271		t		47	5	12	13	11	73
272		t		36	5	9	13	12	163
273		t		65	5	11	13	14	164
274		t		5	5	\N	13	10	\N
275		t		54	5	10	14	13	24
276		t		65	5	11	14	11	3
277		t		56	5	13	14	12	136
278		t		39	5	12	14	15	165
279		t		58	5	9	14	14	166
280		t		5	5	\N	14	10	\N
7		t		3	1	7	2	8	7
8		t		5	1	\N	2	9	\N
9		t		6	1	1	3	2	8
10		t		4	1	4	3	9	9
11		t		7	1	7	3	5	10
12		t		1	1	6	3	6	11
13		t		8	1	3	3	7	12
14		t		8	1	5	3	4	10
15		t		9	1	2	3	8	13
16		t		5	1	\N	3	3	\N
17		t		6	1	6	5	3	7
18		t		10	1	2	5	6	14
19		t		11	1	7	5	8	15
20		t		2	1	4	5	5	16
21		t		3	1	3	5	9	17
22		t		12	1	1	5	2	18
23		t		8	1	5	5	7	19
24		t		5	1	\N	5	4	\N
25		t		2	1	2	6	8	20
26		t		6	1	1	6	9	21
27		t		13	1	5	6	2	22
28		t		14	1	4	6	3	23
29		t		8	1	7	6	7	24
30		t		3	1	3	6	4	25
31		t		15	1	6	6	5	26
32		t		5	1	\N	6	6	\N
33		t		16	2	2	2	5	27
34		t		6	2	6	2	4	28
35		t		17	2	1	2	2	29
36		t		18	2	5	2	3	30
37		t		3	2	3	2	7	31
38		t		8	2	7	2	8	32
39		t		19	2	4	2	9	33
40		t		5	2	\N	2	6	\N
41		t		6	2	6	3	9	34
42		t		4	2	2	3	4	35
43		t		20	2	3	3	3	36
44		t		21	2	7	3	6	37
45		t		19	2	4	3	8	38
46		t		7	2	5	3	5	39
47		t		22	2	1	3	2	40
48		t		5	2	\N	3	7	\N
49		t		23	2	4	5	8	41
50		t		19	2	2	5	3	42
51		t		6	2	6	5	9	43
52		t		8	2	5	5	2	9
53		t		12	2	1	5	7	44
54		t		8	2	7	5	6	45
55		t		24	2	3	5	4	46
56		t		5	2	\N	5	5	\N
57		t		25	2	7	6	5	47
58		t		26	2	3	6	7	48
59		t		22	2	6	6	8	49
60		t		8	2	5	6	2	50
61		t		14	2	2	6	9	51
62		t		22	2	1	6	6	52
63		t		19	2	4	6	3	53
64		t		5	2	\N	6	4	\N
65		t		13	3	3	2	5	54
66		t		13	3	7	2	6	48
67		t		27	3	6	2	4	55
68		t		20	3	5	2	3	56
69		t		22	3	1	2	7	57
70		t		14	3	2	2	2	58
71		t		28	3	4	2	9	19
72		t		5	3	\N	2	8	\N
73		t		3	3	5	3	6	58
74		t		13	3	7	3	8	59
75		t		4	3	4	3	3	60
76		t		16	3	2	3	5	61
77		t		22	3	6	3	7	62
78		t		29	3	3	3	9	63
79		t		12	3	1	3	4	64
253		t		65	4	11	14	13	119
255		t		57	4	13	14	14	31
256		t		5	4	\N	14	15	\N
257		t		64	5	11	10	10	156
258		t		54	5	9	10	13	50
259		t		63	5	12	10	14	28
260		t		66	5	13	10	11	157
261		t		36	5	10	10	15	55
81		t		30	3	1	5	6	65
82		t		8	3	7	5	8	66
84		t		14	3	2	5	3	67
85		t		7	3	3	5	5	15
86		t		25	3	5	5	4	68
87		t		6	3	6	5	9	69
88		t		5	3	\N	5	7	\N
89		t		31	3	5	6	6	70
90		t		12	3	1	6	9	50
91		t		8	3	3	6	7	71
92		t		20	3	7	6	3	20
93		t		4	3	2	6	8	46
94		t		1	3	6	6	2	72
95		t		2	3	4	6	5	73
96		t		5	3	\N	6	4	\N
97		t		12	4	1	2	8	74
99		t		33	4	2	2	2	75
100		t		25	4	3	2	9	76
101		t		19	4	4	2	6	77
102		t		34	4	5	2	5	78
103		t		8	4	7	2	3	79
104		t		5	4	\N	2	4	\N
105		t		31	4	7	3	9	80
106		t		9	4	4	3	8	81
107		t		31	4	5	3	4	69
108		t		3	4	3	3	5	82
109		t		6	4	6	3	6	83
110		t		6	4	1	3	2	84
111		t		14	4	2	3	3	85
112		t		5	4	\N	3	7	\N
114		t		6	4	6	5	2	54
115		t		25	4	3	5	9	87
116		t		4	4	4	5	7	88
117		t		31	4	5	5	4	89
118		t		7	4	7	5	5	90
119		t		10	4	2	5	6	3
120		t		5	4	\N	5	3	\N
121		t		14	4	4	6	2	91
122		t		22	4	6	6	4	2
123		t		3	4	5	6	8	92
124		t		25	4	7	6	7	93
125		t		7	4	3	6	5	2
126		t		10	4	2	6	6	94
128		t		5	4	\N	6	9	\N
130		t		15	5	1	2	6	95
131		t		12	5	6	2	3	96
132		t		8	5	5	2	4	66
133		t		4	5	2	2	9	97
134		t		35	5	4	2	8	58
135		t		31	5	3	2	5	56
136		t		5	5	\N	2	7	\N
137		t		3	5	5	3	6	45
138		t		12	5	6	3	7	14
139		t		12	5	1	3	8	98
140		t		8	5	7	3	2	99
141		t		35	5	2	3	4	100
142		t		4	5	4	3	9	101
143		t		8	5	3	3	3	102
145		t		6	5	6	5	5	21
146		t		22	5	1	5	8	103
147		t		13	5	5	5	4	104
148		t		14	5	2	5	9	105
149		t		8	5	7	5	6	42
150		t		2	5	4	5	3	106
151		t		25	5	3	5	7	107
152		t		5	5	\N	5	2	\N
153		t		12	5	1	6	9	108
154		t		14	5	4	6	4	1
155		t		20	5	3	6	3	59
156		t		22	5	6	6	5	109
157		t		3	5	7	6	7	110
158		t		10	5	2	6	6	111
160		t		5	5	\N	6	2	\N
161		t		36	1	9	10	10	113
162		t		37	1	10	10	11	114
163		t		38	1	11	10	12	115
164		t		39	1	12	10	13	58
165		t		40	1	13	10	14	41
166		t		5	1	\N	10	15	\N
167		t		41	1	10	11	11	116
168		t		42	1	12	11	10	117
169		t		43	1	9	11	15	118
170		t		44	1	13	11	12	50
171		t		45	1	11	11	13	42
172		t		5	1	\N	11	14	\N
173		t		40	1	13	13	11	119
175		t		41	1	9	13	13	121
176		t		45	1	11	13	15	122
177		t		37	1	10	13	14	9
178		t		5	1	\N	13	12	\N
179		t		47	1	12	14	13	40
180		t		48	1	13	14	12	70
181		t		49	1	11	14	14	123
182		t		37	1	10	14	10	124
183		t		50	1	9	14	11	125
184		t		5	1	\N	14	15	\N
185		t		51	2	12	10	15	126
186		t		52	2	9	10	14	33
187		t		53	2	13	10	13	127
188		t		38	2	11	10	11	128
190		t		5	2	\N	10	12	\N
191		t		36	2	9	11	10	130
192		t		54	2	10	11	15	131
193		t		55	2	12	11	11	41
194		t		45	2	11	11	12	132
195		t		56	2	13	11	13	133
196		t		5	2	\N	11	14	\N
197		t		39	2	12	13	10	59
198		t		57	2	13	13	14	4
199		t		49	2	11	13	12	27
200		t		52	2	9	13	11	120
201		t		58	2	10	13	15	134
202		t		5	2	\N	13	13	\N
203		t		59	2	13	14	11	54
205		t		61	2	12	14	14	136
206		t		41	2	10	14	10	137
207		t		36	2	9	14	13	109
208		t		5	2	\N	14	15	\N
209		t		62	3	11	10	12	138
210		t		58	3	9	10	10	139
211		t		42	3	12	10	13	76
212		t		54	3	10	10	11	6
213		t		59	3	13	10	14	140
214		t		5	3	\N	10	15	\N
215		t		63	3	12	11	12	141
216		t		57	3	13	11	14	13
80		t		5	3	\N	3	2	\N
83		t		14	3	4	5	2	32
98		t		32	4	6	2	7	43
113		t		12	4	1	5	8	86
129		t		25	5	7	2	2	54
144		t		5	5	\N	3	5	\N
159		t		31	5	5	6	8	112
174		t		46	1	12	13	10	120
189		t		41	2	10	10	10	129
204		t		60	2	11	14	12	135
217		t		52	3	10	11	15	142
218		t		64	3	11	11	13	143
219		t		37	3	9	11	10	88
220		t		5	3	\N	11	11	\N
221		t		63	3	12	13	11	144
222		t		65	3	11	13	14	65
223		t		37	3	10	13	10	107
224		t		41	3	9	13	13	145
225		t		66	3	13	13	12	100
226		t		5	3	\N	13	15	\N
227		t		46	3	12	14	14	3
228		t		45	3	11	14	11	146
229		t		53	3	13	14	12	42
230		t		43	3	10	14	13	147
231		t		37	3	9	14	15	126
232		t		5	3	\N	14	10	\N
233		t		58	4	9	10	13	148
234		t		44	4	13	10	10	149
235		t		47	4	12	10	11	150
236		t		49	4	11	10	14	128
237		t		37	4	10	10	15	151
238		t		5	4	\N	10	12	\N
239		t		43	4	10	11	12	94
240		t		49	4	11	11	11	152
241		t		51	4	12	11	15	114
242		t		40	4	13	11	14	153
243		t		58	4	9	11	10	154
244		t		5	4	\N	11	13	\N
245		t		56	4	13	13	14	135
246		t		64	4	11	13	13	145
247		t		37	4	10	13	15	13
248		t		61	4	12	13	10	57
249		t		50	4	9	13	12	155
250		t		5	4	\N	13	11	\N
251		t		63	4	12	14	12	131
252		t		36	4	10	14	11	81
\.


--
-- Data for Name: incidencies_expulsio; Type: TABLE DATA; Schema: public; Owner: demo_user
--

COPY public.incidencies_expulsio (id, estat, dia_expulsio, motiu, moment_comunicacio_a_tutors, tutor_contactat_per_l_expulsio, tramitacio_finalitzada, comentaris_cap_d_estudis, es_expulsio_per_acumulacio_incidencies, es_vigent, relacio_familia_revisada, relacio_familia_notificada, alumne_id, control_assistencia_id, franja_expulsio_id, professor_id, professor_recull_id, provoca_sancio_id) FROM stdin;
\.


--
-- Data for Name: incidencies_expulsio_notificacions_familia; Type: TABLE DATA; Schema: public; Owner: demo_user
--

COPY public.incidencies_expulsio_notificacions_familia (id, expulsio_id, notifusuari_id) FROM stdin;
\.


--
-- Data for Name: incidencies_frassesincidenciaaula; Type: TABLE DATA; Schema: public; Owner: demo_user
--

COPY public.incidencies_frassesincidenciaaula (id, frase, tipus_id) FROM stdin;
1	Ha millorat el seu rendiment.	2
2	No porta el material.	2
3	No ha fet els deures.	2
4	No realitza les tasques encomanades.	2
7	Parla, molesta i no deixa treballar als companys.	5
8	Interromp reiteradament la explicació del professor.	5
\.


--
-- Data for Name: incidencies_incidencia; Type: TABLE DATA; Schema: public; Owner: demo_user
--

COPY public.incidencies_incidencia (id, dia_incidencia, descripcio_incidencia, es_vigent, relacio_familia_revisada, relacio_familia_notificada, alumne_id, control_assistencia_id, franja_incidencia_id, professional_id, provoca_expulsio_id, provoca_sancio_id, tipus_id, gestionada_pel_tutor, gestionada_pel_tutor_motiu, professional_inicia_id) FROM stdin;
\.


--
-- Data for Name: incidencies_incidencia_notificacions_familia; Type: TABLE DATA; Schema: public; Owner: demo_user
--

COPY public.incidencies_incidencia_notificacions_familia (id, incidencia_id, notifusuari_id) FROM stdin;
\.


--
-- Data for Name: incidencies_sancio; Type: TABLE DATA; Schema: public; Owner: demo_user
--

COPY public.incidencies_sancio (id, data_inici, data_fi, data_carta, motiu, obra_expedient, comentaris_cap_d_estudis, signat, impres, relacio_familia_revisada, relacio_familia_notificada, alumne_id, franja_fi_id, franja_inici_id, professor_id, tipus_id) FROM stdin;
\.


--
-- Data for Name: incidencies_sancio_notificacions_familia; Type: TABLE DATA; Schema: public; Owner: demo_user
--

COPY public.incidencies_sancio_notificacions_familia (id, sancio_id, notifusuari_id) FROM stdin;
\.


--
-- Data for Name: incidencies_tipusincidencia; Type: TABLE DATA; Schema: public; Owner: demo_user
--

COPY public.incidencies_tipusincidencia (id, tipus, es_informativa, notificar_equip_directiu) FROM stdin;
2	Informativa	t	f
5	Incidència	f	f
\.


--
-- Data for Name: incidencies_tipussancio; Type: TABLE DATA; Schema: public; Owner: demo_user
--

COPY public.incidencies_tipussancio (id, tipus, carta_slug, justificar) FROM stdin;
2	Serveis a la comunitat	serveis	f
3	Tasques educatives	tasques	f
\.


--
-- Data for Name: material_recurs; Type: TABLE DATA; Schema: public; Owner: demo_user
--

COPY public.material_recurs (id, nom_recurs, descripcio_recurs, horari_lliure, reservable) FROM stdin;
\.


--
-- Data for Name: material_recurs_disponibilitat_horaria; Type: TABLE DATA; Schema: public; Owner: demo_user
--

COPY public.material_recurs_disponibilitat_horaria (id, recurs_id, franjahoraria_id) FROM stdin;
\.


--
-- Data for Name: material_reservarecurs; Type: TABLE DATA; Schema: public; Owner: demo_user
--

COPY public.material_reservarecurs (id, dia_reserva, hora_inici, hora_fi, motiu, es_reserva_manual, hora_id, recurs_id, usuari_id) FROM stdin;
\.


--
-- Data for Name: matricula_document; Type: TABLE DATA; Schema: public; Owner: demo_user
--

COPY public.matricula_document (id, fitxer, matricula_id) FROM stdin;
\.


--
-- Data for Name: matricula_matricula; Type: TABLE DATA; Schema: public; Owner: demo_user
--

COPY public.matricula_matricula (id, "idAlumne", estat, "any", acceptar_condicions, acceptacio_en, confirma_matricula, curs_complet, quantitat_ufs, llistaufs, bonificacio, fracciona_taxes, nom, cognoms, centre_de_procedencia, data_naixement, alumne_correu, adreca, localitat, cp, rp1_nom, rp1_telefon, rp1_correu, rp2_nom, rp2_telefon, rp2_correu, alumne_id, curs_id, preinscripcio_id, quota_id, rp1_adreca, rp1_cognoms, rp1_cp, rp1_dni, rp1_localitat, rp1_parentiu, rp2_adreca, rp2_cognoms, rp2_cp, rp2_dni, rp2_localitat, rp2_parentiu) FROM stdin;
\.


--
-- Data for Name: missatgeria_destinatari; Type: TABLE DATA; Schema: public; Owner: demo_user
--

COPY public.missatgeria_destinatari (id, importancia, moment_lectura, followed, destinatari_id, missatge_id) FROM stdin;
1	IN	\N	f	1	1
2	IN	\N	f	1	2
3	IN	\N	f	5	3
4	IN	\N	f	7	4
5	IN	\N	f	9	5
6	IN	\N	f	4	6
7	IN	\N	f	3	7
8	IN	\N	f	6	8
9	IN	\N	f	8	9
10	IN	\N	f	2	10
11	IN	\N	f	10	11
12	IN	\N	f	11	12
13	IN	\N	f	15	13
14	IN	\N	f	13	14
15	IN	\N	f	14	15
16	IN	\N	f	12	16
17	IN	\N	f	1	18
\.


--
-- Data for Name: missatgeria_detallmissatge; Type: TABLE DATA; Schema: public; Owner: demo_user
--

COPY public.missatgeria_detallmissatge (id, detall, tipus, missatge_id) FROM stdin;
1	Nou usuari: 'M6'. Passwd: '1234'	W	1
2	Nou usuari: 'M7'. Passwd: '1234'	W	1
3	Nou usuari: 'M5'. Passwd: '1234'	W	1
4	Nou usuari: 'M0'. Passwd: '1234'	W	1
5	Nou usuari: 'M3'. Passwd: '1234'	W	1
6	Nou usuari: 'M1'. Passwd: '1234'	W	1
7	Nou usuari: 'M4'. Passwd: '1234'	W	1
8	Nou usuari: 'M2'. Passwd: '1234'	W	1
9	Nou usuari: 'T0'. Passwd: '1234'	W	1
10	Nou usuari: 'T1'. Passwd: '1234'	W	1
11	Nou usuari: 'T5'. Passwd: '1234'	W	1
12	Nou usuari: 'T3'. Passwd: '1234'	W	1
13	Nou usuari: 'T4'. Passwd: '1234'	W	1
14	Nou usuari: 'T2'. Passwd: '1234'	W	1
15	Importació finalitzada amb avisos	I	1
16	 	I	1
17	280 línies llegides	I	1
18	280 horaris creats o modificats	I	1
19	0 aules creades	I	1
20	66 assignatures Creades	I	1
21	Recorda reprogramar classes segons el nou horari	I	1
22	Importació finalitzada	I	2
23	 	I	2
24	280 línies llegides	I	2
25	0 horaris creats o modificats	I	2
26	0 aules creades	I	2
27	0 assignatures Creades	I	2
28	Recorda reprogramar classes segons el nou horari	I	2
29	Nuñez Acosta, Gerard al grup ESO1A	I	3
30	Manzano Lopez, Adrià al grup ESO1A	I	3
31	Castillo Luque, Ismael al grup ESO1A	I	3
32	Badia Navas, Emma al grup ESO1A	I	3
33	Dominguez Mas, Naiara al grup ESO1A	I	3
34	Herrero Pages, Bernat al grup ESO1A	I	3
35	Carbonell Alsina, Aya al grup ESO1A	I	3
36	Pardo Coll, Jana al grup ESO1A	I	3
37	Blanco Gallego, Xavier al grup ESO1A	I	3
38	Viñas Miguel, Miguel al grup ESO1A	I	3
39	Beltran Blanch, Joel al grup ESO1A	I	3
40	Estrada Cortes, Mario al grup ESO1A	I	3
41	Diez Simon, Ainhoa al grup ESO1A	I	3
42	Nadal Medina, Malak al grup ESO1A	I	3
43	Pons Salvador, Martí al grup ESO1A	I	3
44	Acosta Martinez, Mar al grup ESO1A	I	3
45	Mendez Delgado, Unai al grup ESO1A	I	3
46	Gracia Hidalgo, Ainhoa al grup ESO1A	I	3
47	Miguel Bautista, Víctor al grup ESO1A	I	3
48	Roman Perez, Anna al grup ESO1A	I	3
49	Codina Lazaro, Arlet al grup ESO1A	I	3
50	Aguilera Pages, Arnau al grup ESO1A	I	3
51	Simon Alsina, Bernat al grup ESO1A	I	3
52	Blanco Leon, Nerea al grup ESO1A	I	3
53	Pereira Santiago, Sergi al grup ESO1B	I	3
54	Valles Pallares, Joel al grup ESO1B	I	3
55	Santiago Rueda, Iker al grup ESO1B	I	3
56	Coll Singh, Marta al grup ESO1B	I	3
57	Valencia Guillen, Alejandro al grup ESO1B	I	3
58	Nadal Sole, Martina al grup ESO1B	I	3
59	Sanchez Muñoz, Marwa al grup ESO1B	I	3
60	Jurado Lozano, Mireia al grup ESO1B	I	3
61	Pacheco Ventura, Joana al grup ESO1B	I	3
62	Camps Crespo, Sara al grup ESO1B	I	3
63	Domingo Garcia, Isaac al grup ESO1B	I	3
64	Hidalgo Martos, Gerard al grup ESO1B	I	3
65	Casas Vidal, Marta al grup ESO1B	I	3
66	Nieto Pastor, Judit al grup ESO1B	I	3
67	Escudero Pallares, Nora al grup ESO1B	I	3
68	Gracia Gonzalez, Joana al grup ESO1B	I	3
69	Valles Soriano, Leo al grup ESO1B	I	3
70	Paredes Rovira, Pablo al grup ESO1B	I	3
71	Zamora Carmona, Blanca al grup ESO1B	I	3
72	Singh Saez, Nil al grup ESO1B	I	3
73	Beltran Contreras, Marwa al grup ESO1C	I	3
74	Llorens Reina, Elena al grup ESO1C	I	3
75	Pardo Amaya, Martí al grup ESO1C	I	3
76	Arenas Lara, Dídac al grup ESO1C	I	3
77	Sole Pallares, Aitor al grup ESO1C	I	3
78	Morales Martinez, Bruna al grup ESO1C	I	3
79	Luna Nadal, Max al grup ESO1C	I	3
80	Rius Valencia, Leo al grup ESO1C	I	3
81	Montoya Montes, Aina al grup ESO1C	I	3
82	Galvez Casas, Berta al grup ESO1C	I	3
83	Cuevas Aranda, Ivet al grup ESO1C	I	3
84	Rovira Sola, Clara al grup ESO1C	I	3
85	Colomer Martinez, Adriana al grup ESO1C	I	3
86	Domenech Gimenez, Izan al grup ESO1C	I	3
87	Vicente Hidalgo, Blanca al grup ESO1C	I	3
88	Alvarez Pacheco, Isaac al grup ESO2A	I	3
89	Casado Ramirez, Oriol al grup ESO2A	I	3
90	Collado Arenas, Naiara al grup ESO2A	I	3
91	Rovira Mateu, Roger al grup ESO2A	I	3
92	Paredes Pastor, Valentina al grup ESO2A	I	3
93	Casas Roca, Salma al grup ESO2A	I	3
94	Mateu Carmona, Pablo al grup ESO2A	I	3
95	Nadal Ramon, Leire al grup ESO2A	I	3
96	Lazaro Arenas, Carlos al grup ESO2A	I	3
97	Simon Robles, Aina al grup ESO2A	I	3
98	Bueno Cano, Roc al grup ESO2A	I	3
99	Costa Camacho, Quim al grup ESO2A	I	3
100	Riera Vidal, Antonio al grup ESO2A	I	3
101	Jurado Blasco, Nil al grup ESO2A	I	3
102	Oliver Vives, Max al grup ESO2A	I	3
103	Dalmau Gallego, Adam al grup ESO2A	I	3
104	Carrera Suarez, Aya al grup ESO2B	I	3
105	Vargas Franco, Ivet al grup ESO2B	I	3
106	Nuñez Beltran, Unai al grup ESO2B	I	3
107	Medina Bravo, Laia al grup ESO2B	I	3
108	Oliva Pascual, Aya al grup ESO2B	I	3
109	Martinez Serra, Marwa al grup ESO2B	I	3
110	Font Gutierrez, Pablo al grup ESO2B	I	3
111	Sierra Ventura, Adrià al grup ESO2B	I	3
112	Barrera Vega, Nora al grup ESO2B	I	3
113	Pereira Luna, Noa al grup ESO2B	I	3
114	Viñas Calvo, Salma al grup ESO2B	I	3
115	Roldan Lazaro, Mariona al grup ESO2B	I	3
116	Ferrer Figueras, Arlet al grup ESO2B	I	3
117	Blanco Cruz, Inés al grup ESO2B	I	3
118	Guerra Luna, Marc al grup ESO2B	I	3
119	Carrasco Arias, Alejandro al grup ESO2B	I	3
120	Bermudez Flores, Laia al grup ESO2B	I	3
121	Salas Cabello, Mohamed al grup ESO2B	I	3
122	Valles Rios, Xavi al grup ESO2B	I	3
123	Sanz Gallego, Miguel al grup ESO2B	I	3
124	Segura Exposito, Jaume al grup ESO2B	I	3
125	Pla Ventura, Axel al grup ESO2B	I	3
126	Vega Cano, Jaume al grup ESO2B	I	3
127	Montero Bertran, Diego al grup ESO2B	I	3
128	Suarez Bermudez, Diego al grup ESO2B	I	3
129	Lazaro Plaza, Pablo al grup ESO3A	I	3
130	Juan Martos, Aleix al grup ESO3A	I	3
131	Salazar Llorens, Pau al grup ESO3A	I	3
132	Avila Simon, Marc al grup ESO3A	I	3
133	Cabello Campos, Ariadna al grup ESO3A	I	3
134	Palau Oliva, Lucas al grup ESO3A	I	3
135	Redondo Rios, Jaume al grup ESO3A	I	3
136	Gomez Asensio, Lucía al grup ESO3A	I	3
137	Castillo Badia, Martina al grup ESO3A	I	3
138	Cardona Izquierdo, Daniel al grup ESO3A	I	3
139	Herrera Royo, Axel al grup ESO3A	I	3
140	Nuñez Acosta, Gerard al grup ESO1A	I	4
141	Manzano Lopez, Adrià al grup ESO1A	I	4
142	Castillo Luque, Ismael al grup ESO1A	I	4
143	Badia Navas, Emma al grup ESO1A	I	4
144	Dominguez Mas, Naiara al grup ESO1A	I	4
145	Herrero Pages, Bernat al grup ESO1A	I	4
146	Carbonell Alsina, Aya al grup ESO1A	I	4
147	Pardo Coll, Jana al grup ESO1A	I	4
148	Blanco Gallego, Xavier al grup ESO1A	I	4
149	Viñas Miguel, Miguel al grup ESO1A	I	4
150	Beltran Blanch, Joel al grup ESO1A	I	4
151	Estrada Cortes, Mario al grup ESO1A	I	4
152	Diez Simon, Ainhoa al grup ESO1A	I	4
153	Nadal Medina, Malak al grup ESO1A	I	4
154	Pons Salvador, Martí al grup ESO1A	I	4
155	Acosta Martinez, Mar al grup ESO1A	I	4
156	Mendez Delgado, Unai al grup ESO1A	I	4
157	Gracia Hidalgo, Ainhoa al grup ESO1A	I	4
158	Miguel Bautista, Víctor al grup ESO1A	I	4
159	Roman Perez, Anna al grup ESO1A	I	4
160	Codina Lazaro, Arlet al grup ESO1A	I	4
161	Aguilera Pages, Arnau al grup ESO1A	I	4
162	Simon Alsina, Bernat al grup ESO1A	I	4
163	Blanco Leon, Nerea al grup ESO1A	I	4
164	Pereira Santiago, Sergi al grup ESO1B	I	4
165	Valles Pallares, Joel al grup ESO1B	I	4
166	Santiago Rueda, Iker al grup ESO1B	I	4
167	Coll Singh, Marta al grup ESO1B	I	4
168	Valencia Guillen, Alejandro al grup ESO1B	I	4
169	Nadal Sole, Martina al grup ESO1B	I	4
170	Sanchez Muñoz, Marwa al grup ESO1B	I	4
171	Jurado Lozano, Mireia al grup ESO1B	I	4
172	Pacheco Ventura, Joana al grup ESO1B	I	4
173	Camps Crespo, Sara al grup ESO1B	I	4
174	Domingo Garcia, Isaac al grup ESO1B	I	4
175	Hidalgo Martos, Gerard al grup ESO1B	I	4
176	Casas Vidal, Marta al grup ESO1B	I	4
177	Nieto Pastor, Judit al grup ESO1B	I	4
178	Escudero Pallares, Nora al grup ESO1B	I	4
179	Gracia Gonzalez, Joana al grup ESO1B	I	4
180	Valles Soriano, Leo al grup ESO1B	I	4
181	Paredes Rovira, Pablo al grup ESO1B	I	4
182	Zamora Carmona, Blanca al grup ESO1B	I	4
183	Singh Saez, Nil al grup ESO1B	I	4
184	Beltran Contreras, Marwa al grup ESO1C	I	4
185	Llorens Reina, Elena al grup ESO1C	I	4
186	Pardo Amaya, Martí al grup ESO1C	I	4
187	Arenas Lara, Dídac al grup ESO1C	I	4
188	Sole Pallares, Aitor al grup ESO1C	I	4
189	Morales Martinez, Bruna al grup ESO1C	I	4
190	Luna Nadal, Max al grup ESO1C	I	4
191	Rius Valencia, Leo al grup ESO1C	I	4
192	Montoya Montes, Aina al grup ESO1C	I	4
193	Galvez Casas, Berta al grup ESO1C	I	4
194	Cuevas Aranda, Ivet al grup ESO1C	I	4
195	Rovira Sola, Clara al grup ESO1C	I	4
196	Colomer Martinez, Adriana al grup ESO1C	I	4
197	Domenech Gimenez, Izan al grup ESO1C	I	4
198	Vicente Hidalgo, Blanca al grup ESO1C	I	4
199	Carrera Suarez, Aya al grup ESO2B	I	4
200	Vargas Franco, Ivet al grup ESO2B	I	4
201	Nuñez Beltran, Unai al grup ESO2B	I	4
202	Medina Bravo, Laia al grup ESO2B	I	4
203	Oliva Pascual, Aya al grup ESO2B	I	4
204	Martinez Serra, Marwa al grup ESO2B	I	4
205	Font Gutierrez, Pablo al grup ESO2B	I	4
206	Sierra Ventura, Adrià al grup ESO2B	I	4
207	Barrera Vega, Nora al grup ESO2B	I	4
208	Pereira Luna, Noa al grup ESO2B	I	4
209	Viñas Calvo, Salma al grup ESO2B	I	4
210	Roldan Lazaro, Mariona al grup ESO2B	I	4
211	Ferrer Figueras, Arlet al grup ESO2B	I	4
212	Blanco Cruz, Inés al grup ESO2B	I	4
213	Guerra Luna, Marc al grup ESO2B	I	4
214	Carrasco Arias, Alejandro al grup ESO2B	I	4
215	Bermudez Flores, Laia al grup ESO2B	I	4
216	Salas Cabello, Mohamed al grup ESO2B	I	4
217	Valles Rios, Xavi al grup ESO2B	I	4
218	Sanz Gallego, Miguel al grup ESO2B	I	4
219	Segura Exposito, Jaume al grup ESO2B	I	4
220	Pla Ventura, Axel al grup ESO2B	I	4
221	Vega Cano, Jaume al grup ESO2B	I	4
222	Montero Bertran, Diego al grup ESO2B	I	4
223	Suarez Bermudez, Diego al grup ESO2B	I	4
224	Lazaro Plaza, Pablo al grup ESO3A	I	4
225	Juan Martos, Aleix al grup ESO3A	I	4
226	Salazar Llorens, Pau al grup ESO3A	I	4
227	Avila Simon, Marc al grup ESO3A	I	4
228	Cabello Campos, Ariadna al grup ESO3A	I	4
229	Palau Oliva, Lucas al grup ESO3A	I	4
230	Redondo Rios, Jaume al grup ESO3A	I	4
231	Gomez Asensio, Lucía al grup ESO3A	I	4
232	Castillo Badia, Martina al grup ESO3A	I	4
233	Cardona Izquierdo, Daniel al grup ESO3A	I	4
234	Herrera Royo, Axel al grup ESO3A	I	4
235	Garcia Nadal, Mohamed al grup ESO3B	I	4
236	Campos Soler, Alan al grup ESO3B	I	4
237	Marcos Torrent, Jordi al grup ESO3B	I	4
238	Blanco Cabello, Bruna al grup ESO3B	I	4
239	Franco Vives, Aina al grup ESO3B	I	4
240	Alba Muñoz, Adrián al grup ESO3B	I	4
241	Ortiz Alcaraz, Ona al grup ESO3B	I	4
242	Guillen Sancho, Aya al grup ESO3B	I	4
243	Moya Cano, Aitor al grup ESO3B	I	4
244	Velasco Escudero, Marina al grup ESO3B	I	4
245	Cortes Andreu, Mariona al grup ESO3B	I	4
246	Valles Capdevila, Ainara al grup ESO3B	I	4
247	Gil Casas, Laura al grup ESO3B	I	4
248	Vargas Iglesias, Iker al grup ESO3B	I	4
249	Nuñez Acosta, Gerard al grup ESO1A	I	5
250	Manzano Lopez, Adrià al grup ESO1A	I	5
251	Castillo Luque, Ismael al grup ESO1A	I	5
252	Badia Navas, Emma al grup ESO1A	I	5
253	Dominguez Mas, Naiara al grup ESO1A	I	5
254	Herrero Pages, Bernat al grup ESO1A	I	5
255	Carbonell Alsina, Aya al grup ESO1A	I	5
256	Pardo Coll, Jana al grup ESO1A	I	5
257	Blanco Gallego, Xavier al grup ESO1A	I	5
258	Viñas Miguel, Miguel al grup ESO1A	I	5
259	Beltran Blanch, Joel al grup ESO1A	I	5
260	Estrada Cortes, Mario al grup ESO1A	I	5
261	Diez Simon, Ainhoa al grup ESO1A	I	5
262	Nadal Medina, Malak al grup ESO1A	I	5
263	Pons Salvador, Martí al grup ESO1A	I	5
264	Acosta Martinez, Mar al grup ESO1A	I	5
265	Mendez Delgado, Unai al grup ESO1A	I	5
266	Gracia Hidalgo, Ainhoa al grup ESO1A	I	5
267	Miguel Bautista, Víctor al grup ESO1A	I	5
268	Roman Perez, Anna al grup ESO1A	I	5
269	Codina Lazaro, Arlet al grup ESO1A	I	5
270	Aguilera Pages, Arnau al grup ESO1A	I	5
271	Simon Alsina, Bernat al grup ESO1A	I	5
272	Blanco Leon, Nerea al grup ESO1A	I	5
273	Beltran Contreras, Marwa al grup ESO1C	I	5
274	Llorens Reina, Elena al grup ESO1C	I	5
275	Pardo Amaya, Martí al grup ESO1C	I	5
276	Arenas Lara, Dídac al grup ESO1C	I	5
277	Sole Pallares, Aitor al grup ESO1C	I	5
278	Morales Martinez, Bruna al grup ESO1C	I	5
279	Luna Nadal, Max al grup ESO1C	I	5
280	Rius Valencia, Leo al grup ESO1C	I	5
281	Montoya Montes, Aina al grup ESO1C	I	5
282	Galvez Casas, Berta al grup ESO1C	I	5
283	Cuevas Aranda, Ivet al grup ESO1C	I	5
284	Rovira Sola, Clara al grup ESO1C	I	5
285	Colomer Martinez, Adriana al grup ESO1C	I	5
286	Domenech Gimenez, Izan al grup ESO1C	I	5
287	Vicente Hidalgo, Blanca al grup ESO1C	I	5
288	Alvarez Pacheco, Isaac al grup ESO2A	I	5
289	Casado Ramirez, Oriol al grup ESO2A	I	5
290	Collado Arenas, Naiara al grup ESO2A	I	5
291	Rovira Mateu, Roger al grup ESO2A	I	5
292	Paredes Pastor, Valentina al grup ESO2A	I	5
293	Casas Roca, Salma al grup ESO2A	I	5
294	Mateu Carmona, Pablo al grup ESO2A	I	5
295	Nadal Ramon, Leire al grup ESO2A	I	5
296	Lazaro Arenas, Carlos al grup ESO2A	I	5
297	Simon Robles, Aina al grup ESO2A	I	5
298	Bueno Cano, Roc al grup ESO2A	I	5
299	Costa Camacho, Quim al grup ESO2A	I	5
300	Riera Vidal, Antonio al grup ESO2A	I	5
301	Jurado Blasco, Nil al grup ESO2A	I	5
302	Oliver Vives, Max al grup ESO2A	I	5
303	Dalmau Gallego, Adam al grup ESO2A	I	5
304	Carrera Suarez, Aya al grup ESO2B	I	5
305	Vargas Franco, Ivet al grup ESO2B	I	5
306	Nuñez Beltran, Unai al grup ESO2B	I	5
307	Medina Bravo, Laia al grup ESO2B	I	5
308	Oliva Pascual, Aya al grup ESO2B	I	5
309	Martinez Serra, Marwa al grup ESO2B	I	5
310	Font Gutierrez, Pablo al grup ESO2B	I	5
311	Sierra Ventura, Adrià al grup ESO2B	I	5
312	Barrera Vega, Nora al grup ESO2B	I	5
313	Pereira Luna, Noa al grup ESO2B	I	5
314	Viñas Calvo, Salma al grup ESO2B	I	5
315	Roldan Lazaro, Mariona al grup ESO2B	I	5
316	Ferrer Figueras, Arlet al grup ESO2B	I	5
317	Blanco Cruz, Inés al grup ESO2B	I	5
318	Guerra Luna, Marc al grup ESO2B	I	5
319	Carrasco Arias, Alejandro al grup ESO2B	I	5
320	Bermudez Flores, Laia al grup ESO2B	I	5
321	Salas Cabello, Mohamed al grup ESO2B	I	5
322	Valles Rios, Xavi al grup ESO2B	I	5
323	Sanz Gallego, Miguel al grup ESO2B	I	5
324	Segura Exposito, Jaume al grup ESO2B	I	5
325	Pla Ventura, Axel al grup ESO2B	I	5
326	Vega Cano, Jaume al grup ESO2B	I	5
327	Montero Bertran, Diego al grup ESO2B	I	5
328	Suarez Bermudez, Diego al grup ESO2B	I	5
329	Lazaro Plaza, Pablo al grup ESO3A	I	5
330	Juan Martos, Aleix al grup ESO3A	I	5
331	Salazar Llorens, Pau al grup ESO3A	I	5
332	Avila Simon, Marc al grup ESO3A	I	5
333	Cabello Campos, Ariadna al grup ESO3A	I	5
334	Palau Oliva, Lucas al grup ESO3A	I	5
335	Redondo Rios, Jaume al grup ESO3A	I	5
336	Gomez Asensio, Lucía al grup ESO3A	I	5
337	Castillo Badia, Martina al grup ESO3A	I	5
338	Cardona Izquierdo, Daniel al grup ESO3A	I	5
339	Herrera Royo, Axel al grup ESO3A	I	5
340	Garcia Nadal, Mohamed al grup ESO3B	I	5
341	Campos Soler, Alan al grup ESO3B	I	5
342	Marcos Torrent, Jordi al grup ESO3B	I	5
343	Blanco Cabello, Bruna al grup ESO3B	I	5
344	Franco Vives, Aina al grup ESO3B	I	5
345	Alba Muñoz, Adrián al grup ESO3B	I	5
346	Ortiz Alcaraz, Ona al grup ESO3B	I	5
347	Guillen Sancho, Aya al grup ESO3B	I	5
348	Moya Cano, Aitor al grup ESO3B	I	5
349	Velasco Escudero, Marina al grup ESO3B	I	5
350	Cortes Andreu, Mariona al grup ESO3B	I	5
351	Valles Capdevila, Ainara al grup ESO3B	I	5
352	Gil Casas, Laura al grup ESO3B	I	5
353	Vargas Iglesias, Iker al grup ESO3B	I	5
354	Nuñez Acosta, Gerard al grup ESO1A	I	6
355	Manzano Lopez, Adrià al grup ESO1A	I	6
356	Castillo Luque, Ismael al grup ESO1A	I	6
357	Badia Navas, Emma al grup ESO1A	I	6
358	Dominguez Mas, Naiara al grup ESO1A	I	6
359	Herrero Pages, Bernat al grup ESO1A	I	6
360	Carbonell Alsina, Aya al grup ESO1A	I	6
361	Pardo Coll, Jana al grup ESO1A	I	6
362	Blanco Gallego, Xavier al grup ESO1A	I	6
363	Viñas Miguel, Miguel al grup ESO1A	I	6
364	Beltran Blanch, Joel al grup ESO1A	I	6
365	Estrada Cortes, Mario al grup ESO1A	I	6
366	Diez Simon, Ainhoa al grup ESO1A	I	6
367	Nadal Medina, Malak al grup ESO1A	I	6
368	Pons Salvador, Martí al grup ESO1A	I	6
369	Acosta Martinez, Mar al grup ESO1A	I	6
370	Mendez Delgado, Unai al grup ESO1A	I	6
371	Gracia Hidalgo, Ainhoa al grup ESO1A	I	6
372	Miguel Bautista, Víctor al grup ESO1A	I	6
373	Roman Perez, Anna al grup ESO1A	I	6
374	Codina Lazaro, Arlet al grup ESO1A	I	6
375	Aguilera Pages, Arnau al grup ESO1A	I	6
376	Simon Alsina, Bernat al grup ESO1A	I	6
377	Blanco Leon, Nerea al grup ESO1A	I	6
378	Pereira Santiago, Sergi al grup ESO1B	I	6
379	Valles Pallares, Joel al grup ESO1B	I	6
380	Santiago Rueda, Iker al grup ESO1B	I	6
381	Coll Singh, Marta al grup ESO1B	I	6
382	Valencia Guillen, Alejandro al grup ESO1B	I	6
383	Nadal Sole, Martina al grup ESO1B	I	6
384	Sanchez Muñoz, Marwa al grup ESO1B	I	6
385	Jurado Lozano, Mireia al grup ESO1B	I	6
386	Pacheco Ventura, Joana al grup ESO1B	I	6
387	Camps Crespo, Sara al grup ESO1B	I	6
388	Domingo Garcia, Isaac al grup ESO1B	I	6
389	Hidalgo Martos, Gerard al grup ESO1B	I	6
390	Casas Vidal, Marta al grup ESO1B	I	6
391	Nieto Pastor, Judit al grup ESO1B	I	6
392	Escudero Pallares, Nora al grup ESO1B	I	6
393	Gracia Gonzalez, Joana al grup ESO1B	I	6
394	Valles Soriano, Leo al grup ESO1B	I	6
395	Paredes Rovira, Pablo al grup ESO1B	I	6
396	Zamora Carmona, Blanca al grup ESO1B	I	6
397	Singh Saez, Nil al grup ESO1B	I	6
398	Alvarez Pacheco, Isaac al grup ESO2A	I	6
399	Casado Ramirez, Oriol al grup ESO2A	I	6
400	Collado Arenas, Naiara al grup ESO2A	I	6
401	Rovira Mateu, Roger al grup ESO2A	I	6
402	Paredes Pastor, Valentina al grup ESO2A	I	6
403	Casas Roca, Salma al grup ESO2A	I	6
404	Mateu Carmona, Pablo al grup ESO2A	I	6
405	Nadal Ramon, Leire al grup ESO2A	I	6
406	Lazaro Arenas, Carlos al grup ESO2A	I	6
407	Simon Robles, Aina al grup ESO2A	I	6
408	Bueno Cano, Roc al grup ESO2A	I	6
409	Costa Camacho, Quim al grup ESO2A	I	6
410	Riera Vidal, Antonio al grup ESO2A	I	6
411	Jurado Blasco, Nil al grup ESO2A	I	6
412	Oliver Vives, Max al grup ESO2A	I	6
413	Dalmau Gallego, Adam al grup ESO2A	I	6
414	Carrera Suarez, Aya al grup ESO2B	I	6
415	Vargas Franco, Ivet al grup ESO2B	I	6
416	Nuñez Beltran, Unai al grup ESO2B	I	6
417	Medina Bravo, Laia al grup ESO2B	I	6
418	Oliva Pascual, Aya al grup ESO2B	I	6
419	Martinez Serra, Marwa al grup ESO2B	I	6
420	Font Gutierrez, Pablo al grup ESO2B	I	6
421	Sierra Ventura, Adrià al grup ESO2B	I	6
422	Barrera Vega, Nora al grup ESO2B	I	6
423	Pereira Luna, Noa al grup ESO2B	I	6
424	Viñas Calvo, Salma al grup ESO2B	I	6
425	Roldan Lazaro, Mariona al grup ESO2B	I	6
426	Ferrer Figueras, Arlet al grup ESO2B	I	6
427	Blanco Cruz, Inés al grup ESO2B	I	6
428	Guerra Luna, Marc al grup ESO2B	I	6
429	Carrasco Arias, Alejandro al grup ESO2B	I	6
430	Bermudez Flores, Laia al grup ESO2B	I	6
431	Salas Cabello, Mohamed al grup ESO2B	I	6
432	Valles Rios, Xavi al grup ESO2B	I	6
433	Sanz Gallego, Miguel al grup ESO2B	I	6
434	Segura Exposito, Jaume al grup ESO2B	I	6
435	Pla Ventura, Axel al grup ESO2B	I	6
436	Vega Cano, Jaume al grup ESO2B	I	6
437	Montero Bertran, Diego al grup ESO2B	I	6
438	Suarez Bermudez, Diego al grup ESO2B	I	6
439	Lazaro Plaza, Pablo al grup ESO3A	I	6
440	Juan Martos, Aleix al grup ESO3A	I	6
441	Salazar Llorens, Pau al grup ESO3A	I	6
442	Avila Simon, Marc al grup ESO3A	I	6
443	Cabello Campos, Ariadna al grup ESO3A	I	6
444	Palau Oliva, Lucas al grup ESO3A	I	6
445	Redondo Rios, Jaume al grup ESO3A	I	6
446	Gomez Asensio, Lucía al grup ESO3A	I	6
447	Castillo Badia, Martina al grup ESO3A	I	6
448	Cardona Izquierdo, Daniel al grup ESO3A	I	6
449	Herrera Royo, Axel al grup ESO3A	I	6
450	Garcia Nadal, Mohamed al grup ESO3B	I	6
451	Campos Soler, Alan al grup ESO3B	I	6
452	Marcos Torrent, Jordi al grup ESO3B	I	6
453	Blanco Cabello, Bruna al grup ESO3B	I	6
454	Franco Vives, Aina al grup ESO3B	I	6
455	Alba Muñoz, Adrián al grup ESO3B	I	6
456	Ortiz Alcaraz, Ona al grup ESO3B	I	6
457	Guillen Sancho, Aya al grup ESO3B	I	6
458	Moya Cano, Aitor al grup ESO3B	I	6
459	Velasco Escudero, Marina al grup ESO3B	I	6
460	Cortes Andreu, Mariona al grup ESO3B	I	6
461	Valles Capdevila, Ainara al grup ESO3B	I	6
462	Gil Casas, Laura al grup ESO3B	I	6
463	Vargas Iglesias, Iker al grup ESO3B	I	6
464	Nuñez Acosta, Gerard al grup ESO1A	I	7
465	Manzano Lopez, Adrià al grup ESO1A	I	7
466	Castillo Luque, Ismael al grup ESO1A	I	7
467	Badia Navas, Emma al grup ESO1A	I	7
468	Dominguez Mas, Naiara al grup ESO1A	I	7
469	Herrero Pages, Bernat al grup ESO1A	I	7
470	Carbonell Alsina, Aya al grup ESO1A	I	7
471	Pardo Coll, Jana al grup ESO1A	I	7
472	Blanco Gallego, Xavier al grup ESO1A	I	7
473	Viñas Miguel, Miguel al grup ESO1A	I	7
474	Beltran Blanch, Joel al grup ESO1A	I	7
475	Estrada Cortes, Mario al grup ESO1A	I	7
476	Diez Simon, Ainhoa al grup ESO1A	I	7
477	Nadal Medina, Malak al grup ESO1A	I	7
478	Pons Salvador, Martí al grup ESO1A	I	7
479	Acosta Martinez, Mar al grup ESO1A	I	7
480	Mendez Delgado, Unai al grup ESO1A	I	7
481	Gracia Hidalgo, Ainhoa al grup ESO1A	I	7
482	Miguel Bautista, Víctor al grup ESO1A	I	7
483	Roman Perez, Anna al grup ESO1A	I	7
484	Codina Lazaro, Arlet al grup ESO1A	I	7
485	Aguilera Pages, Arnau al grup ESO1A	I	7
486	Simon Alsina, Bernat al grup ESO1A	I	7
487	Blanco Leon, Nerea al grup ESO1A	I	7
488	Pereira Santiago, Sergi al grup ESO1B	I	7
489	Valles Pallares, Joel al grup ESO1B	I	7
490	Santiago Rueda, Iker al grup ESO1B	I	7
491	Coll Singh, Marta al grup ESO1B	I	7
492	Valencia Guillen, Alejandro al grup ESO1B	I	7
493	Nadal Sole, Martina al grup ESO1B	I	7
494	Sanchez Muñoz, Marwa al grup ESO1B	I	7
495	Jurado Lozano, Mireia al grup ESO1B	I	7
496	Pacheco Ventura, Joana al grup ESO1B	I	7
497	Camps Crespo, Sara al grup ESO1B	I	7
498	Domingo Garcia, Isaac al grup ESO1B	I	7
499	Hidalgo Martos, Gerard al grup ESO1B	I	7
500	Casas Vidal, Marta al grup ESO1B	I	7
501	Nieto Pastor, Judit al grup ESO1B	I	7
502	Escudero Pallares, Nora al grup ESO1B	I	7
503	Gracia Gonzalez, Joana al grup ESO1B	I	7
504	Valles Soriano, Leo al grup ESO1B	I	7
505	Paredes Rovira, Pablo al grup ESO1B	I	7
506	Zamora Carmona, Blanca al grup ESO1B	I	7
507	Singh Saez, Nil al grup ESO1B	I	7
508	Beltran Contreras, Marwa al grup ESO1C	I	7
509	Llorens Reina, Elena al grup ESO1C	I	7
510	Pardo Amaya, Martí al grup ESO1C	I	7
511	Arenas Lara, Dídac al grup ESO1C	I	7
512	Sole Pallares, Aitor al grup ESO1C	I	7
513	Morales Martinez, Bruna al grup ESO1C	I	7
514	Luna Nadal, Max al grup ESO1C	I	7
515	Rius Valencia, Leo al grup ESO1C	I	7
516	Montoya Montes, Aina al grup ESO1C	I	7
517	Galvez Casas, Berta al grup ESO1C	I	7
518	Cuevas Aranda, Ivet al grup ESO1C	I	7
519	Rovira Sola, Clara al grup ESO1C	I	7
520	Colomer Martinez, Adriana al grup ESO1C	I	7
521	Domenech Gimenez, Izan al grup ESO1C	I	7
522	Vicente Hidalgo, Blanca al grup ESO1C	I	7
523	Alvarez Pacheco, Isaac al grup ESO2A	I	7
524	Casado Ramirez, Oriol al grup ESO2A	I	7
525	Collado Arenas, Naiara al grup ESO2A	I	7
526	Rovira Mateu, Roger al grup ESO2A	I	7
527	Paredes Pastor, Valentina al grup ESO2A	I	7
528	Casas Roca, Salma al grup ESO2A	I	7
529	Mateu Carmona, Pablo al grup ESO2A	I	7
530	Nadal Ramon, Leire al grup ESO2A	I	7
531	Lazaro Arenas, Carlos al grup ESO2A	I	7
532	Simon Robles, Aina al grup ESO2A	I	7
533	Bueno Cano, Roc al grup ESO2A	I	7
534	Costa Camacho, Quim al grup ESO2A	I	7
535	Riera Vidal, Antonio al grup ESO2A	I	7
536	Jurado Blasco, Nil al grup ESO2A	I	7
537	Oliver Vives, Max al grup ESO2A	I	7
538	Dalmau Gallego, Adam al grup ESO2A	I	7
539	Carrera Suarez, Aya al grup ESO2B	I	7
540	Vargas Franco, Ivet al grup ESO2B	I	7
541	Nuñez Beltran, Unai al grup ESO2B	I	7
542	Medina Bravo, Laia al grup ESO2B	I	7
543	Oliva Pascual, Aya al grup ESO2B	I	7
544	Martinez Serra, Marwa al grup ESO2B	I	7
545	Font Gutierrez, Pablo al grup ESO2B	I	7
546	Sierra Ventura, Adrià al grup ESO2B	I	7
547	Barrera Vega, Nora al grup ESO2B	I	7
548	Pereira Luna, Noa al grup ESO2B	I	7
549	Viñas Calvo, Salma al grup ESO2B	I	7
550	Roldan Lazaro, Mariona al grup ESO2B	I	7
551	Ferrer Figueras, Arlet al grup ESO2B	I	7
552	Blanco Cruz, Inés al grup ESO2B	I	7
553	Guerra Luna, Marc al grup ESO2B	I	7
554	Carrasco Arias, Alejandro al grup ESO2B	I	7
555	Bermudez Flores, Laia al grup ESO2B	I	7
556	Salas Cabello, Mohamed al grup ESO2B	I	7
557	Valles Rios, Xavi al grup ESO2B	I	7
558	Sanz Gallego, Miguel al grup ESO2B	I	7
559	Segura Exposito, Jaume al grup ESO2B	I	7
560	Pla Ventura, Axel al grup ESO2B	I	7
561	Vega Cano, Jaume al grup ESO2B	I	7
562	Montero Bertran, Diego al grup ESO2B	I	7
563	Suarez Bermudez, Diego al grup ESO2B	I	7
564	Lazaro Plaza, Pablo al grup ESO3A	I	7
565	Juan Martos, Aleix al grup ESO3A	I	7
566	Salazar Llorens, Pau al grup ESO3A	I	7
567	Avila Simon, Marc al grup ESO3A	I	7
568	Cabello Campos, Ariadna al grup ESO3A	I	7
569	Palau Oliva, Lucas al grup ESO3A	I	7
570	Redondo Rios, Jaume al grup ESO3A	I	7
571	Gomez Asensio, Lucía al grup ESO3A	I	7
572	Castillo Badia, Martina al grup ESO3A	I	7
573	Cardona Izquierdo, Daniel al grup ESO3A	I	7
574	Herrera Royo, Axel al grup ESO3A	I	7
575	Garcia Nadal, Mohamed al grup ESO3B	I	7
576	Campos Soler, Alan al grup ESO3B	I	7
577	Marcos Torrent, Jordi al grup ESO3B	I	7
578	Blanco Cabello, Bruna al grup ESO3B	I	7
579	Franco Vives, Aina al grup ESO3B	I	7
580	Alba Muñoz, Adrián al grup ESO3B	I	7
581	Ortiz Alcaraz, Ona al grup ESO3B	I	7
582	Guillen Sancho, Aya al grup ESO3B	I	7
583	Moya Cano, Aitor al grup ESO3B	I	7
584	Velasco Escudero, Marina al grup ESO3B	I	7
585	Cortes Andreu, Mariona al grup ESO3B	I	7
586	Valles Capdevila, Ainara al grup ESO3B	I	7
587	Gil Casas, Laura al grup ESO3B	I	7
588	Vargas Iglesias, Iker al grup ESO3B	I	7
589	Pereira Santiago, Sergi al grup ESO1B	I	8
590	Valles Pallares, Joel al grup ESO1B	I	8
591	Santiago Rueda, Iker al grup ESO1B	I	8
592	Coll Singh, Marta al grup ESO1B	I	8
593	Valencia Guillen, Alejandro al grup ESO1B	I	8
594	Nadal Sole, Martina al grup ESO1B	I	8
595	Sanchez Muñoz, Marwa al grup ESO1B	I	8
596	Jurado Lozano, Mireia al grup ESO1B	I	8
597	Pacheco Ventura, Joana al grup ESO1B	I	8
598	Camps Crespo, Sara al grup ESO1B	I	8
599	Domingo Garcia, Isaac al grup ESO1B	I	8
600	Hidalgo Martos, Gerard al grup ESO1B	I	8
601	Casas Vidal, Marta al grup ESO1B	I	8
602	Nieto Pastor, Judit al grup ESO1B	I	8
603	Escudero Pallares, Nora al grup ESO1B	I	8
604	Gracia Gonzalez, Joana al grup ESO1B	I	8
605	Valles Soriano, Leo al grup ESO1B	I	8
606	Paredes Rovira, Pablo al grup ESO1B	I	8
607	Zamora Carmona, Blanca al grup ESO1B	I	8
608	Singh Saez, Nil al grup ESO1B	I	8
609	Beltran Contreras, Marwa al grup ESO1C	I	8
610	Llorens Reina, Elena al grup ESO1C	I	8
611	Pardo Amaya, Martí al grup ESO1C	I	8
612	Arenas Lara, Dídac al grup ESO1C	I	8
613	Sole Pallares, Aitor al grup ESO1C	I	8
614	Morales Martinez, Bruna al grup ESO1C	I	8
615	Luna Nadal, Max al grup ESO1C	I	8
616	Rius Valencia, Leo al grup ESO1C	I	8
617	Montoya Montes, Aina al grup ESO1C	I	8
618	Galvez Casas, Berta al grup ESO1C	I	8
619	Cuevas Aranda, Ivet al grup ESO1C	I	8
620	Rovira Sola, Clara al grup ESO1C	I	8
621	Colomer Martinez, Adriana al grup ESO1C	I	8
622	Domenech Gimenez, Izan al grup ESO1C	I	8
623	Vicente Hidalgo, Blanca al grup ESO1C	I	8
624	Alvarez Pacheco, Isaac al grup ESO2A	I	8
625	Casado Ramirez, Oriol al grup ESO2A	I	8
626	Collado Arenas, Naiara al grup ESO2A	I	8
627	Rovira Mateu, Roger al grup ESO2A	I	8
628	Paredes Pastor, Valentina al grup ESO2A	I	8
629	Casas Roca, Salma al grup ESO2A	I	8
630	Mateu Carmona, Pablo al grup ESO2A	I	8
631	Nadal Ramon, Leire al grup ESO2A	I	8
632	Lazaro Arenas, Carlos al grup ESO2A	I	8
633	Simon Robles, Aina al grup ESO2A	I	8
634	Bueno Cano, Roc al grup ESO2A	I	8
635	Costa Camacho, Quim al grup ESO2A	I	8
636	Riera Vidal, Antonio al grup ESO2A	I	8
637	Jurado Blasco, Nil al grup ESO2A	I	8
638	Oliver Vives, Max al grup ESO2A	I	8
639	Dalmau Gallego, Adam al grup ESO2A	I	8
640	Carrera Suarez, Aya al grup ESO2B	I	8
641	Vargas Franco, Ivet al grup ESO2B	I	8
642	Nuñez Beltran, Unai al grup ESO2B	I	8
643	Medina Bravo, Laia al grup ESO2B	I	8
644	Oliva Pascual, Aya al grup ESO2B	I	8
645	Martinez Serra, Marwa al grup ESO2B	I	8
646	Font Gutierrez, Pablo al grup ESO2B	I	8
647	Sierra Ventura, Adrià al grup ESO2B	I	8
648	Barrera Vega, Nora al grup ESO2B	I	8
649	Pereira Luna, Noa al grup ESO2B	I	8
650	Viñas Calvo, Salma al grup ESO2B	I	8
651	Roldan Lazaro, Mariona al grup ESO2B	I	8
652	Ferrer Figueras, Arlet al grup ESO2B	I	8
653	Blanco Cruz, Inés al grup ESO2B	I	8
654	Guerra Luna, Marc al grup ESO2B	I	8
655	Carrasco Arias, Alejandro al grup ESO2B	I	8
656	Bermudez Flores, Laia al grup ESO2B	I	8
657	Salas Cabello, Mohamed al grup ESO2B	I	8
658	Valles Rios, Xavi al grup ESO2B	I	8
659	Sanz Gallego, Miguel al grup ESO2B	I	8
660	Segura Exposito, Jaume al grup ESO2B	I	8
661	Pla Ventura, Axel al grup ESO2B	I	8
662	Vega Cano, Jaume al grup ESO2B	I	8
663	Montero Bertran, Diego al grup ESO2B	I	8
664	Suarez Bermudez, Diego al grup ESO2B	I	8
665	Lazaro Plaza, Pablo al grup ESO3A	I	8
666	Juan Martos, Aleix al grup ESO3A	I	8
667	Salazar Llorens, Pau al grup ESO3A	I	8
668	Avila Simon, Marc al grup ESO3A	I	8
669	Cabello Campos, Ariadna al grup ESO3A	I	8
670	Palau Oliva, Lucas al grup ESO3A	I	8
671	Redondo Rios, Jaume al grup ESO3A	I	8
672	Gomez Asensio, Lucía al grup ESO3A	I	8
673	Castillo Badia, Martina al grup ESO3A	I	8
674	Cardona Izquierdo, Daniel al grup ESO3A	I	8
675	Herrera Royo, Axel al grup ESO3A	I	8
676	Garcia Nadal, Mohamed al grup ESO3B	I	8
677	Campos Soler, Alan al grup ESO3B	I	8
678	Marcos Torrent, Jordi al grup ESO3B	I	8
679	Blanco Cabello, Bruna al grup ESO3B	I	8
680	Franco Vives, Aina al grup ESO3B	I	8
681	Alba Muñoz, Adrián al grup ESO3B	I	8
682	Ortiz Alcaraz, Ona al grup ESO3B	I	8
683	Guillen Sancho, Aya al grup ESO3B	I	8
684	Moya Cano, Aitor al grup ESO3B	I	8
685	Velasco Escudero, Marina al grup ESO3B	I	8
686	Cortes Andreu, Mariona al grup ESO3B	I	8
687	Valles Capdevila, Ainara al grup ESO3B	I	8
688	Gil Casas, Laura al grup ESO3B	I	8
689	Vargas Iglesias, Iker al grup ESO3B	I	8
690	Pereira Santiago, Sergi al grup ESO1B	I	9
691	Valles Pallares, Joel al grup ESO1B	I	9
692	Santiago Rueda, Iker al grup ESO1B	I	9
693	Coll Singh, Marta al grup ESO1B	I	9
694	Valencia Guillen, Alejandro al grup ESO1B	I	9
695	Nadal Sole, Martina al grup ESO1B	I	9
696	Sanchez Muñoz, Marwa al grup ESO1B	I	9
697	Jurado Lozano, Mireia al grup ESO1B	I	9
698	Pacheco Ventura, Joana al grup ESO1B	I	9
699	Camps Crespo, Sara al grup ESO1B	I	9
700	Domingo Garcia, Isaac al grup ESO1B	I	9
701	Hidalgo Martos, Gerard al grup ESO1B	I	9
702	Casas Vidal, Marta al grup ESO1B	I	9
703	Nieto Pastor, Judit al grup ESO1B	I	9
704	Escudero Pallares, Nora al grup ESO1B	I	9
705	Gracia Gonzalez, Joana al grup ESO1B	I	9
706	Valles Soriano, Leo al grup ESO1B	I	9
707	Paredes Rovira, Pablo al grup ESO1B	I	9
708	Zamora Carmona, Blanca al grup ESO1B	I	9
709	Singh Saez, Nil al grup ESO1B	I	9
710	Beltran Contreras, Marwa al grup ESO1C	I	9
711	Llorens Reina, Elena al grup ESO1C	I	9
712	Pardo Amaya, Martí al grup ESO1C	I	9
713	Arenas Lara, Dídac al grup ESO1C	I	9
714	Sole Pallares, Aitor al grup ESO1C	I	9
715	Morales Martinez, Bruna al grup ESO1C	I	9
716	Luna Nadal, Max al grup ESO1C	I	9
717	Rius Valencia, Leo al grup ESO1C	I	9
718	Montoya Montes, Aina al grup ESO1C	I	9
719	Galvez Casas, Berta al grup ESO1C	I	9
720	Cuevas Aranda, Ivet al grup ESO1C	I	9
721	Rovira Sola, Clara al grup ESO1C	I	9
722	Colomer Martinez, Adriana al grup ESO1C	I	9
723	Domenech Gimenez, Izan al grup ESO1C	I	9
724	Vicente Hidalgo, Blanca al grup ESO1C	I	9
725	Alvarez Pacheco, Isaac al grup ESO2A	I	9
726	Casado Ramirez, Oriol al grup ESO2A	I	9
727	Collado Arenas, Naiara al grup ESO2A	I	9
728	Rovira Mateu, Roger al grup ESO2A	I	9
729	Paredes Pastor, Valentina al grup ESO2A	I	9
730	Casas Roca, Salma al grup ESO2A	I	9
731	Mateu Carmona, Pablo al grup ESO2A	I	9
732	Nadal Ramon, Leire al grup ESO2A	I	9
733	Lazaro Arenas, Carlos al grup ESO2A	I	9
734	Simon Robles, Aina al grup ESO2A	I	9
735	Bueno Cano, Roc al grup ESO2A	I	9
736	Costa Camacho, Quim al grup ESO2A	I	9
737	Riera Vidal, Antonio al grup ESO2A	I	9
738	Jurado Blasco, Nil al grup ESO2A	I	9
739	Oliver Vives, Max al grup ESO2A	I	9
740	Dalmau Gallego, Adam al grup ESO2A	I	9
741	Carrera Suarez, Aya al grup ESO2B	I	9
742	Vargas Franco, Ivet al grup ESO2B	I	9
743	Nuñez Beltran, Unai al grup ESO2B	I	9
744	Medina Bravo, Laia al grup ESO2B	I	9
745	Oliva Pascual, Aya al grup ESO2B	I	9
746	Martinez Serra, Marwa al grup ESO2B	I	9
747	Font Gutierrez, Pablo al grup ESO2B	I	9
748	Sierra Ventura, Adrià al grup ESO2B	I	9
749	Barrera Vega, Nora al grup ESO2B	I	9
750	Pereira Luna, Noa al grup ESO2B	I	9
751	Viñas Calvo, Salma al grup ESO2B	I	9
752	Roldan Lazaro, Mariona al grup ESO2B	I	9
753	Ferrer Figueras, Arlet al grup ESO2B	I	9
754	Blanco Cruz, Inés al grup ESO2B	I	9
755	Guerra Luna, Marc al grup ESO2B	I	9
756	Carrasco Arias, Alejandro al grup ESO2B	I	9
757	Bermudez Flores, Laia al grup ESO2B	I	9
758	Salas Cabello, Mohamed al grup ESO2B	I	9
759	Valles Rios, Xavi al grup ESO2B	I	9
760	Sanz Gallego, Miguel al grup ESO2B	I	9
761	Segura Exposito, Jaume al grup ESO2B	I	9
762	Pla Ventura, Axel al grup ESO2B	I	9
763	Vega Cano, Jaume al grup ESO2B	I	9
764	Montero Bertran, Diego al grup ESO2B	I	9
765	Suarez Bermudez, Diego al grup ESO2B	I	9
766	Lazaro Plaza, Pablo al grup ESO3A	I	9
767	Juan Martos, Aleix al grup ESO3A	I	9
768	Salazar Llorens, Pau al grup ESO3A	I	9
769	Avila Simon, Marc al grup ESO3A	I	9
770	Cabello Campos, Ariadna al grup ESO3A	I	9
771	Palau Oliva, Lucas al grup ESO3A	I	9
772	Redondo Rios, Jaume al grup ESO3A	I	9
773	Gomez Asensio, Lucía al grup ESO3A	I	9
774	Castillo Badia, Martina al grup ESO3A	I	9
775	Cardona Izquierdo, Daniel al grup ESO3A	I	9
776	Herrera Royo, Axel al grup ESO3A	I	9
777	Garcia Nadal, Mohamed al grup ESO3B	I	9
778	Campos Soler, Alan al grup ESO3B	I	9
779	Marcos Torrent, Jordi al grup ESO3B	I	9
780	Blanco Cabello, Bruna al grup ESO3B	I	9
781	Franco Vives, Aina al grup ESO3B	I	9
782	Alba Muñoz, Adrián al grup ESO3B	I	9
783	Ortiz Alcaraz, Ona al grup ESO3B	I	9
784	Guillen Sancho, Aya al grup ESO3B	I	9
785	Moya Cano, Aitor al grup ESO3B	I	9
786	Velasco Escudero, Marina al grup ESO3B	I	9
787	Cortes Andreu, Mariona al grup ESO3B	I	9
788	Valles Capdevila, Ainara al grup ESO3B	I	9
789	Gil Casas, Laura al grup ESO3B	I	9
790	Vargas Iglesias, Iker al grup ESO3B	I	9
791	Pereira Santiago, Sergi al grup ESO1B	I	10
792	Valles Pallares, Joel al grup ESO1B	I	10
793	Santiago Rueda, Iker al grup ESO1B	I	10
794	Coll Singh, Marta al grup ESO1B	I	10
795	Valencia Guillen, Alejandro al grup ESO1B	I	10
796	Nadal Sole, Martina al grup ESO1B	I	10
797	Sanchez Muñoz, Marwa al grup ESO1B	I	10
798	Jurado Lozano, Mireia al grup ESO1B	I	10
799	Pacheco Ventura, Joana al grup ESO1B	I	10
800	Camps Crespo, Sara al grup ESO1B	I	10
801	Domingo Garcia, Isaac al grup ESO1B	I	10
802	Hidalgo Martos, Gerard al grup ESO1B	I	10
803	Casas Vidal, Marta al grup ESO1B	I	10
804	Nieto Pastor, Judit al grup ESO1B	I	10
805	Escudero Pallares, Nora al grup ESO1B	I	10
806	Gracia Gonzalez, Joana al grup ESO1B	I	10
807	Valles Soriano, Leo al grup ESO1B	I	10
808	Paredes Rovira, Pablo al grup ESO1B	I	10
809	Zamora Carmona, Blanca al grup ESO1B	I	10
810	Singh Saez, Nil al grup ESO1B	I	10
811	Beltran Contreras, Marwa al grup ESO1C	I	10
812	Llorens Reina, Elena al grup ESO1C	I	10
813	Pardo Amaya, Martí al grup ESO1C	I	10
814	Arenas Lara, Dídac al grup ESO1C	I	10
815	Sole Pallares, Aitor al grup ESO1C	I	10
816	Morales Martinez, Bruna al grup ESO1C	I	10
817	Luna Nadal, Max al grup ESO1C	I	10
818	Rius Valencia, Leo al grup ESO1C	I	10
819	Montoya Montes, Aina al grup ESO1C	I	10
820	Galvez Casas, Berta al grup ESO1C	I	10
821	Cuevas Aranda, Ivet al grup ESO1C	I	10
822	Rovira Sola, Clara al grup ESO1C	I	10
823	Colomer Martinez, Adriana al grup ESO1C	I	10
824	Domenech Gimenez, Izan al grup ESO1C	I	10
825	Vicente Hidalgo, Blanca al grup ESO1C	I	10
826	Alvarez Pacheco, Isaac al grup ESO2A	I	10
827	Casado Ramirez, Oriol al grup ESO2A	I	10
828	Collado Arenas, Naiara al grup ESO2A	I	10
829	Rovira Mateu, Roger al grup ESO2A	I	10
830	Paredes Pastor, Valentina al grup ESO2A	I	10
831	Casas Roca, Salma al grup ESO2A	I	10
832	Mateu Carmona, Pablo al grup ESO2A	I	10
833	Nadal Ramon, Leire al grup ESO2A	I	10
834	Lazaro Arenas, Carlos al grup ESO2A	I	10
835	Simon Robles, Aina al grup ESO2A	I	10
836	Bueno Cano, Roc al grup ESO2A	I	10
837	Costa Camacho, Quim al grup ESO2A	I	10
838	Riera Vidal, Antonio al grup ESO2A	I	10
839	Jurado Blasco, Nil al grup ESO2A	I	10
840	Oliver Vives, Max al grup ESO2A	I	10
841	Dalmau Gallego, Adam al grup ESO2A	I	10
842	Carrera Suarez, Aya al grup ESO2B	I	10
843	Vargas Franco, Ivet al grup ESO2B	I	10
844	Nuñez Beltran, Unai al grup ESO2B	I	10
845	Medina Bravo, Laia al grup ESO2B	I	10
846	Oliva Pascual, Aya al grup ESO2B	I	10
847	Martinez Serra, Marwa al grup ESO2B	I	10
848	Font Gutierrez, Pablo al grup ESO2B	I	10
849	Sierra Ventura, Adrià al grup ESO2B	I	10
850	Barrera Vega, Nora al grup ESO2B	I	10
851	Pereira Luna, Noa al grup ESO2B	I	10
852	Viñas Calvo, Salma al grup ESO2B	I	10
853	Roldan Lazaro, Mariona al grup ESO2B	I	10
854	Ferrer Figueras, Arlet al grup ESO2B	I	10
855	Blanco Cruz, Inés al grup ESO2B	I	10
856	Guerra Luna, Marc al grup ESO2B	I	10
857	Carrasco Arias, Alejandro al grup ESO2B	I	10
858	Bermudez Flores, Laia al grup ESO2B	I	10
859	Salas Cabello, Mohamed al grup ESO2B	I	10
860	Valles Rios, Xavi al grup ESO2B	I	10
861	Sanz Gallego, Miguel al grup ESO2B	I	10
862	Segura Exposito, Jaume al grup ESO2B	I	10
863	Pla Ventura, Axel al grup ESO2B	I	10
864	Vega Cano, Jaume al grup ESO2B	I	10
865	Montero Bertran, Diego al grup ESO2B	I	10
866	Suarez Bermudez, Diego al grup ESO2B	I	10
867	Lazaro Plaza, Pablo al grup ESO3A	I	10
868	Juan Martos, Aleix al grup ESO3A	I	10
869	Salazar Llorens, Pau al grup ESO3A	I	10
870	Avila Simon, Marc al grup ESO3A	I	10
871	Cabello Campos, Ariadna al grup ESO3A	I	10
872	Palau Oliva, Lucas al grup ESO3A	I	10
873	Redondo Rios, Jaume al grup ESO3A	I	10
874	Gomez Asensio, Lucía al grup ESO3A	I	10
875	Castillo Badia, Martina al grup ESO3A	I	10
876	Cardona Izquierdo, Daniel al grup ESO3A	I	10
877	Herrera Royo, Axel al grup ESO3A	I	10
878	Garcia Nadal, Mohamed al grup ESO3B	I	10
879	Campos Soler, Alan al grup ESO3B	I	10
880	Marcos Torrent, Jordi al grup ESO3B	I	10
881	Blanco Cabello, Bruna al grup ESO3B	I	10
882	Franco Vives, Aina al grup ESO3B	I	10
883	Alba Muñoz, Adrián al grup ESO3B	I	10
884	Ortiz Alcaraz, Ona al grup ESO3B	I	10
885	Guillen Sancho, Aya al grup ESO3B	I	10
886	Moya Cano, Aitor al grup ESO3B	I	10
887	Velasco Escudero, Marina al grup ESO3B	I	10
888	Cortes Andreu, Mariona al grup ESO3B	I	10
889	Valles Capdevila, Ainara al grup ESO3B	I	10
890	Gil Casas, Laura al grup ESO3B	I	10
891	Vargas Iglesias, Iker al grup ESO3B	I	10
892	Martos Dalmau, Clara al grup CFI1A	I	11
893	Bermudez Molina, Ayman al grup CFI1A	I	11
894	Roca Herrera, Isaac al grup CFI1A	I	11
895	Zamora Amaya, Mar al grup CFI1A	I	11
896	Guzman Hernandez, Unai al grup CFI1A	I	11
897	Izquierdo Vera, Nil al grup CFI1A	I	11
898	Calvo Marin, Marwa al grup CFI1A	I	11
899	Cabrera Gil, Martina al grup CFI1A	I	11
900	Pujol Marquez, Naiara al grup CFI1A	I	11
901	Dalmau Ramos, Jaume al grup CFI1A	I	11
902	Gil Rubio, José al grup CFI1A	I	11
903	Piñol Roca, Erik al grup CFI1A	I	11
904	Merino Martinez, Lucas al grup CFI1A	I	11
905	Hernandez Carrera, Lola al grup CFI1A	I	11
906	Roca Franco, Valentina al grup CFI1A	I	11
907	Castro Ramon, Andrea al grup CFI1A	I	11
908	Valencia Pastor, Alan al grup CFI1A	I	11
909	Alba Puig, Nerea al grup CFI1A	I	11
910	Sala Muñoz, Alba al grup CFI1A	I	11
911	Valle Pozo, Andrea al grup CFI1A	I	11
912	Linares Camacho, Aya al grup CFI1A	I	11
913	Gil Badia, Jordi al grup CFI1A	I	11
914	Puig Parra, Gerard al grup CFI1A	I	11
915	Linares Rojas, Paula al grup CFI1A	I	11
916	Fernandez Peña, Eva al grup CFI2A	I	11
917	Crespo Medina, Antonio al grup CFI2A	I	11
918	Garcia Muñoz, Rayan al grup CFI2A	I	11
919	Santamaria Fuentes, Aina al grup CFI2A	I	11
920	Vicente Zamora, Alejandro al grup CFI2A	I	11
921	Oliva Casanova, Leyre al grup CFI2A	I	11
922	Bosch Escudero, Adrià al grup CFI2A	I	11
923	Rojas Rivera, Bernat al grup CFI2A	I	11
924	Moya Sala, Lucía al grup CFI2A	I	11
925	Oliver Herrero, Leo al grup CFI2A	I	11
926	Vila Moreno, Judit al grup CFI2A	I	11
927	Paredes Bermudez, Alba al grup CFI2A	I	11
928	Pages Alba, Oriol al grup CFI2A	I	11
929	Herrera Caballero, Izan al grup CFI2A	I	11
930	Requena Alba, Elena al grup CFI2A	I	11
931	Soriano Ruiz, Daniela al grup CFI2A	I	11
932	Moya Rius, Pau al grup CFA1A	I	11
933	Singh Santos, Gabriel al grup CFA1A	I	11
934	Ventura Pereira, Gisela al grup CFA1A	I	11
935	Crespo Aranda, José al grup CFA1A	I	11
936	Sancho Esteban, Andrea al grup CFA1A	I	11
937	Alsina Mas, Lola al grup CFA1A	I	11
938	Santos Hidalgo, Sergio al grup CFA1A	I	11
939	Cardona Reyes, Marcos al grup CFA1A	I	11
940	Reina Domenech, Sara al grup CFA1A	I	11
941	Rosell Benitez, Mar al grup CFA1A	I	11
942	Camacho Miro, Aya al grup CFA1A	I	11
943	Escobar Bermudez, Jana al grup CFA1A	I	11
944	Exposito Cano, Malak al grup CFA1A	I	11
945	Cabrera Sala, Joana al grup CFA1A	I	11
946	Bosch Maldonado, Sergi al grup CFA1A	I	11
947	Ortega Diaz, Inés al grup CFA1A	I	11
948	Velasco Casas, Aya al grup CFA1A	I	11
949	Lopez Ventura, Ismael al grup CFA1A	I	11
950	Medina Marti, Blanca al grup CFA1A	I	11
951	Pons Suarez, Alexandra al grup CFA1B	I	11
952	Domingo Castillo, Sergi al grup CFA1B	I	11
953	Roldan Hidalgo, Marwa al grup CFA1B	I	11
954	Fuentes Vazquez, Carlos al grup CFA1B	I	11
955	Codina Casals, Javier al grup CFA1B	I	11
956	Izquierdo Galan, Mariona al grup CFA1B	I	11
957	Ramos Domingo, Nora al grup CFA1B	I	11
958	Bautista Royo, Hugo al grup CFA1B	I	11
959	Fernandez Nieto, Guillem al grup CFA1B	I	11
960	Diez Grau, Helena al grup CFA1B	I	11
961	Reina Busquets, Abril al grup CFA1B	I	11
962	Marin Ramirez, Nil al grup CFA1B	I	11
963	Casanovas Vega, Jana al grup CFA1B	I	11
964	Miranda Roca, Sergio al grup CFA1B	I	11
965	Sanz Arenas, Leo al grup CFA1B	I	11
966	Navas Diaz, Nerea al grup CFA1B	I	11
967	Velasco Llorens, Valentina al grup CFA1B	I	11
968	Rivera Pallares, Sergio al grup CFA1B	I	11
969	Aparicio Pons, Lola al grup CFA1B	I	11
970	Camps Maldonado, Bernat al grup CFA1B	I	11
971	Fernandez Mateu, Malak al grup CFA1B	I	11
972	Mateo Avila, Anna al grup CFA2A	I	11
973	Segura Benitez, Nil al grup CFA2A	I	11
974	Nieto Pozo, Judith al grup CFA2A	I	11
975	Ferrer Codina, Eva al grup CFA2A	I	11
976	Bautista Muñoz, Alan al grup CFA2A	I	11
977	Carreras Soto, Aleix al grup CFA2A	I	11
978	Navarro Bermudez, Lucía al grup CFA2A	I	11
979	Palacios Amaya, Laura al grup CFA2A	I	11
980	Gallardo Leon, Naiara al grup CFA2A	I	11
981	Martos Martin, Javier al grup CFA2A	I	11
982	Hidalgo Puig, Dídac al grup CFA2A	I	11
983	Franco Duran, Noa al grup CFA2A	I	11
984	Rovira Contreras, Ivet al grup CFA2A	I	11
985	Alarcon Benitez, Clara al grup CFA2A	I	11
986	Soriano Casanova, Unai al grup CFA2A	I	11
987	Codina Mir, Mar al grup CFA2A	I	11
988	Castaño Marquez, Lucía al grup CFA2A	I	11
989	Blasco Rico, Elena al grup CFA2A	I	11
990	Arias Palau, Adrià al grup CFA2A	I	11
991	Ramos Castro, Inés al grup CFA2A	I	11
992	Cortes Rovira, Bernat al grup CFA2A	I	11
993	Roig Carrillo, Helena al grup CFA2A	I	11
994	Carrillo Vera, Carla al grup CFA2A	I	11
995	Ruiz Suarez, Aina al grup CFA2A	I	11
996	Martos Dalmau, Clara al grup CFI1A	I	12
997	Bermudez Molina, Ayman al grup CFI1A	I	12
998	Roca Herrera, Isaac al grup CFI1A	I	12
999	Zamora Amaya, Mar al grup CFI1A	I	12
1000	Guzman Hernandez, Unai al grup CFI1A	I	12
1001	Izquierdo Vera, Nil al grup CFI1A	I	12
1002	Calvo Marin, Marwa al grup CFI1A	I	12
1003	Cabrera Gil, Martina al grup CFI1A	I	12
1004	Pujol Marquez, Naiara al grup CFI1A	I	12
1005	Dalmau Ramos, Jaume al grup CFI1A	I	12
1006	Gil Rubio, José al grup CFI1A	I	12
1007	Piñol Roca, Erik al grup CFI1A	I	12
1008	Merino Martinez, Lucas al grup CFI1A	I	12
1009	Hernandez Carrera, Lola al grup CFI1A	I	12
1010	Roca Franco, Valentina al grup CFI1A	I	12
1011	Castro Ramon, Andrea al grup CFI1A	I	12
1012	Valencia Pastor, Alan al grup CFI1A	I	12
1013	Alba Puig, Nerea al grup CFI1A	I	12
1014	Sala Muñoz, Alba al grup CFI1A	I	12
1015	Valle Pozo, Andrea al grup CFI1A	I	12
1016	Linares Camacho, Aya al grup CFI1A	I	12
1017	Gil Badia, Jordi al grup CFI1A	I	12
1018	Puig Parra, Gerard al grup CFI1A	I	12
1019	Linares Rojas, Paula al grup CFI1A	I	12
1020	Fernandez Peña, Eva al grup CFI2A	I	12
1021	Crespo Medina, Antonio al grup CFI2A	I	12
1022	Garcia Muñoz, Rayan al grup CFI2A	I	12
1023	Santamaria Fuentes, Aina al grup CFI2A	I	12
1024	Vicente Zamora, Alejandro al grup CFI2A	I	12
1025	Oliva Casanova, Leyre al grup CFI2A	I	12
1026	Bosch Escudero, Adrià al grup CFI2A	I	12
1027	Rojas Rivera, Bernat al grup CFI2A	I	12
1028	Moya Sala, Lucía al grup CFI2A	I	12
1029	Oliver Herrero, Leo al grup CFI2A	I	12
1030	Vila Moreno, Judit al grup CFI2A	I	12
1031	Paredes Bermudez, Alba al grup CFI2A	I	12
1032	Pages Alba, Oriol al grup CFI2A	I	12
1033	Herrera Caballero, Izan al grup CFI2A	I	12
1034	Requena Alba, Elena al grup CFI2A	I	12
1035	Soriano Ruiz, Daniela al grup CFI2A	I	12
1036	Moya Rius, Pau al grup CFA1A	I	12
1037	Singh Santos, Gabriel al grup CFA1A	I	12
1038	Ventura Pereira, Gisela al grup CFA1A	I	12
1039	Crespo Aranda, José al grup CFA1A	I	12
1040	Sancho Esteban, Andrea al grup CFA1A	I	12
1041	Alsina Mas, Lola al grup CFA1A	I	12
1042	Santos Hidalgo, Sergio al grup CFA1A	I	12
1043	Cardona Reyes, Marcos al grup CFA1A	I	12
1044	Reina Domenech, Sara al grup CFA1A	I	12
1045	Rosell Benitez, Mar al grup CFA1A	I	12
1046	Camacho Miro, Aya al grup CFA1A	I	12
1047	Escobar Bermudez, Jana al grup CFA1A	I	12
1048	Exposito Cano, Malak al grup CFA1A	I	12
1049	Cabrera Sala, Joana al grup CFA1A	I	12
1050	Bosch Maldonado, Sergi al grup CFA1A	I	12
1051	Ortega Diaz, Inés al grup CFA1A	I	12
1052	Velasco Casas, Aya al grup CFA1A	I	12
1053	Lopez Ventura, Ismael al grup CFA1A	I	12
1054	Medina Marti, Blanca al grup CFA1A	I	12
1055	Pons Suarez, Alexandra al grup CFA1B	I	12
1056	Domingo Castillo, Sergi al grup CFA1B	I	12
1057	Roldan Hidalgo, Marwa al grup CFA1B	I	12
1058	Fuentes Vazquez, Carlos al grup CFA1B	I	12
1059	Codina Casals, Javier al grup CFA1B	I	12
1060	Izquierdo Galan, Mariona al grup CFA1B	I	12
1061	Ramos Domingo, Nora al grup CFA1B	I	12
1062	Bautista Royo, Hugo al grup CFA1B	I	12
1063	Fernandez Nieto, Guillem al grup CFA1B	I	12
1064	Diez Grau, Helena al grup CFA1B	I	12
1065	Reina Busquets, Abril al grup CFA1B	I	12
1066	Marin Ramirez, Nil al grup CFA1B	I	12
1067	Casanovas Vega, Jana al grup CFA1B	I	12
1068	Miranda Roca, Sergio al grup CFA1B	I	12
1069	Sanz Arenas, Leo al grup CFA1B	I	12
1070	Navas Diaz, Nerea al grup CFA1B	I	12
1071	Velasco Llorens, Valentina al grup CFA1B	I	12
1072	Rivera Pallares, Sergio al grup CFA1B	I	12
1073	Aparicio Pons, Lola al grup CFA1B	I	12
1074	Camps Maldonado, Bernat al grup CFA1B	I	12
1075	Fernandez Mateu, Malak al grup CFA1B	I	12
1076	Mateo Avila, Anna al grup CFA2A	I	12
1077	Segura Benitez, Nil al grup CFA2A	I	12
1078	Nieto Pozo, Judith al grup CFA2A	I	12
1079	Ferrer Codina, Eva al grup CFA2A	I	12
1080	Bautista Muñoz, Alan al grup CFA2A	I	12
1081	Carreras Soto, Aleix al grup CFA2A	I	12
1082	Navarro Bermudez, Lucía al grup CFA2A	I	12
1083	Palacios Amaya, Laura al grup CFA2A	I	12
1084	Gallardo Leon, Naiara al grup CFA2A	I	12
1085	Martos Martin, Javier al grup CFA2A	I	12
1086	Hidalgo Puig, Dídac al grup CFA2A	I	12
1087	Franco Duran, Noa al grup CFA2A	I	12
1088	Rovira Contreras, Ivet al grup CFA2A	I	12
1089	Alarcon Benitez, Clara al grup CFA2A	I	12
1090	Soriano Casanova, Unai al grup CFA2A	I	12
1091	Codina Mir, Mar al grup CFA2A	I	12
1092	Castaño Marquez, Lucía al grup CFA2A	I	12
1093	Blasco Rico, Elena al grup CFA2A	I	12
1094	Arias Palau, Adrià al grup CFA2A	I	12
1095	Ramos Castro, Inés al grup CFA2A	I	12
1096	Cortes Rovira, Bernat al grup CFA2A	I	12
1097	Roig Carrillo, Helena al grup CFA2A	I	12
1098	Carrillo Vera, Carla al grup CFA2A	I	12
1099	Ruiz Suarez, Aina al grup CFA2A	I	12
1100	Martos Dalmau, Clara al grup CFI1A	I	13
1101	Bermudez Molina, Ayman al grup CFI1A	I	13
1102	Roca Herrera, Isaac al grup CFI1A	I	13
1103	Zamora Amaya, Mar al grup CFI1A	I	13
1104	Guzman Hernandez, Unai al grup CFI1A	I	13
1105	Izquierdo Vera, Nil al grup CFI1A	I	13
1106	Calvo Marin, Marwa al grup CFI1A	I	13
1107	Cabrera Gil, Martina al grup CFI1A	I	13
1108	Pujol Marquez, Naiara al grup CFI1A	I	13
1109	Dalmau Ramos, Jaume al grup CFI1A	I	13
1110	Gil Rubio, José al grup CFI1A	I	13
1111	Piñol Roca, Erik al grup CFI1A	I	13
1112	Merino Martinez, Lucas al grup CFI1A	I	13
1113	Hernandez Carrera, Lola al grup CFI1A	I	13
1114	Roca Franco, Valentina al grup CFI1A	I	13
1115	Castro Ramon, Andrea al grup CFI1A	I	13
1116	Valencia Pastor, Alan al grup CFI1A	I	13
1117	Alba Puig, Nerea al grup CFI1A	I	13
1118	Sala Muñoz, Alba al grup CFI1A	I	13
1119	Valle Pozo, Andrea al grup CFI1A	I	13
1120	Linares Camacho, Aya al grup CFI1A	I	13
1121	Gil Badia, Jordi al grup CFI1A	I	13
1122	Puig Parra, Gerard al grup CFI1A	I	13
1123	Linares Rojas, Paula al grup CFI1A	I	13
1124	Fernandez Peña, Eva al grup CFI2A	I	13
1125	Crespo Medina, Antonio al grup CFI2A	I	13
1126	Garcia Muñoz, Rayan al grup CFI2A	I	13
1127	Santamaria Fuentes, Aina al grup CFI2A	I	13
1128	Vicente Zamora, Alejandro al grup CFI2A	I	13
1129	Oliva Casanova, Leyre al grup CFI2A	I	13
1130	Bosch Escudero, Adrià al grup CFI2A	I	13
1131	Rojas Rivera, Bernat al grup CFI2A	I	13
1132	Moya Sala, Lucía al grup CFI2A	I	13
1133	Oliver Herrero, Leo al grup CFI2A	I	13
1134	Vila Moreno, Judit al grup CFI2A	I	13
1135	Paredes Bermudez, Alba al grup CFI2A	I	13
1136	Pages Alba, Oriol al grup CFI2A	I	13
1137	Herrera Caballero, Izan al grup CFI2A	I	13
1138	Requena Alba, Elena al grup CFI2A	I	13
1139	Soriano Ruiz, Daniela al grup CFI2A	I	13
1140	Moya Rius, Pau al grup CFA1A	I	13
1141	Singh Santos, Gabriel al grup CFA1A	I	13
1142	Ventura Pereira, Gisela al grup CFA1A	I	13
1143	Crespo Aranda, José al grup CFA1A	I	13
1144	Sancho Esteban, Andrea al grup CFA1A	I	13
1145	Alsina Mas, Lola al grup CFA1A	I	13
1146	Santos Hidalgo, Sergio al grup CFA1A	I	13
1147	Cardona Reyes, Marcos al grup CFA1A	I	13
1148	Reina Domenech, Sara al grup CFA1A	I	13
1149	Rosell Benitez, Mar al grup CFA1A	I	13
1150	Camacho Miro, Aya al grup CFA1A	I	13
1151	Escobar Bermudez, Jana al grup CFA1A	I	13
1152	Exposito Cano, Malak al grup CFA1A	I	13
1153	Cabrera Sala, Joana al grup CFA1A	I	13
1154	Bosch Maldonado, Sergi al grup CFA1A	I	13
1155	Ortega Diaz, Inés al grup CFA1A	I	13
1156	Velasco Casas, Aya al grup CFA1A	I	13
1157	Lopez Ventura, Ismael al grup CFA1A	I	13
1158	Medina Marti, Blanca al grup CFA1A	I	13
1159	Pons Suarez, Alexandra al grup CFA1B	I	13
1160	Domingo Castillo, Sergi al grup CFA1B	I	13
1161	Roldan Hidalgo, Marwa al grup CFA1B	I	13
1162	Fuentes Vazquez, Carlos al grup CFA1B	I	13
1163	Codina Casals, Javier al grup CFA1B	I	13
1164	Izquierdo Galan, Mariona al grup CFA1B	I	13
1165	Ramos Domingo, Nora al grup CFA1B	I	13
1166	Bautista Royo, Hugo al grup CFA1B	I	13
1167	Fernandez Nieto, Guillem al grup CFA1B	I	13
1168	Diez Grau, Helena al grup CFA1B	I	13
1169	Reina Busquets, Abril al grup CFA1B	I	13
1170	Marin Ramirez, Nil al grup CFA1B	I	13
1171	Casanovas Vega, Jana al grup CFA1B	I	13
1172	Miranda Roca, Sergio al grup CFA1B	I	13
1173	Sanz Arenas, Leo al grup CFA1B	I	13
1174	Navas Diaz, Nerea al grup CFA1B	I	13
1175	Velasco Llorens, Valentina al grup CFA1B	I	13
1176	Rivera Pallares, Sergio al grup CFA1B	I	13
1177	Aparicio Pons, Lola al grup CFA1B	I	13
1178	Camps Maldonado, Bernat al grup CFA1B	I	13
1179	Fernandez Mateu, Malak al grup CFA1B	I	13
1180	Mateo Avila, Anna al grup CFA2A	I	13
1181	Segura Benitez, Nil al grup CFA2A	I	13
1182	Nieto Pozo, Judith al grup CFA2A	I	13
1183	Ferrer Codina, Eva al grup CFA2A	I	13
1184	Bautista Muñoz, Alan al grup CFA2A	I	13
1185	Carreras Soto, Aleix al grup CFA2A	I	13
1186	Navarro Bermudez, Lucía al grup CFA2A	I	13
1187	Palacios Amaya, Laura al grup CFA2A	I	13
1188	Gallardo Leon, Naiara al grup CFA2A	I	13
1189	Martos Martin, Javier al grup CFA2A	I	13
1190	Hidalgo Puig, Dídac al grup CFA2A	I	13
1191	Franco Duran, Noa al grup CFA2A	I	13
1192	Rovira Contreras, Ivet al grup CFA2A	I	13
1193	Alarcon Benitez, Clara al grup CFA2A	I	13
1194	Soriano Casanova, Unai al grup CFA2A	I	13
1195	Codina Mir, Mar al grup CFA2A	I	13
1196	Castaño Marquez, Lucía al grup CFA2A	I	13
1197	Blasco Rico, Elena al grup CFA2A	I	13
1198	Arias Palau, Adrià al grup CFA2A	I	13
1199	Ramos Castro, Inés al grup CFA2A	I	13
1200	Cortes Rovira, Bernat al grup CFA2A	I	13
1201	Roig Carrillo, Helena al grup CFA2A	I	13
1202	Carrillo Vera, Carla al grup CFA2A	I	13
1203	Ruiz Suarez, Aina al grup CFA2A	I	13
1204	Martos Dalmau, Clara al grup CFI1A	I	14
1205	Bermudez Molina, Ayman al grup CFI1A	I	14
1206	Roca Herrera, Isaac al grup CFI1A	I	14
1207	Zamora Amaya, Mar al grup CFI1A	I	14
1208	Guzman Hernandez, Unai al grup CFI1A	I	14
1209	Izquierdo Vera, Nil al grup CFI1A	I	14
1210	Calvo Marin, Marwa al grup CFI1A	I	14
1211	Cabrera Gil, Martina al grup CFI1A	I	14
1212	Pujol Marquez, Naiara al grup CFI1A	I	14
1213	Dalmau Ramos, Jaume al grup CFI1A	I	14
1214	Gil Rubio, José al grup CFI1A	I	14
1215	Piñol Roca, Erik al grup CFI1A	I	14
1216	Merino Martinez, Lucas al grup CFI1A	I	14
1217	Hernandez Carrera, Lola al grup CFI1A	I	14
1218	Roca Franco, Valentina al grup CFI1A	I	14
1219	Castro Ramon, Andrea al grup CFI1A	I	14
1220	Valencia Pastor, Alan al grup CFI1A	I	14
1221	Alba Puig, Nerea al grup CFI1A	I	14
1222	Sala Muñoz, Alba al grup CFI1A	I	14
1223	Valle Pozo, Andrea al grup CFI1A	I	14
1224	Linares Camacho, Aya al grup CFI1A	I	14
1225	Gil Badia, Jordi al grup CFI1A	I	14
1226	Puig Parra, Gerard al grup CFI1A	I	14
1227	Linares Rojas, Paula al grup CFI1A	I	14
1228	Fernandez Peña, Eva al grup CFI2A	I	14
1229	Crespo Medina, Antonio al grup CFI2A	I	14
1230	Garcia Muñoz, Rayan al grup CFI2A	I	14
1231	Santamaria Fuentes, Aina al grup CFI2A	I	14
1232	Vicente Zamora, Alejandro al grup CFI2A	I	14
1233	Oliva Casanova, Leyre al grup CFI2A	I	14
1234	Bosch Escudero, Adrià al grup CFI2A	I	14
1235	Rojas Rivera, Bernat al grup CFI2A	I	14
1236	Moya Sala, Lucía al grup CFI2A	I	14
1237	Oliver Herrero, Leo al grup CFI2A	I	14
1238	Vila Moreno, Judit al grup CFI2A	I	14
1239	Paredes Bermudez, Alba al grup CFI2A	I	14
1240	Pages Alba, Oriol al grup CFI2A	I	14
1241	Herrera Caballero, Izan al grup CFI2A	I	14
1242	Requena Alba, Elena al grup CFI2A	I	14
1243	Soriano Ruiz, Daniela al grup CFI2A	I	14
1244	Moya Rius, Pau al grup CFA1A	I	14
1245	Singh Santos, Gabriel al grup CFA1A	I	14
1246	Ventura Pereira, Gisela al grup CFA1A	I	14
1247	Crespo Aranda, José al grup CFA1A	I	14
1248	Sancho Esteban, Andrea al grup CFA1A	I	14
1249	Alsina Mas, Lola al grup CFA1A	I	14
1250	Santos Hidalgo, Sergio al grup CFA1A	I	14
1251	Cardona Reyes, Marcos al grup CFA1A	I	14
1252	Reina Domenech, Sara al grup CFA1A	I	14
1253	Rosell Benitez, Mar al grup CFA1A	I	14
1254	Camacho Miro, Aya al grup CFA1A	I	14
1255	Escobar Bermudez, Jana al grup CFA1A	I	14
1256	Exposito Cano, Malak al grup CFA1A	I	14
1257	Cabrera Sala, Joana al grup CFA1A	I	14
1258	Bosch Maldonado, Sergi al grup CFA1A	I	14
1259	Ortega Diaz, Inés al grup CFA1A	I	14
1260	Velasco Casas, Aya al grup CFA1A	I	14
1261	Lopez Ventura, Ismael al grup CFA1A	I	14
1262	Medina Marti, Blanca al grup CFA1A	I	14
1263	Pons Suarez, Alexandra al grup CFA1B	I	14
1264	Domingo Castillo, Sergi al grup CFA1B	I	14
1265	Roldan Hidalgo, Marwa al grup CFA1B	I	14
1266	Fuentes Vazquez, Carlos al grup CFA1B	I	14
1267	Codina Casals, Javier al grup CFA1B	I	14
1268	Izquierdo Galan, Mariona al grup CFA1B	I	14
1269	Ramos Domingo, Nora al grup CFA1B	I	14
1270	Bautista Royo, Hugo al grup CFA1B	I	14
1271	Fernandez Nieto, Guillem al grup CFA1B	I	14
1272	Diez Grau, Helena al grup CFA1B	I	14
1273	Reina Busquets, Abril al grup CFA1B	I	14
1274	Marin Ramirez, Nil al grup CFA1B	I	14
1275	Casanovas Vega, Jana al grup CFA1B	I	14
1276	Miranda Roca, Sergio al grup CFA1B	I	14
1277	Sanz Arenas, Leo al grup CFA1B	I	14
1278	Navas Diaz, Nerea al grup CFA1B	I	14
1279	Velasco Llorens, Valentina al grup CFA1B	I	14
1280	Rivera Pallares, Sergio al grup CFA1B	I	14
1281	Aparicio Pons, Lola al grup CFA1B	I	14
1282	Camps Maldonado, Bernat al grup CFA1B	I	14
1283	Fernandez Mateu, Malak al grup CFA1B	I	14
1284	Mateo Avila, Anna al grup CFA2A	I	14
1285	Segura Benitez, Nil al grup CFA2A	I	14
1286	Nieto Pozo, Judith al grup CFA2A	I	14
1287	Ferrer Codina, Eva al grup CFA2A	I	14
1288	Bautista Muñoz, Alan al grup CFA2A	I	14
1289	Carreras Soto, Aleix al grup CFA2A	I	14
1290	Navarro Bermudez, Lucía al grup CFA2A	I	14
1291	Palacios Amaya, Laura al grup CFA2A	I	14
1292	Gallardo Leon, Naiara al grup CFA2A	I	14
1293	Martos Martin, Javier al grup CFA2A	I	14
1294	Hidalgo Puig, Dídac al grup CFA2A	I	14
1295	Franco Duran, Noa al grup CFA2A	I	14
1296	Rovira Contreras, Ivet al grup CFA2A	I	14
1297	Alarcon Benitez, Clara al grup CFA2A	I	14
1298	Soriano Casanova, Unai al grup CFA2A	I	14
1299	Codina Mir, Mar al grup CFA2A	I	14
1300	Castaño Marquez, Lucía al grup CFA2A	I	14
1301	Blasco Rico, Elena al grup CFA2A	I	14
1302	Arias Palau, Adrià al grup CFA2A	I	14
1303	Ramos Castro, Inés al grup CFA2A	I	14
1304	Cortes Rovira, Bernat al grup CFA2A	I	14
1305	Roig Carrillo, Helena al grup CFA2A	I	14
1306	Carrillo Vera, Carla al grup CFA2A	I	14
1307	Ruiz Suarez, Aina al grup CFA2A	I	14
1308	Martos Dalmau, Clara al grup CFI1A	I	15
1309	Bermudez Molina, Ayman al grup CFI1A	I	15
1310	Roca Herrera, Isaac al grup CFI1A	I	15
1311	Zamora Amaya, Mar al grup CFI1A	I	15
1312	Guzman Hernandez, Unai al grup CFI1A	I	15
1313	Izquierdo Vera, Nil al grup CFI1A	I	15
1314	Calvo Marin, Marwa al grup CFI1A	I	15
1315	Cabrera Gil, Martina al grup CFI1A	I	15
1316	Pujol Marquez, Naiara al grup CFI1A	I	15
1317	Dalmau Ramos, Jaume al grup CFI1A	I	15
1318	Gil Rubio, José al grup CFI1A	I	15
1319	Piñol Roca, Erik al grup CFI1A	I	15
1320	Merino Martinez, Lucas al grup CFI1A	I	15
1321	Hernandez Carrera, Lola al grup CFI1A	I	15
1322	Roca Franco, Valentina al grup CFI1A	I	15
1323	Castro Ramon, Andrea al grup CFI1A	I	15
1324	Valencia Pastor, Alan al grup CFI1A	I	15
1325	Alba Puig, Nerea al grup CFI1A	I	15
1326	Sala Muñoz, Alba al grup CFI1A	I	15
1327	Valle Pozo, Andrea al grup CFI1A	I	15
1328	Linares Camacho, Aya al grup CFI1A	I	15
1329	Gil Badia, Jordi al grup CFI1A	I	15
1330	Puig Parra, Gerard al grup CFI1A	I	15
1331	Linares Rojas, Paula al grup CFI1A	I	15
1332	Fernandez Peña, Eva al grup CFI2A	I	15
1333	Crespo Medina, Antonio al grup CFI2A	I	15
1334	Garcia Muñoz, Rayan al grup CFI2A	I	15
1335	Santamaria Fuentes, Aina al grup CFI2A	I	15
1336	Vicente Zamora, Alejandro al grup CFI2A	I	15
1337	Oliva Casanova, Leyre al grup CFI2A	I	15
1338	Bosch Escudero, Adrià al grup CFI2A	I	15
1339	Rojas Rivera, Bernat al grup CFI2A	I	15
1340	Moya Sala, Lucía al grup CFI2A	I	15
1341	Oliver Herrero, Leo al grup CFI2A	I	15
1342	Vila Moreno, Judit al grup CFI2A	I	15
1343	Paredes Bermudez, Alba al grup CFI2A	I	15
1344	Pages Alba, Oriol al grup CFI2A	I	15
1345	Herrera Caballero, Izan al grup CFI2A	I	15
1346	Requena Alba, Elena al grup CFI2A	I	15
1347	Soriano Ruiz, Daniela al grup CFI2A	I	15
1348	Moya Rius, Pau al grup CFA1A	I	15
1349	Singh Santos, Gabriel al grup CFA1A	I	15
1350	Ventura Pereira, Gisela al grup CFA1A	I	15
1351	Crespo Aranda, José al grup CFA1A	I	15
1352	Sancho Esteban, Andrea al grup CFA1A	I	15
1353	Alsina Mas, Lola al grup CFA1A	I	15
1354	Santos Hidalgo, Sergio al grup CFA1A	I	15
1355	Cardona Reyes, Marcos al grup CFA1A	I	15
1356	Reina Domenech, Sara al grup CFA1A	I	15
1357	Rosell Benitez, Mar al grup CFA1A	I	15
1358	Camacho Miro, Aya al grup CFA1A	I	15
1359	Escobar Bermudez, Jana al grup CFA1A	I	15
1360	Exposito Cano, Malak al grup CFA1A	I	15
1361	Cabrera Sala, Joana al grup CFA1A	I	15
1362	Bosch Maldonado, Sergi al grup CFA1A	I	15
1363	Ortega Diaz, Inés al grup CFA1A	I	15
1364	Velasco Casas, Aya al grup CFA1A	I	15
1365	Lopez Ventura, Ismael al grup CFA1A	I	15
1366	Medina Marti, Blanca al grup CFA1A	I	15
1367	Pons Suarez, Alexandra al grup CFA1B	I	15
1368	Domingo Castillo, Sergi al grup CFA1B	I	15
1369	Roldan Hidalgo, Marwa al grup CFA1B	I	15
1370	Fuentes Vazquez, Carlos al grup CFA1B	I	15
1371	Codina Casals, Javier al grup CFA1B	I	15
1372	Izquierdo Galan, Mariona al grup CFA1B	I	15
1373	Ramos Domingo, Nora al grup CFA1B	I	15
1374	Bautista Royo, Hugo al grup CFA1B	I	15
1375	Fernandez Nieto, Guillem al grup CFA1B	I	15
1376	Diez Grau, Helena al grup CFA1B	I	15
1377	Reina Busquets, Abril al grup CFA1B	I	15
1378	Marin Ramirez, Nil al grup CFA1B	I	15
1379	Casanovas Vega, Jana al grup CFA1B	I	15
1380	Miranda Roca, Sergio al grup CFA1B	I	15
1381	Sanz Arenas, Leo al grup CFA1B	I	15
1382	Navas Diaz, Nerea al grup CFA1B	I	15
1383	Velasco Llorens, Valentina al grup CFA1B	I	15
1384	Rivera Pallares, Sergio al grup CFA1B	I	15
1385	Aparicio Pons, Lola al grup CFA1B	I	15
1386	Camps Maldonado, Bernat al grup CFA1B	I	15
1387	Fernandez Mateu, Malak al grup CFA1B	I	15
1388	Mateo Avila, Anna al grup CFA2A	I	15
1389	Segura Benitez, Nil al grup CFA2A	I	15
1390	Nieto Pozo, Judith al grup CFA2A	I	15
1391	Ferrer Codina, Eva al grup CFA2A	I	15
1392	Bautista Muñoz, Alan al grup CFA2A	I	15
1393	Carreras Soto, Aleix al grup CFA2A	I	15
1394	Navarro Bermudez, Lucía al grup CFA2A	I	15
1395	Palacios Amaya, Laura al grup CFA2A	I	15
1396	Gallardo Leon, Naiara al grup CFA2A	I	15
1397	Martos Martin, Javier al grup CFA2A	I	15
1398	Hidalgo Puig, Dídac al grup CFA2A	I	15
1399	Franco Duran, Noa al grup CFA2A	I	15
1400	Rovira Contreras, Ivet al grup CFA2A	I	15
1401	Alarcon Benitez, Clara al grup CFA2A	I	15
1402	Soriano Casanova, Unai al grup CFA2A	I	15
1403	Codina Mir, Mar al grup CFA2A	I	15
1404	Castaño Marquez, Lucía al grup CFA2A	I	15
1405	Blasco Rico, Elena al grup CFA2A	I	15
1406	Arias Palau, Adrià al grup CFA2A	I	15
1407	Ramos Castro, Inés al grup CFA2A	I	15
1408	Cortes Rovira, Bernat al grup CFA2A	I	15
1409	Roig Carrillo, Helena al grup CFA2A	I	15
1410	Carrillo Vera, Carla al grup CFA2A	I	15
1411	Ruiz Suarez, Aina al grup CFA2A	I	15
1412	Martos Dalmau, Clara al grup CFI1A	I	16
1413	Bermudez Molina, Ayman al grup CFI1A	I	16
1414	Roca Herrera, Isaac al grup CFI1A	I	16
1415	Zamora Amaya, Mar al grup CFI1A	I	16
1416	Guzman Hernandez, Unai al grup CFI1A	I	16
1417	Izquierdo Vera, Nil al grup CFI1A	I	16
1418	Calvo Marin, Marwa al grup CFI1A	I	16
1419	Cabrera Gil, Martina al grup CFI1A	I	16
1420	Pujol Marquez, Naiara al grup CFI1A	I	16
1421	Dalmau Ramos, Jaume al grup CFI1A	I	16
1422	Gil Rubio, José al grup CFI1A	I	16
1423	Piñol Roca, Erik al grup CFI1A	I	16
1424	Merino Martinez, Lucas al grup CFI1A	I	16
1425	Hernandez Carrera, Lola al grup CFI1A	I	16
1426	Roca Franco, Valentina al grup CFI1A	I	16
1427	Castro Ramon, Andrea al grup CFI1A	I	16
1428	Valencia Pastor, Alan al grup CFI1A	I	16
1429	Alba Puig, Nerea al grup CFI1A	I	16
1430	Sala Muñoz, Alba al grup CFI1A	I	16
1431	Valle Pozo, Andrea al grup CFI1A	I	16
1432	Linares Camacho, Aya al grup CFI1A	I	16
1433	Gil Badia, Jordi al grup CFI1A	I	16
1434	Puig Parra, Gerard al grup CFI1A	I	16
1435	Linares Rojas, Paula al grup CFI1A	I	16
1436	Fernandez Peña, Eva al grup CFI2A	I	16
1437	Crespo Medina, Antonio al grup CFI2A	I	16
1438	Garcia Muñoz, Rayan al grup CFI2A	I	16
1439	Santamaria Fuentes, Aina al grup CFI2A	I	16
1440	Vicente Zamora, Alejandro al grup CFI2A	I	16
1441	Oliva Casanova, Leyre al grup CFI2A	I	16
1442	Bosch Escudero, Adrià al grup CFI2A	I	16
1443	Rojas Rivera, Bernat al grup CFI2A	I	16
1444	Moya Sala, Lucía al grup CFI2A	I	16
1445	Oliver Herrero, Leo al grup CFI2A	I	16
1446	Vila Moreno, Judit al grup CFI2A	I	16
1447	Paredes Bermudez, Alba al grup CFI2A	I	16
1448	Pages Alba, Oriol al grup CFI2A	I	16
1449	Herrera Caballero, Izan al grup CFI2A	I	16
1450	Requena Alba, Elena al grup CFI2A	I	16
1451	Soriano Ruiz, Daniela al grup CFI2A	I	16
1452	Moya Rius, Pau al grup CFA1A	I	16
1453	Singh Santos, Gabriel al grup CFA1A	I	16
1454	Ventura Pereira, Gisela al grup CFA1A	I	16
1455	Crespo Aranda, José al grup CFA1A	I	16
1456	Sancho Esteban, Andrea al grup CFA1A	I	16
1457	Alsina Mas, Lola al grup CFA1A	I	16
1458	Santos Hidalgo, Sergio al grup CFA1A	I	16
1459	Cardona Reyes, Marcos al grup CFA1A	I	16
1460	Reina Domenech, Sara al grup CFA1A	I	16
1461	Rosell Benitez, Mar al grup CFA1A	I	16
1462	Camacho Miro, Aya al grup CFA1A	I	16
1463	Escobar Bermudez, Jana al grup CFA1A	I	16
1464	Exposito Cano, Malak al grup CFA1A	I	16
1465	Cabrera Sala, Joana al grup CFA1A	I	16
1466	Bosch Maldonado, Sergi al grup CFA1A	I	16
1467	Ortega Diaz, Inés al grup CFA1A	I	16
1468	Velasco Casas, Aya al grup CFA1A	I	16
1469	Lopez Ventura, Ismael al grup CFA1A	I	16
1470	Medina Marti, Blanca al grup CFA1A	I	16
1471	Pons Suarez, Alexandra al grup CFA1B	I	16
1472	Domingo Castillo, Sergi al grup CFA1B	I	16
1473	Roldan Hidalgo, Marwa al grup CFA1B	I	16
1474	Fuentes Vazquez, Carlos al grup CFA1B	I	16
1475	Codina Casals, Javier al grup CFA1B	I	16
1476	Izquierdo Galan, Mariona al grup CFA1B	I	16
1477	Ramos Domingo, Nora al grup CFA1B	I	16
1478	Bautista Royo, Hugo al grup CFA1B	I	16
1479	Fernandez Nieto, Guillem al grup CFA1B	I	16
1480	Diez Grau, Helena al grup CFA1B	I	16
1481	Reina Busquets, Abril al grup CFA1B	I	16
1482	Marin Ramirez, Nil al grup CFA1B	I	16
1483	Casanovas Vega, Jana al grup CFA1B	I	16
1484	Miranda Roca, Sergio al grup CFA1B	I	16
1485	Sanz Arenas, Leo al grup CFA1B	I	16
1486	Navas Diaz, Nerea al grup CFA1B	I	16
1487	Velasco Llorens, Valentina al grup CFA1B	I	16
1488	Rivera Pallares, Sergio al grup CFA1B	I	16
1489	Aparicio Pons, Lola al grup CFA1B	I	16
1490	Camps Maldonado, Bernat al grup CFA1B	I	16
1491	Fernandez Mateu, Malak al grup CFA1B	I	16
1492	Mateo Avila, Anna al grup CFA2A	I	16
1493	Segura Benitez, Nil al grup CFA2A	I	16
1494	Nieto Pozo, Judith al grup CFA2A	I	16
1495	Ferrer Codina, Eva al grup CFA2A	I	16
1496	Bautista Muñoz, Alan al grup CFA2A	I	16
1497	Carreras Soto, Aleix al grup CFA2A	I	16
1498	Navarro Bermudez, Lucía al grup CFA2A	I	16
1499	Palacios Amaya, Laura al grup CFA2A	I	16
1500	Gallardo Leon, Naiara al grup CFA2A	I	16
1501	Martos Martin, Javier al grup CFA2A	I	16
1502	Hidalgo Puig, Dídac al grup CFA2A	I	16
1503	Franco Duran, Noa al grup CFA2A	I	16
1504	Rovira Contreras, Ivet al grup CFA2A	I	16
1505	Alarcon Benitez, Clara al grup CFA2A	I	16
1506	Soriano Casanova, Unai al grup CFA2A	I	16
1507	Codina Mir, Mar al grup CFA2A	I	16
1508	Castaño Marquez, Lucía al grup CFA2A	I	16
1509	Blasco Rico, Elena al grup CFA2A	I	16
1510	Arias Palau, Adrià al grup CFA2A	I	16
1511	Ramos Castro, Inés al grup CFA2A	I	16
1512	Cortes Rovira, Bernat al grup CFA2A	I	16
1513	Roig Carrillo, Helena al grup CFA2A	I	16
1514	Carrillo Vera, Carla al grup CFA2A	I	16
1515	Ruiz Suarez, Aina al grup CFA2A	I	16
1516	0 alumnes sense grup	E	17
1517	229 alumnes llegits	I	17
1518	229 alumnes insertats	I	17
1519	0 alumnes modificats	I	17
1520	0 alumnes esborrats	I	17
1521	0 alumnes canviats de grup	I	17
1522	0 alumnes en estat sincronització manual	I	17
1523	14 missatges enviats	I	17
1524	336 responsables creats	I	17
1525	Regeneració finalitzada	I	18
1526	1680 horaris insertats	I	18
\.


--
-- Data for Name: missatgeria_missatge; Type: TABLE DATA; Schema: public; Owner: demo_user
--

COPY public.missatgeria_missatge (id, data, text_missatge, enllac, remitent_id, tipus_de_missatge) FROM stdin;
1	2025-11-11 12:55:59.748055+00	Actualització d'horaris realitzada, recorda reprogramar les classes.	/presencia/regeneraImpartir	1	ADMINISTRACIO
2	2025-11-11 12:56:06.246162+00	Actualització d'horaris realitzada, recorda reprogramar les classes.	/presencia/regeneraImpartir	1	ADMINISTRACIO
3	2025-11-11 12:56:31.548134+00	El següents alumnes han estat donats d'alta.		1	ADMINISTRACIO
4	2025-11-11 12:56:31.965001+00	El següents alumnes han estat donats d'alta.		1	ADMINISTRACIO
5	2025-11-11 12:56:32.386121+00	El següents alumnes han estat donats d'alta.		1	ADMINISTRACIO
6	2025-11-11 12:56:32.76172+00	El següents alumnes han estat donats d'alta.		1	ADMINISTRACIO
7	2025-11-11 12:56:33.233159+00	El següents alumnes han estat donats d'alta.		1	ADMINISTRACIO
8	2025-11-11 12:56:33.651864+00	El següents alumnes han estat donats d'alta.		1	ADMINISTRACIO
9	2025-11-11 12:56:34.067283+00	El següents alumnes han estat donats d'alta.		1	ADMINISTRACIO
10	2025-11-11 12:56:34.43275+00	El següents alumnes han estat donats d'alta.		1	ADMINISTRACIO
11	2025-11-11 12:56:34.814474+00	El següents alumnes han estat donats d'alta.		1	ADMINISTRACIO
12	2025-11-11 12:56:35.252292+00	El següents alumnes han estat donats d'alta.		1	ADMINISTRACIO
13	2025-11-11 12:56:35.614315+00	El següents alumnes han estat donats d'alta.		1	ADMINISTRACIO
14	2025-11-11 12:56:36.012477+00	El següents alumnes han estat donats d'alta.		1	ADMINISTRACIO
15	2025-11-11 12:56:36.377586+00	El següents alumnes han estat donats d'alta.		1	ADMINISTRACIO
16	2025-11-11 12:56:36.726648+00	El següents alumnes han estat donats d'alta.		1	ADMINISTRACIO
17	2025-11-11 12:56:37.188841+00	Importació Saga finalitzada.		1	ADMINISTRACIO
18	2025-11-11 12:57:19.784433+00	Reprogramació de classes finalitzada.		1	ADMINISTRACIO
\.


--
-- Data for Name: presencia_controlassistencia; Type: TABLE DATA; Schema: public; Owner: demo_user
--

COPY public.presencia_controlassistencia (id, swaped, relacio_familia_revisada, relacio_familia_notificada, alumne_id, estat_id, estat_backup_id, impartir_id, professor_id, professor_backup_id, comunicat_id) FROM stdin;
1166	f	\N	\N	31	2	\N	86	3	\N	\N
6	f	\N	\N	98	\N	\N	1401	\N	\N	\N
17	f	\N	\N	41	\N	\N	1402	\N	\N	\N
18	f	\N	\N	3	\N	\N	1402	\N	\N	\N
24	f	\N	\N	79	\N	\N	1403	\N	\N	\N
45	f	\N	\N	110	\N	\N	1404	\N	\N	\N
46	f	\N	\N	109	\N	\N	1404	\N	\N	\N
47	f	\N	\N	107	\N	\N	1404	\N	\N	\N
48	f	\N	\N	104	\N	\N	1404	\N	\N	\N
54	f	\N	\N	101	\N	\N	1405	\N	\N	\N
75	f	\N	\N	20	\N	\N	1406	\N	\N	\N
76	f	\N	\N	24	\N	\N	1406	\N	\N	\N
77	f	\N	\N	8	\N	\N	1406	\N	\N	\N
78	f	\N	\N	19	\N	\N	1406	\N	\N	\N
94	f	\N	\N	40	\N	\N	1407	\N	\N	\N
95	f	\N	\N	26	\N	\N	1407	\N	\N	\N
96	f	\N	\N	31	\N	\N	1407	\N	\N	\N
107	f	\N	\N	58	\N	\N	1408	\N	\N	\N
108	f	\N	\N	59	\N	\N	1408	\N	\N	\N
114	f	\N	\N	97	\N	\N	1410	\N	\N	\N
135	f	\N	\N	20	\N	\N	1411	\N	\N	\N
136	f	\N	\N	18	\N	\N	1411	\N	\N	\N
137	f	\N	\N	19	\N	\N	1411	\N	\N	\N
138	f	\N	\N	24	\N	\N	1411	\N	\N	\N
3	f	\N	\N	98	2	\N	561	5	\N	\N
4	f	\N	\N	98	2	\N	841	5	\N	\N
5	f	\N	\N	98	2	\N	1121	5	\N	\N
7	f	\N	\N	41	2	\N	2	5	\N	\N
9	f	\N	\N	41	2	\N	282	5	\N	\N
10	f	\N	\N	3	2	\N	282	5	\N	\N
11	f	\N	\N	41	2	\N	562	5	\N	\N
12	f	\N	\N	3	2	\N	562	5	\N	\N
14	f	\N	\N	3	2	\N	842	5	\N	\N
15	f	\N	\N	41	2	\N	1122	5	\N	\N
16	f	\N	\N	3	2	\N	1122	5	\N	\N
19	f	\N	\N	79	2	\N	3	5	\N	\N
21	f	\N	\N	79	2	\N	563	5	\N	\N
22	f	\N	\N	79	2	\N	843	5	\N	\N
23	f	\N	\N	79	2	\N	1123	5	\N	\N
25	f	\N	\N	110	2	\N	4	5	\N	\N
27	f	\N	\N	107	2	\N	4	5	\N	\N
28	f	\N	\N	104	2	\N	4	5	\N	\N
29	f	\N	\N	110	2	\N	284	5	\N	\N
30	f	\N	\N	109	2	\N	284	5	\N	\N
32	f	\N	\N	104	2	\N	284	5	\N	\N
33	f	\N	\N	110	2	\N	564	5	\N	\N
34	f	\N	\N	109	2	\N	564	5	\N	\N
35	f	\N	\N	107	2	\N	564	5	\N	\N
37	f	\N	\N	110	2	\N	844	5	\N	\N
38	f	\N	\N	109	2	\N	844	5	\N	\N
39	f	\N	\N	107	2	\N	844	5	\N	\N
40	f	\N	\N	104	2	\N	844	5	\N	\N
42	f	\N	\N	109	2	\N	1124	5	\N	\N
43	f	\N	\N	107	2	\N	1124	5	\N	\N
44	f	\N	\N	104	2	\N	1124	5	\N	\N
49	f	\N	\N	101	2	\N	5	7	\N	\N
51	f	\N	\N	101	2	\N	565	7	\N	\N
52	f	\N	\N	101	2	\N	845	7	\N	\N
53	f	\N	\N	101	2	\N	1125	7	\N	\N
55	f	\N	\N	20	2	\N	6	7	\N	\N
57	f	\N	\N	8	2	\N	6	7	\N	\N
58	f	\N	\N	19	2	\N	6	7	\N	\N
59	f	\N	\N	20	2	\N	286	7	\N	\N
60	f	\N	\N	24	2	\N	286	7	\N	\N
62	f	\N	\N	19	2	\N	286	7	\N	\N
63	f	\N	\N	20	2	\N	566	7	\N	\N
64	f	\N	\N	24	2	\N	566	7	\N	\N
65	f	\N	\N	8	2	\N	566	7	\N	\N
67	f	\N	\N	20	2	\N	846	7	\N	\N
68	f	\N	\N	24	2	\N	846	7	\N	\N
69	f	\N	\N	8	2	\N	846	7	\N	\N
70	f	\N	\N	19	2	\N	846	7	\N	\N
72	f	\N	\N	24	2	\N	1126	7	\N	\N
73	f	\N	\N	8	2	\N	1126	7	\N	\N
74	f	\N	\N	19	2	\N	1126	7	\N	\N
79	f	\N	\N	40	2	\N	7	7	\N	\N
81	f	\N	\N	31	2	\N	7	7	\N	\N
82	f	\N	\N	40	2	\N	287	7	\N	\N
83	f	\N	\N	26	2	\N	287	7	\N	\N
84	f	\N	\N	31	2	\N	287	7	\N	\N
86	f	\N	\N	26	2	\N	567	7	\N	\N
87	f	\N	\N	31	2	\N	567	7	\N	\N
88	f	\N	\N	40	2	\N	847	7	\N	\N
89	f	\N	\N	26	2	\N	847	7	\N	\N
91	f	\N	\N	40	2	\N	1127	7	\N	\N
92	f	\N	\N	26	2	\N	1127	7	\N	\N
93	f	\N	\N	31	2	\N	1127	7	\N	\N
97	f	\N	\N	58	2	\N	8	7	\N	\N
99	f	\N	\N	58	2	\N	288	7	\N	\N
100	f	\N	\N	59	2	\N	288	7	\N	\N
101	f	\N	\N	58	2	\N	568	7	\N	\N
102	f	\N	\N	59	2	\N	568	7	\N	\N
104	f	\N	\N	59	2	\N	848	7	\N	\N
105	f	\N	\N	58	2	\N	1128	7	\N	\N
106	f	\N	\N	59	2	\N	1128	7	\N	\N
109	f	\N	\N	97	2	\N	10	9	\N	\N
111	f	\N	\N	97	2	\N	570	9	\N	\N
112	f	\N	\N	97	2	\N	850	9	\N	\N
113	f	\N	\N	97	2	\N	1130	9	\N	\N
115	f	\N	\N	20	2	\N	11	9	\N	\N
117	f	\N	\N	19	2	\N	11	9	\N	\N
118	f	\N	\N	24	2	\N	11	9	\N	\N
119	f	\N	\N	20	2	\N	291	9	\N	\N
120	f	\N	\N	18	2	\N	291	9	\N	\N
122	f	\N	\N	24	2	\N	291	9	\N	\N
123	f	\N	\N	20	2	\N	571	9	\N	\N
124	f	\N	\N	18	2	\N	571	9	\N	\N
125	f	\N	\N	19	2	\N	571	9	\N	\N
127	f	\N	\N	20	2	\N	851	9	\N	\N
128	f	\N	\N	18	2	\N	851	9	\N	\N
129	f	\N	\N	19	2	\N	851	9	\N	\N
130	f	\N	\N	24	2	\N	851	9	\N	\N
132	f	\N	\N	18	2	\N	1131	9	\N	\N
133	f	\N	\N	19	2	\N	1131	9	\N	\N
134	f	\N	\N	24	2	\N	1131	9	\N	\N
139	f	\N	\N	121	2	\N	12	9	\N	\N
141	f	\N	\N	120	2	\N	12	9	\N	\N
142	f	\N	\N	116	2	\N	12	9	\N	\N
143	f	\N	\N	121	2	\N	292	9	\N	\N
144	f	\N	\N	119	2	\N	292	9	\N	\N
146	f	\N	\N	116	2	\N	292	9	\N	\N
147	f	\N	\N	121	2	\N	572	9	\N	\N
148	f	\N	\N	119	2	\N	572	9	\N	\N
149	f	\N	\N	120	2	\N	572	9	\N	\N
151	f	\N	\N	121	2	\N	852	9	\N	\N
152	f	\N	\N	119	2	\N	852	9	\N	\N
153	f	\N	\N	120	2	\N	852	9	\N	\N
154	f	\N	\N	116	2	\N	852	9	\N	\N
156	f	\N	\N	119	2	\N	1132	9	\N	\N
157	f	\N	\N	120	2	\N	1132	9	\N	\N
1173	f	\N	\N	23	2	\N	646	3	\N	\N
159	f	\N	\N	121	\N	\N	1412	\N	\N	\N
160	f	\N	\N	119	\N	\N	1412	\N	\N	\N
161	f	\N	\N	120	\N	\N	1412	\N	\N	\N
162	f	\N	\N	116	\N	\N	1412	\N	\N	\N
168	f	\N	\N	25	\N	\N	1413	\N	\N	\N
184	f	\N	\N	111	\N	\N	1414	\N	\N	\N
185	f	\N	\N	104	\N	\N	1414	\N	\N	\N
186	f	\N	\N	107	\N	\N	1414	\N	\N	\N
192	f	\N	\N	61	\N	\N	1415	\N	\N	\N
213	f	\N	\N	45	\N	\N	1417	\N	\N	\N
214	f	\N	\N	56	\N	\N	1417	\N	\N	\N
215	f	\N	\N	46	\N	\N	1417	\N	\N	\N
216	f	\N	\N	58	\N	\N	1417	\N	\N	\N
232	f	\N	\N	93	\N	\N	1418	\N	\N	\N
233	f	\N	\N	84	\N	\N	1418	\N	\N	\N
234	f	\N	\N	63	\N	\N	1418	\N	\N	\N
255	f	\N	\N	14	\N	\N	1419	\N	\N	\N
256	f	\N	\N	13	\N	\N	1419	\N	\N	\N
257	f	\N	\N	25	\N	\N	1419	\N	\N	\N
258	f	\N	\N	18	\N	\N	1419	\N	\N	\N
279	f	\N	\N	60	\N	\N	1420	\N	\N	\N
280	f	\N	\N	71	\N	\N	1420	\N	\N	\N
281	f	\N	\N	68	\N	\N	1420	\N	\N	\N
282	f	\N	\N	62	\N	\N	1420	\N	\N	\N
298	f	\N	\N	1	\N	\N	1421	\N	\N	\N
299	f	\N	\N	9	\N	\N	1421	\N	\N	\N
300	f	\N	\N	3	\N	\N	1421	\N	\N	\N
311	f	\N	\N	32	\N	\N	1422	\N	\N	\N
312	f	\N	\N	38	\N	\N	1422	\N	\N	\N
164	f	\N	\N	25	2	\N	293	6	\N	\N
165	f	\N	\N	25	2	\N	573	6	\N	\N
166	f	\N	\N	25	2	\N	853	6	\N	\N
167	f	\N	\N	25	2	\N	1133	6	\N	\N
170	f	\N	\N	104	2	\N	14	6	\N	\N
171	f	\N	\N	107	2	\N	14	6	\N	\N
172	f	\N	\N	111	2	\N	294	6	\N	\N
173	f	\N	\N	104	2	\N	294	6	\N	\N
175	f	\N	\N	111	2	\N	574	6	\N	\N
176	f	\N	\N	104	2	\N	574	6	\N	\N
177	f	\N	\N	107	2	\N	574	6	\N	\N
178	f	\N	\N	111	2	\N	854	6	\N	\N
180	f	\N	\N	107	2	\N	854	6	\N	\N
181	f	\N	\N	111	2	\N	1134	6	\N	\N
182	f	\N	\N	104	2	\N	1134	6	\N	\N
183	f	\N	\N	107	2	\N	1134	6	\N	\N
188	f	\N	\N	61	2	\N	295	6	\N	\N
189	f	\N	\N	61	2	\N	575	6	\N	\N
190	f	\N	\N	61	2	\N	855	6	\N	\N
191	f	\N	\N	61	2	\N	1135	6	\N	\N
194	f	\N	\N	56	2	\N	17	8	\N	\N
195	f	\N	\N	46	2	\N	17	8	\N	\N
196	f	\N	\N	58	2	\N	17	8	\N	\N
197	f	\N	\N	45	2	\N	297	8	\N	\N
199	f	\N	\N	46	2	\N	297	8	\N	\N
200	f	\N	\N	58	2	\N	297	8	\N	\N
201	f	\N	\N	45	2	\N	577	8	\N	\N
202	f	\N	\N	56	2	\N	577	8	\N	\N
204	f	\N	\N	58	2	\N	577	8	\N	\N
205	f	\N	\N	45	2	\N	857	8	\N	\N
206	f	\N	\N	56	2	\N	857	8	\N	\N
207	f	\N	\N	46	2	\N	857	8	\N	\N
209	f	\N	\N	45	2	\N	1137	8	\N	\N
210	f	\N	\N	56	2	\N	1137	8	\N	\N
211	f	\N	\N	46	2	\N	1137	8	\N	\N
212	f	\N	\N	58	2	\N	1137	8	\N	\N
218	f	\N	\N	84	2	\N	18	8	\N	\N
219	f	\N	\N	63	2	\N	18	8	\N	\N
220	f	\N	\N	93	2	\N	298	8	\N	\N
221	f	\N	\N	84	2	\N	298	8	\N	\N
223	f	\N	\N	93	2	\N	578	8	\N	\N
224	f	\N	\N	84	2	\N	578	8	\N	\N
225	f	\N	\N	63	2	\N	578	8	\N	\N
226	f	\N	\N	93	2	\N	858	8	\N	\N
228	f	\N	\N	63	2	\N	858	8	\N	\N
229	f	\N	\N	93	2	\N	1138	8	\N	\N
230	f	\N	\N	84	2	\N	1138	8	\N	\N
231	f	\N	\N	63	2	\N	1138	8	\N	\N
236	f	\N	\N	13	2	\N	19	8	\N	\N
237	f	\N	\N	25	2	\N	19	8	\N	\N
238	f	\N	\N	18	2	\N	19	8	\N	\N
239	f	\N	\N	14	2	\N	299	8	\N	\N
241	f	\N	\N	25	2	\N	299	8	\N	\N
242	f	\N	\N	18	2	\N	299	8	\N	\N
243	f	\N	\N	14	2	\N	579	8	\N	\N
244	f	\N	\N	13	2	\N	579	8	\N	\N
246	f	\N	\N	18	2	\N	579	8	\N	\N
247	f	\N	\N	14	2	\N	859	8	\N	\N
248	f	\N	\N	13	2	\N	859	8	\N	\N
249	f	\N	\N	25	2	\N	859	8	\N	\N
251	f	\N	\N	14	2	\N	1139	8	\N	\N
252	f	\N	\N	13	2	\N	1139	8	\N	\N
253	f	\N	\N	25	2	\N	1139	8	\N	\N
254	f	\N	\N	18	2	\N	1139	8	\N	\N
260	f	\N	\N	71	2	\N	20	8	\N	\N
261	f	\N	\N	68	2	\N	20	8	\N	\N
262	f	\N	\N	62	2	\N	20	8	\N	\N
263	f	\N	\N	60	2	\N	300	8	\N	\N
265	f	\N	\N	68	2	\N	300	8	\N	\N
266	f	\N	\N	62	2	\N	300	8	\N	\N
267	f	\N	\N	60	2	\N	580	8	\N	\N
268	f	\N	\N	71	2	\N	580	8	\N	\N
270	f	\N	\N	62	2	\N	580	8	\N	\N
271	f	\N	\N	60	2	\N	860	8	\N	\N
272	f	\N	\N	71	2	\N	860	8	\N	\N
273	f	\N	\N	68	2	\N	860	8	\N	\N
275	f	\N	\N	60	2	\N	1140	8	\N	\N
276	f	\N	\N	71	2	\N	1140	8	\N	\N
277	f	\N	\N	68	2	\N	1140	8	\N	\N
278	f	\N	\N	62	2	\N	1140	8	\N	\N
284	f	\N	\N	9	2	\N	21	4	\N	\N
285	f	\N	\N	3	2	\N	21	4	\N	\N
286	f	\N	\N	1	2	\N	301	4	\N	\N
287	f	\N	\N	9	2	\N	301	4	\N	\N
289	f	\N	\N	1	2	\N	581	4	\N	\N
290	f	\N	\N	9	2	\N	581	4	\N	\N
291	f	\N	\N	3	2	\N	581	4	\N	\N
292	f	\N	\N	1	2	\N	861	4	\N	\N
294	f	\N	\N	3	2	\N	861	4	\N	\N
295	f	\N	\N	1	2	\N	1141	4	\N	\N
296	f	\N	\N	9	2	\N	1141	4	\N	\N
297	f	\N	\N	3	2	\N	1141	4	\N	\N
302	f	\N	\N	38	2	\N	22	4	\N	\N
303	f	\N	\N	32	2	\N	302	4	\N	\N
304	f	\N	\N	38	2	\N	302	4	\N	\N
305	f	\N	\N	32	2	\N	582	4	\N	\N
307	f	\N	\N	32	2	\N	862	4	\N	\N
308	f	\N	\N	38	2	\N	862	4	\N	\N
309	f	\N	\N	32	2	\N	1142	4	\N	\N
310	f	\N	\N	38	2	\N	1142	4	\N	\N
314	f	\N	\N	12	2	\N	24	4	\N	\N
1186	f	\N	\N	61	2	\N	927	3	\N	\N
450	f	\N	\N	188	3	\N	313	10	\N	\N
456	f	\N	\N	188	3	\N	873	10	\N	\N
459	f	\N	\N	188	3	\N	1153	10	\N	\N
464	f	\N	\N	146	3	\N	34	10	\N	\N
468	f	\N	\N	146	3	\N	314	10	\N	\N
470	f	\N	\N	141	3	\N	314	10	\N	\N
434	f	\N	\N	94	3	\N	32	3	\N	\N
438	f	\N	\N	94	3	\N	592	3	\N	\N
440	f	\N	\N	94	3	\N	872	3	\N	\N
442	f	\N	\N	94	3	\N	1152	3	\N	\N
333	f	\N	\N	8	\N	\N	1424	\N	\N	\N
334	f	\N	\N	12	\N	\N	1424	\N	\N	\N
335	f	\N	\N	20	\N	\N	1424	\N	\N	\N
336	f	\N	\N	14	\N	\N	1424	\N	\N	\N
347	f	\N	\N	125	\N	\N	1425	\N	\N	\N
348	f	\N	\N	118	\N	\N	1425	\N	\N	\N
359	f	\N	\N	120	\N	\N	1426	\N	\N	\N
360	f	\N	\N	114	\N	\N	1426	\N	\N	\N
366	f	\N	\N	125	\N	\N	1427	\N	\N	\N
387	f	\N	\N	28	\N	\N	1428	\N	\N	\N
388	f	\N	\N	30	\N	\N	1428	\N	\N	\N
389	f	\N	\N	34	\N	\N	1428	\N	\N	\N
390	f	\N	\N	32	\N	\N	1428	\N	\N	\N
406	f	\N	\N	63	\N	\N	1429	\N	\N	\N
407	f	\N	\N	61	\N	\N	1429	\N	\N	\N
408	f	\N	\N	67	\N	\N	1429	\N	\N	\N
429	f	\N	\N	101	\N	\N	1431	\N	\N	\N
430	f	\N	\N	111	\N	\N	1431	\N	\N	\N
431	f	\N	\N	106	\N	\N	1431	\N	\N	\N
432	f	\N	\N	107	\N	\N	1431	\N	\N	\N
443	f	\N	\N	100	\N	\N	1432	\N	\N	\N
444	f	\N	\N	94	\N	\N	1432	\N	\N	\N
460	f	\N	\N	192	\N	\N	1433	\N	\N	\N
461	f	\N	\N	186	\N	\N	1433	\N	\N	\N
462	f	\N	\N	188	\N	\N	1433	\N	\N	\N
317	f	\N	\N	8	2	\N	304	4	\N	\N
318	f	\N	\N	12	2	\N	304	4	\N	\N
319	f	\N	\N	20	2	\N	304	4	\N	\N
320	f	\N	\N	14	2	\N	304	4	\N	\N
322	f	\N	\N	12	2	\N	584	4	\N	\N
323	f	\N	\N	20	2	\N	584	4	\N	\N
324	f	\N	\N	14	2	\N	584	4	\N	\N
325	f	\N	\N	8	2	\N	864	4	\N	\N
327	f	\N	\N	20	2	\N	864	4	\N	\N
328	f	\N	\N	14	2	\N	864	4	\N	\N
329	f	\N	\N	8	2	\N	1144	4	\N	\N
330	f	\N	\N	12	2	\N	1144	4	\N	\N
332	f	\N	\N	14	2	\N	1144	4	\N	\N
337	f	\N	\N	125	2	\N	25	2	\N	\N
338	f	\N	\N	118	2	\N	25	2	\N	\N
339	f	\N	\N	125	2	\N	305	2	\N	\N
341	f	\N	\N	125	2	\N	585	2	\N	\N
342	f	\N	\N	118	2	\N	585	2	\N	\N
343	f	\N	\N	125	2	\N	865	2	\N	\N
344	f	\N	\N	118	2	\N	865	2	\N	\N
346	f	\N	\N	118	2	\N	1145	2	\N	\N
349	f	\N	\N	120	2	\N	26	2	\N	\N
350	f	\N	\N	114	2	\N	26	2	\N	\N
351	f	\N	\N	120	2	\N	306	2	\N	\N
353	f	\N	\N	120	2	\N	586	2	\N	\N
354	f	\N	\N	114	2	\N	586	2	\N	\N
355	f	\N	\N	120	2	\N	866	2	\N	\N
356	f	\N	\N	114	2	\N	866	2	\N	\N
358	f	\N	\N	114	2	\N	1146	2	\N	\N
361	f	\N	\N	125	2	\N	27	2	\N	\N
362	f	\N	\N	125	2	\N	307	2	\N	\N
363	f	\N	\N	125	2	\N	587	2	\N	\N
365	f	\N	\N	125	2	\N	1147	2	\N	\N
367	f	\N	\N	28	2	\N	28	2	\N	\N
368	f	\N	\N	30	2	\N	28	2	\N	\N
369	f	\N	\N	34	2	\N	28	2	\N	\N
371	f	\N	\N	28	2	\N	308	2	\N	\N
372	f	\N	\N	30	2	\N	308	2	\N	\N
373	f	\N	\N	34	2	\N	308	2	\N	\N
374	f	\N	\N	32	2	\N	308	2	\N	\N
376	f	\N	\N	30	2	\N	588	2	\N	\N
377	f	\N	\N	34	2	\N	588	2	\N	\N
378	f	\N	\N	32	2	\N	588	2	\N	\N
379	f	\N	\N	28	2	\N	868	2	\N	\N
381	f	\N	\N	34	2	\N	868	2	\N	\N
382	f	\N	\N	32	2	\N	868	2	\N	\N
383	f	\N	\N	28	2	\N	1148	2	\N	\N
384	f	\N	\N	30	2	\N	1148	2	\N	\N
386	f	\N	\N	32	2	\N	1148	2	\N	\N
391	f	\N	\N	63	2	\N	29	3	\N	\N
392	f	\N	\N	61	2	\N	29	3	\N	\N
393	f	\N	\N	67	2	\N	29	3	\N	\N
395	f	\N	\N	61	2	\N	309	3	\N	\N
396	f	\N	\N	67	2	\N	309	3	\N	\N
397	f	\N	\N	63	2	\N	589	3	\N	\N
398	f	\N	\N	61	2	\N	589	3	\N	\N
400	f	\N	\N	63	2	\N	869	3	\N	\N
401	f	\N	\N	61	2	\N	869	3	\N	\N
402	f	\N	\N	67	2	\N	869	3	\N	\N
403	f	\N	\N	63	2	\N	1149	3	\N	\N
405	f	\N	\N	67	2	\N	1149	3	\N	\N
409	f	\N	\N	101	2	\N	31	3	\N	\N
410	f	\N	\N	111	2	\N	31	3	\N	\N
411	f	\N	\N	106	2	\N	31	3	\N	\N
413	f	\N	\N	101	2	\N	311	3	\N	\N
414	f	\N	\N	111	2	\N	311	3	\N	\N
415	f	\N	\N	106	2	\N	311	3	\N	\N
416	f	\N	\N	107	2	\N	311	3	\N	\N
418	f	\N	\N	111	2	\N	591	3	\N	\N
419	f	\N	\N	106	2	\N	591	3	\N	\N
420	f	\N	\N	107	2	\N	591	3	\N	\N
421	f	\N	\N	101	2	\N	871	3	\N	\N
423	f	\N	\N	106	2	\N	871	3	\N	\N
424	f	\N	\N	107	2	\N	871	3	\N	\N
425	f	\N	\N	101	2	\N	1151	3	\N	\N
426	f	\N	\N	111	2	\N	1151	3	\N	\N
428	f	\N	\N	107	2	\N	1151	3	\N	\N
433	f	\N	\N	100	2	\N	32	3	\N	\N
435	f	\N	\N	100	2	\N	312	3	\N	\N
437	f	\N	\N	100	2	\N	592	3	\N	\N
439	f	\N	\N	100	2	\N	872	3	\N	\N
445	f	\N	\N	192	2	\N	33	10	\N	\N
446	f	\N	\N	186	2	\N	33	10	\N	\N
449	f	\N	\N	186	2	\N	313	10	\N	\N
451	f	\N	\N	192	2	\N	593	10	\N	\N
452	f	\N	\N	186	2	\N	593	10	\N	\N
454	f	\N	\N	192	2	\N	873	10	\N	\N
455	f	\N	\N	186	2	\N	873	10	\N	\N
457	f	\N	\N	192	2	\N	1153	10	\N	\N
463	f	\N	\N	163	2	\N	34	10	\N	\N
465	f	\N	\N	164	2	\N	34	10	\N	\N
467	f	\N	\N	163	2	\N	314	10	\N	\N
469	f	\N	\N	164	2	\N	314	10	\N	\N
615	f	\N	\N	146	3	\N	606	13	\N	\N
476	f	\N	\N	146	3	\N	874	10	\N	\N
616	f	\N	\N	146	3	\N	886	13	\N	\N
480	f	\N	\N	146	3	\N	1154	10	\N	\N
617	f	\N	\N	146	3	\N	1166	13	\N	\N
474	f	\N	\N	141	3	\N	594	10	\N	\N
482	f	\N	\N	141	3	\N	1154	10	\N	\N
525	f	\N	\N	209	3	\N	317	11	\N	\N
527	f	\N	\N	209	3	\N	597	11	\N	\N
529	f	\N	\N	209	3	\N	877	11	\N	\N
531	f	\N	\N	209	3	\N	1157	11	\N	\N
483	f	\N	\N	163	\N	\N	1434	\N	\N	\N
484	f	\N	\N	146	\N	\N	1434	\N	\N	\N
485	f	\N	\N	164	\N	\N	1434	\N	\N	\N
486	f	\N	\N	141	\N	\N	1434	\N	\N	\N
542	f	\N	\N	198	3	\N	39	11	\N	\N
545	f	\N	\N	198	3	\N	319	11	\N	\N
548	f	\N	\N	198	3	\N	599	11	\N	\N
554	f	\N	\N	198	3	\N	1159	11	\N	\N
507	f	\N	\N	161	\N	\N	1435	\N	\N	\N
508	f	\N	\N	152	\N	\N	1435	\N	\N	\N
509	f	\N	\N	143	\N	\N	1435	\N	\N	\N
510	f	\N	\N	148	\N	\N	1435	\N	\N	\N
521	f	\N	\N	191	\N	\N	1436	\N	\N	\N
522	f	\N	\N	208	\N	\N	1436	\N	\N	\N
533	f	\N	\N	209	\N	\N	1437	\N	\N	\N
534	f	\N	\N	219	\N	\N	1437	\N	\N	\N
540	f	\N	\N	212	\N	\N	1438	\N	\N	\N
556	f	\N	\N	213	\N	\N	1439	\N	\N	\N
557	f	\N	\N	198	\N	\N	1439	\N	\N	\N
558	f	\N	\N	176	\N	\N	1439	\N	\N	\N
569	f	\N	\N	201	\N	\N	1440	\N	\N	\N
570	f	\N	\N	211	\N	\N	1440	\N	\N	\N
581	f	\N	\N	172	\N	\N	1442	\N	\N	\N
582	f	\N	\N	224	\N	\N	1442	\N	\N	\N
603	f	\N	\N	159	\N	\N	1443	\N	\N	\N
604	f	\N	\N	164	\N	\N	1443	\N	\N	\N
605	f	\N	\N	128	\N	\N	1443	\N	\N	\N
606	f	\N	\N	137	\N	\N	1443	\N	\N	\N
612	f	\N	\N	155	\N	\N	1445	\N	\N	\N
618	f	\N	\N	146	\N	\N	1446	\N	\N	\N
475	f	\N	\N	163	2	\N	874	10	\N	\N
477	f	\N	\N	164	2	\N	874	10	\N	\N
479	f	\N	\N	163	2	\N	1154	10	\N	\N
481	f	\N	\N	164	2	\N	1154	10	\N	\N
488	f	\N	\N	152	2	\N	35	10	\N	\N
489	f	\N	\N	143	2	\N	35	10	\N	\N
490	f	\N	\N	148	2	\N	35	10	\N	\N
491	f	\N	\N	161	2	\N	315	10	\N	\N
493	f	\N	\N	143	2	\N	315	10	\N	\N
494	f	\N	\N	148	2	\N	315	10	\N	\N
495	f	\N	\N	161	2	\N	595	10	\N	\N
496	f	\N	\N	152	2	\N	595	10	\N	\N
498	f	\N	\N	148	2	\N	595	10	\N	\N
499	f	\N	\N	161	2	\N	875	10	\N	\N
500	f	\N	\N	152	2	\N	875	10	\N	\N
501	f	\N	\N	143	2	\N	875	10	\N	\N
503	f	\N	\N	161	2	\N	1155	10	\N	\N
504	f	\N	\N	152	2	\N	1155	10	\N	\N
505	f	\N	\N	143	2	\N	1155	10	\N	\N
506	f	\N	\N	148	2	\N	1155	10	\N	\N
512	f	\N	\N	208	2	\N	36	10	\N	\N
513	f	\N	\N	191	2	\N	316	10	\N	\N
514	f	\N	\N	208	2	\N	316	10	\N	\N
515	f	\N	\N	191	2	\N	596	10	\N	\N
517	f	\N	\N	191	2	\N	876	10	\N	\N
518	f	\N	\N	208	2	\N	876	10	\N	\N
519	f	\N	\N	191	2	\N	1156	10	\N	\N
520	f	\N	\N	208	2	\N	1156	10	\N	\N
524	f	\N	\N	219	2	\N	37	11	\N	\N
526	f	\N	\N	219	2	\N	317	11	\N	\N
530	f	\N	\N	219	2	\N	877	11	\N	\N
532	f	\N	\N	219	2	\N	1157	11	\N	\N
536	f	\N	\N	212	2	\N	318	11	\N	\N
537	f	\N	\N	212	2	\N	598	11	\N	\N
538	f	\N	\N	212	2	\N	878	11	\N	\N
539	f	\N	\N	212	2	\N	1158	11	\N	\N
543	f	\N	\N	176	2	\N	39	11	\N	\N
544	f	\N	\N	213	2	\N	319	11	\N	\N
547	f	\N	\N	213	2	\N	599	11	\N	\N
549	f	\N	\N	176	2	\N	599	11	\N	\N
550	f	\N	\N	213	2	\N	879	11	\N	\N
552	f	\N	\N	176	2	\N	879	11	\N	\N
553	f	\N	\N	213	2	\N	1159	11	\N	\N
555	f	\N	\N	176	2	\N	1159	11	\N	\N
560	f	\N	\N	211	2	\N	40	11	\N	\N
561	f	\N	\N	201	2	\N	320	11	\N	\N
562	f	\N	\N	211	2	\N	320	11	\N	\N
563	f	\N	\N	201	2	\N	600	11	\N	\N
565	f	\N	\N	201	2	\N	880	11	\N	\N
566	f	\N	\N	211	2	\N	880	11	\N	\N
567	f	\N	\N	201	2	\N	1160	11	\N	\N
568	f	\N	\N	211	2	\N	1160	11	\N	\N
572	f	\N	\N	224	2	\N	42	15	\N	\N
573	f	\N	\N	172	2	\N	322	15	\N	\N
574	f	\N	\N	224	2	\N	322	15	\N	\N
575	f	\N	\N	172	2	\N	602	15	\N	\N
577	f	\N	\N	172	2	\N	882	15	\N	\N
578	f	\N	\N	224	2	\N	882	15	\N	\N
579	f	\N	\N	172	2	\N	1162	15	\N	\N
580	f	\N	\N	224	2	\N	1162	15	\N	\N
584	f	\N	\N	164	2	\N	43	15	\N	\N
585	f	\N	\N	128	2	\N	43	15	\N	\N
586	f	\N	\N	137	2	\N	43	15	\N	\N
587	f	\N	\N	159	2	\N	323	15	\N	\N
589	f	\N	\N	128	2	\N	323	15	\N	\N
590	f	\N	\N	137	2	\N	323	15	\N	\N
591	f	\N	\N	159	2	\N	603	15	\N	\N
592	f	\N	\N	164	2	\N	603	15	\N	\N
594	f	\N	\N	137	2	\N	603	15	\N	\N
595	f	\N	\N	159	2	\N	883	15	\N	\N
596	f	\N	\N	164	2	\N	883	15	\N	\N
597	f	\N	\N	128	2	\N	883	15	\N	\N
599	f	\N	\N	159	2	\N	1163	15	\N	\N
600	f	\N	\N	164	2	\N	1163	15	\N	\N
601	f	\N	\N	128	2	\N	1163	15	\N	\N
602	f	\N	\N	137	2	\N	1163	15	\N	\N
608	f	\N	\N	155	2	\N	325	13	\N	\N
609	f	\N	\N	155	2	\N	605	13	\N	\N
610	f	\N	\N	155	2	\N	885	13	\N	\N
611	f	\N	\N	155	2	\N	1165	13	\N	\N
620	f	\N	\N	176	2	\N	47	13	\N	\N
621	f	\N	\N	169	2	\N	47	13	\N	\N
622	f	\N	\N	178	2	\N	327	13	\N	\N
623	f	\N	\N	176	2	\N	327	13	\N	\N
625	f	\N	\N	178	2	\N	607	13	\N	\N
626	f	\N	\N	176	2	\N	607	13	\N	\N
627	f	\N	\N	169	2	\N	607	13	\N	\N
628	f	\N	\N	178	2	\N	887	13	\N	\N
732	f	\N	\N	88	3	\N	337	5	\N	\N
736	f	\N	\N	88	3	\N	617	5	\N	\N
741	f	\N	\N	70	3	\N	897	5	\N	\N
737	f	\N	\N	70	3	\N	617	5	\N	\N
729	f	\N	\N	70	3	\N	57	5	\N	\N
634	f	\N	\N	178	\N	\N	1447	\N	\N	\N
635	f	\N	\N	176	\N	\N	1447	\N	\N	\N
636	f	\N	\N	169	\N	\N	1447	\N	\N	\N
782	f	\N	\N	2	3	\N	61	7	\N	\N
784	f	\N	\N	2	3	\N	341	7	\N	\N
647	f	\N	\N	127	\N	\N	1448	\N	\N	\N
648	f	\N	\N	131	\N	\N	1448	\N	\N	\N
654	f	\N	\N	220	\N	\N	1449	\N	\N	\N
660	f	\N	\N	172	\N	\N	1451	\N	\N	\N
676	f	\N	\N	140	\N	\N	1452	\N	\N	\N
677	f	\N	\N	139	\N	\N	1452	\N	\N	\N
678	f	\N	\N	156	\N	\N	1452	\N	\N	\N
699	f	\N	\N	129	\N	\N	1453	\N	\N	\N
700	f	\N	\N	160	\N	\N	1453	\N	\N	\N
701	f	\N	\N	126	\N	\N	1453	\N	\N	\N
702	f	\N	\N	148	\N	\N	1453	\N	\N	\N
718	f	\N	\N	213	\N	\N	1454	\N	\N	\N
719	f	\N	\N	211	\N	\N	1454	\N	\N	\N
720	f	\N	\N	167	\N	\N	1454	\N	\N	\N
726	f	\N	\N	200	\N	\N	1456	\N	\N	\N
743	f	\N	\N	65	\N	\N	1177	\N	\N	\N
744	f	\N	\N	88	\N	\N	1177	\N	\N	\N
745	f	\N	\N	70	\N	\N	1177	\N	\N	\N
746	f	\N	\N	85	\N	\N	1177	\N	\N	\N
747	f	\N	\N	65	\N	\N	1457	\N	\N	\N
748	f	\N	\N	88	\N	\N	1457	\N	\N	\N
749	f	\N	\N	70	\N	\N	1457	\N	\N	\N
750	f	\N	\N	85	\N	\N	1457	\N	\N	\N
767	f	\N	\N	18	\N	\N	1178	\N	\N	\N
768	f	\N	\N	26	\N	\N	1178	\N	\N	\N
769	f	\N	\N	35	\N	\N	1178	\N	\N	\N
770	f	\N	\N	28	\N	\N	1178	\N	\N	\N
771	f	\N	\N	18	\N	\N	1458	\N	\N	\N
772	f	\N	\N	26	\N	\N	1458	\N	\N	\N
773	f	\N	\N	35	\N	\N	1458	\N	\N	\N
774	f	\N	\N	28	\N	\N	1458	\N	\N	\N
779	f	\N	\N	52	\N	\N	1180	\N	\N	\N
780	f	\N	\N	52	\N	\N	1460	\N	\N	\N
631	f	\N	\N	178	2	\N	1167	13	\N	\N
632	f	\N	\N	176	2	\N	1167	13	\N	\N
633	f	\N	\N	169	2	\N	1167	13	\N	\N
637	f	\N	\N	127	2	\N	48	13	\N	\N
639	f	\N	\N	127	2	\N	328	13	\N	\N
640	f	\N	\N	131	2	\N	328	13	\N	\N
641	f	\N	\N	127	2	\N	608	13	\N	\N
642	f	\N	\N	131	2	\N	608	13	\N	\N
644	f	\N	\N	131	2	\N	888	13	\N	\N
645	f	\N	\N	127	2	\N	1168	13	\N	\N
646	f	\N	\N	131	2	\N	1168	13	\N	\N
649	f	\N	\N	220	2	\N	49	14	\N	\N
651	f	\N	\N	220	2	\N	609	14	\N	\N
652	f	\N	\N	220	2	\N	889	14	\N	\N
653	f	\N	\N	220	2	\N	1169	14	\N	\N
655	f	\N	\N	172	2	\N	51	14	\N	\N
657	f	\N	\N	172	2	\N	611	14	\N	\N
658	f	\N	\N	172	2	\N	891	14	\N	\N
659	f	\N	\N	172	2	\N	1171	14	\N	\N
661	f	\N	\N	140	2	\N	52	14	\N	\N
663	f	\N	\N	156	2	\N	52	14	\N	\N
664	f	\N	\N	140	2	\N	332	14	\N	\N
665	f	\N	\N	139	2	\N	332	14	\N	\N
666	f	\N	\N	156	2	\N	332	14	\N	\N
668	f	\N	\N	139	2	\N	612	14	\N	\N
669	f	\N	\N	156	2	\N	612	14	\N	\N
670	f	\N	\N	140	2	\N	892	14	\N	\N
671	f	\N	\N	139	2	\N	892	14	\N	\N
673	f	\N	\N	140	2	\N	1172	14	\N	\N
674	f	\N	\N	139	2	\N	1172	14	\N	\N
675	f	\N	\N	156	2	\N	1172	14	\N	\N
679	f	\N	\N	129	2	\N	53	12	\N	\N
681	f	\N	\N	126	2	\N	53	12	\N	\N
682	f	\N	\N	148	2	\N	53	12	\N	\N
683	f	\N	\N	129	2	\N	333	12	\N	\N
684	f	\N	\N	160	2	\N	333	12	\N	\N
686	f	\N	\N	148	2	\N	333	12	\N	\N
687	f	\N	\N	129	2	\N	613	12	\N	\N
688	f	\N	\N	160	2	\N	613	12	\N	\N
689	f	\N	\N	126	2	\N	613	12	\N	\N
691	f	\N	\N	129	2	\N	893	12	\N	\N
692	f	\N	\N	160	2	\N	893	12	\N	\N
693	f	\N	\N	126	2	\N	893	12	\N	\N
694	f	\N	\N	148	2	\N	893	12	\N	\N
696	f	\N	\N	160	2	\N	1173	12	\N	\N
697	f	\N	\N	126	2	\N	1173	12	\N	\N
698	f	\N	\N	148	2	\N	1173	12	\N	\N
703	f	\N	\N	213	2	\N	54	12	\N	\N
705	f	\N	\N	167	2	\N	54	12	\N	\N
706	f	\N	\N	213	2	\N	334	12	\N	\N
707	f	\N	\N	211	2	\N	334	12	\N	\N
708	f	\N	\N	167	2	\N	334	12	\N	\N
710	f	\N	\N	211	2	\N	614	12	\N	\N
711	f	\N	\N	167	2	\N	614	12	\N	\N
712	f	\N	\N	213	2	\N	894	12	\N	\N
713	f	\N	\N	211	2	\N	894	12	\N	\N
715	f	\N	\N	213	2	\N	1174	12	\N	\N
716	f	\N	\N	211	2	\N	1174	12	\N	\N
717	f	\N	\N	167	2	\N	1174	12	\N	\N
721	f	\N	\N	200	2	\N	56	12	\N	\N
723	f	\N	\N	200	2	\N	616	12	\N	\N
724	f	\N	\N	200	2	\N	896	12	\N	\N
725	f	\N	\N	200	2	\N	1176	12	\N	\N
727	f	\N	\N	65	2	\N	57	5	\N	\N
730	f	\N	\N	85	2	\N	57	5	\N	\N
731	f	\N	\N	65	2	\N	337	5	\N	\N
734	f	\N	\N	85	2	\N	337	5	\N	\N
735	f	\N	\N	65	2	\N	617	5	\N	\N
739	f	\N	\N	65	2	\N	897	5	\N	\N
742	f	\N	\N	85	2	\N	897	5	\N	\N
752	f	\N	\N	26	2	\N	58	5	\N	\N
753	f	\N	\N	35	2	\N	58	5	\N	\N
754	f	\N	\N	28	2	\N	58	5	\N	\N
755	f	\N	\N	18	2	\N	338	5	\N	\N
757	f	\N	\N	35	2	\N	338	5	\N	\N
758	f	\N	\N	28	2	\N	338	5	\N	\N
759	f	\N	\N	18	2	\N	618	5	\N	\N
760	f	\N	\N	26	2	\N	618	5	\N	\N
762	f	\N	\N	28	2	\N	618	5	\N	\N
763	f	\N	\N	18	2	\N	898	5	\N	\N
764	f	\N	\N	26	2	\N	898	5	\N	\N
765	f	\N	\N	35	2	\N	898	5	\N	\N
775	f	\N	\N	52	2	\N	60	5	\N	\N
776	f	\N	\N	52	2	\N	340	5	\N	\N
777	f	\N	\N	52	2	\N	620	5	\N	\N
778	f	\N	\N	52	2	\N	900	5	\N	\N
783	f	\N	\N	18	2	\N	341	7	\N	\N
785	f	\N	\N	18	2	\N	621	7	\N	\N
1197	f	\N	\N	167	2	\N	369	10	\N	\N
881	f	\N	\N	70	3	\N	628	9	\N	\N
885	f	\N	\N	70	3	\N	908	9	\N	\N
789	f	\N	\N	18	\N	\N	1181	\N	\N	\N
790	f	\N	\N	2	\N	\N	1181	\N	\N	\N
791	f	\N	\N	18	\N	\N	1461	\N	\N	\N
792	f	\N	\N	2	\N	\N	1461	\N	\N	\N
898	f	\N	\N	7	3	\N	70	6	\N	\N
902	f	\N	\N	7	3	\N	350	6	\N	\N
906	f	\N	\N	7	3	\N	630	6	\N	\N
788	f	\N	\N	2	3	\N	901	7	\N	\N
809	f	\N	\N	125	\N	\N	1183	\N	\N	\N
810	f	\N	\N	115	\N	\N	1183	\N	\N	\N
811	f	\N	\N	113	\N	\N	1183	\N	\N	\N
812	f	\N	\N	116	\N	\N	1183	\N	\N	\N
813	f	\N	\N	125	\N	\N	1463	\N	\N	\N
814	f	\N	\N	115	\N	\N	1463	\N	\N	\N
815	f	\N	\N	113	\N	\N	1463	\N	\N	\N
816	f	\N	\N	116	\N	\N	1463	\N	\N	\N
829	f	\N	\N	12	\N	\N	1184	\N	\N	\N
830	f	\N	\N	49	\N	\N	1184	\N	\N	\N
831	f	\N	\N	56	\N	\N	1184	\N	\N	\N
832	f	\N	\N	12	\N	\N	1464	\N	\N	\N
833	f	\N	\N	49	\N	\N	1464	\N	\N	\N
834	f	\N	\N	56	\N	\N	1464	\N	\N	\N
839	f	\N	\N	97	\N	\N	1185	\N	\N	\N
840	f	\N	\N	97	\N	\N	1465	\N	\N	\N
853	f	\N	\N	105	\N	\N	1186	\N	\N	\N
854	f	\N	\N	108	\N	\N	1186	\N	\N	\N
855	f	\N	\N	101	\N	\N	1186	\N	\N	\N
856	f	\N	\N	105	\N	\N	1466	\N	\N	\N
857	f	\N	\N	108	\N	\N	1466	\N	\N	\N
858	f	\N	\N	101	\N	\N	1466	\N	\N	\N
867	f	\N	\N	102	\N	\N	1187	\N	\N	\N
868	f	\N	\N	106	\N	\N	1187	\N	\N	\N
869	f	\N	\N	102	\N	\N	1467	\N	\N	\N
870	f	\N	\N	106	\N	\N	1467	\N	\N	\N
887	f	\N	\N	71	\N	\N	1188	\N	\N	\N
888	f	\N	\N	66	\N	\N	1188	\N	\N	\N
889	f	\N	\N	70	\N	\N	1188	\N	\N	\N
890	f	\N	\N	72	\N	\N	1188	\N	\N	\N
891	f	\N	\N	71	\N	\N	1468	\N	\N	\N
892	f	\N	\N	66	\N	\N	1468	\N	\N	\N
893	f	\N	\N	70	\N	\N	1468	\N	\N	\N
894	f	\N	\N	72	\N	\N	1468	\N	\N	\N
911	f	\N	\N	38	\N	\N	1190	\N	\N	\N
912	f	\N	\N	28	\N	\N	1190	\N	\N	\N
913	f	\N	\N	1	\N	\N	1190	\N	\N	\N
914	f	\N	\N	7	\N	\N	1190	\N	\N	\N
915	f	\N	\N	38	\N	\N	1470	\N	\N	\N
916	f	\N	\N	28	\N	\N	1470	\N	\N	\N
917	f	\N	\N	1	\N	\N	1470	\N	\N	\N
918	f	\N	\N	7	\N	\N	1470	\N	\N	\N
935	f	\N	\N	48	\N	\N	1191	\N	\N	\N
936	f	\N	\N	45	\N	\N	1191	\N	\N	\N
937	f	\N	\N	57	\N	\N	1191	\N	\N	\N
938	f	\N	\N	46	\N	\N	1191	\N	\N	\N
939	f	\N	\N	48	\N	\N	1471	\N	\N	\N
940	f	\N	\N	45	\N	\N	1471	\N	\N	\N
941	f	\N	\N	57	\N	\N	1471	\N	\N	\N
942	f	\N	\N	46	\N	\N	1471	\N	\N	\N
793	f	\N	\N	125	2	\N	63	7	\N	\N
794	f	\N	\N	115	2	\N	63	7	\N	\N
795	f	\N	\N	113	2	\N	63	7	\N	\N
797	f	\N	\N	125	2	\N	343	7	\N	\N
798	f	\N	\N	115	2	\N	343	7	\N	\N
799	f	\N	\N	113	2	\N	343	7	\N	\N
800	f	\N	\N	116	2	\N	343	7	\N	\N
802	f	\N	\N	115	2	\N	623	7	\N	\N
803	f	\N	\N	113	2	\N	623	7	\N	\N
804	f	\N	\N	116	2	\N	623	7	\N	\N
805	f	\N	\N	125	2	\N	903	7	\N	\N
807	f	\N	\N	113	2	\N	903	7	\N	\N
808	f	\N	\N	116	2	\N	903	7	\N	\N
817	f	\N	\N	12	2	\N	64	7	\N	\N
818	f	\N	\N	49	2	\N	64	7	\N	\N
820	f	\N	\N	12	2	\N	344	7	\N	\N
821	f	\N	\N	49	2	\N	344	7	\N	\N
822	f	\N	\N	56	2	\N	344	7	\N	\N
823	f	\N	\N	12	2	\N	624	7	\N	\N
825	f	\N	\N	56	2	\N	624	7	\N	\N
826	f	\N	\N	12	2	\N	904	7	\N	\N
827	f	\N	\N	49	2	\N	904	7	\N	\N
828	f	\N	\N	56	2	\N	904	7	\N	\N
836	f	\N	\N	97	2	\N	345	9	\N	\N
837	f	\N	\N	97	2	\N	625	9	\N	\N
838	f	\N	\N	97	2	\N	905	9	\N	\N
841	f	\N	\N	105	2	\N	66	9	\N	\N
843	f	\N	\N	101	2	\N	66	9	\N	\N
844	f	\N	\N	105	2	\N	346	9	\N	\N
845	f	\N	\N	108	2	\N	346	9	\N	\N
846	f	\N	\N	101	2	\N	346	9	\N	\N
848	f	\N	\N	108	2	\N	626	9	\N	\N
849	f	\N	\N	101	2	\N	626	9	\N	\N
850	f	\N	\N	105	2	\N	906	9	\N	\N
851	f	\N	\N	108	2	\N	906	9	\N	\N
859	f	\N	\N	102	2	\N	67	9	\N	\N
860	f	\N	\N	106	2	\N	67	9	\N	\N
861	f	\N	\N	102	2	\N	347	9	\N	\N
862	f	\N	\N	106	2	\N	347	9	\N	\N
864	f	\N	\N	106	2	\N	627	9	\N	\N
865	f	\N	\N	102	2	\N	907	9	\N	\N
866	f	\N	\N	106	2	\N	907	9	\N	\N
871	f	\N	\N	71	2	\N	68	9	\N	\N
874	f	\N	\N	72	2	\N	68	9	\N	\N
875	f	\N	\N	71	2	\N	348	9	\N	\N
876	f	\N	\N	66	2	\N	348	9	\N	\N
878	f	\N	\N	72	2	\N	348	9	\N	\N
879	f	\N	\N	71	2	\N	628	9	\N	\N
880	f	\N	\N	66	2	\N	628	9	\N	\N
883	f	\N	\N	71	2	\N	908	9	\N	\N
884	f	\N	\N	66	2	\N	908	9	\N	\N
886	f	\N	\N	72	2	\N	908	9	\N	\N
896	f	\N	\N	28	2	\N	70	6	\N	\N
897	f	\N	\N	1	2	\N	70	6	\N	\N
899	f	\N	\N	38	2	\N	350	6	\N	\N
901	f	\N	\N	1	2	\N	350	6	\N	\N
903	f	\N	\N	38	2	\N	630	6	\N	\N
904	f	\N	\N	28	2	\N	630	6	\N	\N
907	f	\N	\N	38	2	\N	910	6	\N	\N
908	f	\N	\N	28	2	\N	910	6	\N	\N
909	f	\N	\N	1	2	\N	910	6	\N	\N
919	f	\N	\N	48	2	\N	71	6	\N	\N
920	f	\N	\N	45	2	\N	71	6	\N	\N
921	f	\N	\N	57	2	\N	71	6	\N	\N
922	f	\N	\N	46	2	\N	71	6	\N	\N
924	f	\N	\N	45	2	\N	351	6	\N	\N
925	f	\N	\N	57	2	\N	351	6	\N	\N
926	f	\N	\N	46	2	\N	351	6	\N	\N
927	f	\N	\N	48	2	\N	631	6	\N	\N
929	f	\N	\N	57	2	\N	631	6	\N	\N
930	f	\N	\N	46	2	\N	631	6	\N	\N
931	f	\N	\N	48	2	\N	911	6	\N	\N
932	f	\N	\N	45	2	\N	911	6	\N	\N
934	f	\N	\N	46	2	\N	911	6	\N	\N
1208	f	\N	\N	228	2	\N	90	10	\N	\N
959	f	\N	\N	125	\N	\N	1192	\N	\N	\N
960	f	\N	\N	123	\N	\N	1192	\N	\N	\N
961	f	\N	\N	122	\N	\N	1192	\N	\N	\N
962	f	\N	\N	118	\N	\N	1192	\N	\N	\N
963	f	\N	\N	125	\N	\N	1472	\N	\N	\N
964	f	\N	\N	123	\N	\N	1472	\N	\N	\N
965	f	\N	\N	122	\N	\N	1472	\N	\N	\N
966	f	\N	\N	118	\N	\N	1472	\N	\N	\N
971	f	\N	\N	50	\N	\N	1193	\N	\N	\N
972	f	\N	\N	50	\N	\N	1473	\N	\N	\N
981	f	\N	\N	80	\N	\N	1194	\N	\N	\N
982	f	\N	\N	76	\N	\N	1194	\N	\N	\N
983	f	\N	\N	80	\N	\N	1474	\N	\N	\N
984	f	\N	\N	76	\N	\N	1474	\N	\N	\N
997	f	\N	\N	96	\N	\N	1195	\N	\N	\N
998	f	\N	\N	72	\N	\N	1195	\N	\N	\N
999	f	\N	\N	85	\N	\N	1195	\N	\N	\N
1000	f	\N	\N	96	\N	\N	1475	\N	\N	\N
1001	f	\N	\N	72	\N	\N	1475	\N	\N	\N
1002	f	\N	\N	85	\N	\N	1475	\N	\N	\N
1019	f	\N	\N	102	\N	\N	1196	\N	\N	\N
1020	f	\N	\N	108	\N	\N	1196	\N	\N	\N
1021	f	\N	\N	106	\N	\N	1196	\N	\N	\N
1022	f	\N	\N	111	\N	\N	1196	\N	\N	\N
1023	f	\N	\N	102	\N	\N	1476	\N	\N	\N
1024	f	\N	\N	108	\N	\N	1476	\N	\N	\N
1025	f	\N	\N	106	\N	\N	1476	\N	\N	\N
1026	f	\N	\N	111	\N	\N	1476	\N	\N	\N
1039	f	\N	\N	105	\N	\N	1197	\N	\N	\N
1040	f	\N	\N	106	\N	\N	1197	\N	\N	\N
1041	f	\N	\N	109	\N	\N	1197	\N	\N	\N
1042	f	\N	\N	105	\N	\N	1477	\N	\N	\N
1043	f	\N	\N	106	\N	\N	1477	\N	\N	\N
1044	f	\N	\N	109	\N	\N	1477	\N	\N	\N
1049	f	\N	\N	60	\N	\N	1198	\N	\N	\N
1050	f	\N	\N	60	\N	\N	1478	\N	\N	\N
1063	f	\N	\N	12	\N	\N	1199	\N	\N	\N
1064	f	\N	\N	24	\N	\N	1199	\N	\N	\N
1065	f	\N	\N	53	\N	\N	1199	\N	\N	\N
1066	f	\N	\N	12	\N	\N	1479	\N	\N	\N
1067	f	\N	\N	24	\N	\N	1479	\N	\N	\N
1068	f	\N	\N	53	\N	\N	1479	\N	\N	\N
1085	f	\N	\N	106	\N	\N	1201	\N	\N	\N
1086	f	\N	\N	117	\N	\N	1201	\N	\N	\N
1087	f	\N	\N	119	\N	\N	1201	\N	\N	\N
1088	f	\N	\N	118	\N	\N	1201	\N	\N	\N
1089	f	\N	\N	106	\N	\N	1481	\N	\N	\N
1090	f	\N	\N	117	\N	\N	1481	\N	\N	\N
1091	f	\N	\N	119	\N	\N	1481	\N	\N	\N
1092	f	\N	\N	118	\N	\N	1481	\N	\N	\N
945	f	\N	\N	122	2	\N	72	6	\N	\N
946	f	\N	\N	118	2	\N	72	6	\N	\N
947	f	\N	\N	125	2	\N	352	6	\N	\N
948	f	\N	\N	123	2	\N	352	6	\N	\N
950	f	\N	\N	118	2	\N	352	6	\N	\N
951	f	\N	\N	125	2	\N	632	6	\N	\N
952	f	\N	\N	123	2	\N	632	6	\N	\N
953	f	\N	\N	122	2	\N	632	6	\N	\N
955	f	\N	\N	125	2	\N	912	6	\N	\N
956	f	\N	\N	123	2	\N	912	6	\N	\N
957	f	\N	\N	122	2	\N	912	6	\N	\N
958	f	\N	\N	118	2	\N	912	6	\N	\N
968	f	\N	\N	50	2	\N	353	8	\N	\N
969	f	\N	\N	50	2	\N	633	8	\N	\N
970	f	\N	\N	50	2	\N	913	8	\N	\N
973	f	\N	\N	80	2	\N	74	8	\N	\N
975	f	\N	\N	80	2	\N	354	8	\N	\N
976	f	\N	\N	76	2	\N	354	8	\N	\N
977	f	\N	\N	80	2	\N	634	8	\N	\N
978	f	\N	\N	76	2	\N	634	8	\N	\N
980	f	\N	\N	76	2	\N	914	8	\N	\N
985	f	\N	\N	96	2	\N	75	8	\N	\N
986	f	\N	\N	72	2	\N	75	8	\N	\N
987	f	\N	\N	85	2	\N	75	8	\N	\N
989	f	\N	\N	72	2	\N	355	8	\N	\N
990	f	\N	\N	85	2	\N	355	8	\N	\N
991	f	\N	\N	96	2	\N	635	8	\N	\N
992	f	\N	\N	72	2	\N	635	8	\N	\N
994	f	\N	\N	96	2	\N	915	8	\N	\N
995	f	\N	\N	72	2	\N	915	8	\N	\N
996	f	\N	\N	85	2	\N	915	8	\N	\N
1003	f	\N	\N	102	2	\N	76	8	\N	\N
1005	f	\N	\N	106	2	\N	76	8	\N	\N
1006	f	\N	\N	111	2	\N	76	8	\N	\N
1007	f	\N	\N	102	2	\N	356	8	\N	\N
1008	f	\N	\N	108	2	\N	356	8	\N	\N
1010	f	\N	\N	111	2	\N	356	8	\N	\N
1011	f	\N	\N	102	2	\N	636	8	\N	\N
1012	f	\N	\N	108	2	\N	636	8	\N	\N
1013	f	\N	\N	106	2	\N	636	8	\N	\N
1015	f	\N	\N	102	2	\N	916	8	\N	\N
1016	f	\N	\N	108	2	\N	916	8	\N	\N
1017	f	\N	\N	106	2	\N	916	8	\N	\N
1018	f	\N	\N	111	2	\N	916	8	\N	\N
1028	f	\N	\N	106	2	\N	77	4	\N	\N
1029	f	\N	\N	109	2	\N	77	4	\N	\N
1030	f	\N	\N	105	2	\N	357	4	\N	\N
1031	f	\N	\N	106	2	\N	357	4	\N	\N
1033	f	\N	\N	105	2	\N	637	4	\N	\N
1034	f	\N	\N	106	2	\N	637	4	\N	\N
1035	f	\N	\N	109	2	\N	637	4	\N	\N
1036	f	\N	\N	105	2	\N	917	4	\N	\N
1038	f	\N	\N	109	2	\N	917	4	\N	\N
1045	f	\N	\N	60	2	\N	78	4	\N	\N
1046	f	\N	\N	60	2	\N	358	4	\N	\N
1047	f	\N	\N	60	2	\N	638	4	\N	\N
1051	f	\N	\N	12	2	\N	79	4	\N	\N
1052	f	\N	\N	24	2	\N	79	4	\N	\N
1053	f	\N	\N	53	2	\N	79	4	\N	\N
1054	f	\N	\N	12	2	\N	359	4	\N	\N
1056	f	\N	\N	53	2	\N	359	4	\N	\N
1057	f	\N	\N	12	2	\N	639	4	\N	\N
1058	f	\N	\N	24	2	\N	639	4	\N	\N
1059	f	\N	\N	53	2	\N	639	4	\N	\N
1061	f	\N	\N	24	2	\N	919	4	\N	\N
1062	f	\N	\N	53	2	\N	919	4	\N	\N
1069	f	\N	\N	106	2	\N	81	2	\N	\N
1070	f	\N	\N	117	2	\N	81	2	\N	\N
1072	f	\N	\N	118	2	\N	81	2	\N	\N
1073	f	\N	\N	106	2	\N	361	2	\N	\N
1074	f	\N	\N	117	2	\N	361	2	\N	\N
1075	f	\N	\N	119	2	\N	361	2	\N	\N
1077	f	\N	\N	106	2	\N	641	2	\N	\N
1078	f	\N	\N	117	2	\N	641	2	\N	\N
1079	f	\N	\N	119	2	\N	641	2	\N	\N
1080	f	\N	\N	118	2	\N	641	2	\N	\N
1082	f	\N	\N	117	2	\N	921	2	\N	\N
1083	f	\N	\N	119	2	\N	921	2	\N	\N
1084	f	\N	\N	118	2	\N	921	2	\N	\N
1093	f	\N	\N	114	2	\N	82	2	\N	\N
1095	f	\N	\N	112	2	\N	82	2	\N	\N
1096	f	\N	\N	123	2	\N	82	2	\N	\N
1097	f	\N	\N	114	2	\N	362	2	\N	\N
1098	f	\N	\N	116	2	\N	362	2	\N	\N
1159	f	\N	\N	5	2	\N	925	3	\N	\N
1160	f	\N	\N	39	2	\N	925	3	\N	\N
1167	f	\N	\N	23	2	\N	86	3	\N	\N
1169	f	\N	\N	31	2	\N	366	3	\N	\N
1170	f	\N	\N	23	2	\N	366	3	\N	\N
1172	f	\N	\N	31	2	\N	646	3	\N	\N
1109	f	\N	\N	114	\N	\N	1202	\N	\N	\N
1110	f	\N	\N	116	\N	\N	1202	\N	\N	\N
1111	f	\N	\N	112	\N	\N	1202	\N	\N	\N
1112	f	\N	\N	123	\N	\N	1202	\N	\N	\N
1113	f	\N	\N	114	\N	\N	1482	\N	\N	\N
1114	f	\N	\N	116	\N	\N	1482	\N	\N	\N
1115	f	\N	\N	112	\N	\N	1482	\N	\N	\N
1116	f	\N	\N	123	\N	\N	1482	\N	\N	\N
1175	f	\N	\N	31	2	\N	926	3	\N	\N
1176	f	\N	\N	23	2	\N	926	3	\N	\N
1183	f	\N	\N	61	2	\N	87	3	\N	\N
1184	f	\N	\N	61	2	\N	367	3	\N	\N
1185	f	\N	\N	61	2	\N	647	3	\N	\N
1189	f	\N	\N	98	2	\N	88	3	\N	\N
1190	f	\N	\N	98	2	\N	368	3	\N	\N
1191	f	\N	\N	98	2	\N	648	3	\N	\N
1192	f	\N	\N	98	2	\N	928	3	\N	\N
1195	f	\N	\N	167	2	\N	89	10	\N	\N
1196	f	\N	\N	177	2	\N	89	10	\N	\N
1198	f	\N	\N	177	2	\N	369	10	\N	\N
1199	f	\N	\N	167	2	\N	649	10	\N	\N
1200	f	\N	\N	177	2	\N	649	10	\N	\N
1201	f	\N	\N	167	2	\N	929	10	\N	\N
1133	f	\N	\N	30	\N	\N	1203	\N	\N	\N
1134	f	\N	\N	26	\N	\N	1203	\N	\N	\N
1135	f	\N	\N	33	\N	\N	1203	\N	\N	\N
1136	f	\N	\N	42	\N	\N	1203	\N	\N	\N
1137	f	\N	\N	30	\N	\N	1483	\N	\N	\N
1138	f	\N	\N	26	\N	\N	1483	\N	\N	\N
1139	f	\N	\N	33	\N	\N	1483	\N	\N	\N
1140	f	\N	\N	42	\N	\N	1483	\N	\N	\N
1202	f	\N	\N	177	2	\N	929	10	\N	\N
1207	f	\N	\N	183	2	\N	90	10	\N	\N
1209	f	\N	\N	201	2	\N	90	10	\N	\N
1210	f	\N	\N	173	2	\N	90	10	\N	\N
1211	f	\N	\N	183	2	\N	370	10	\N	\N
1212	f	\N	\N	228	2	\N	370	10	\N	\N
1213	f	\N	\N	201	2	\N	370	10	\N	\N
1214	f	\N	\N	173	2	\N	370	10	\N	\N
1149	f	\N	\N	27	\N	\N	1204	\N	\N	\N
1150	f	\N	\N	40	\N	\N	1204	\N	\N	\N
1151	f	\N	\N	27	\N	\N	1484	\N	\N	\N
1152	f	\N	\N	40	\N	\N	1484	\N	\N	\N
1216	f	\N	\N	228	2	\N	650	10	\N	\N
1217	f	\N	\N	201	2	\N	650	10	\N	\N
1218	f	\N	\N	173	2	\N	650	10	\N	\N
1219	f	\N	\N	183	2	\N	930	10	\N	\N
1220	f	\N	\N	228	2	\N	930	10	\N	\N
1221	f	\N	\N	201	2	\N	930	10	\N	\N
1165	f	\N	\N	7	3	\N	86	3	\N	\N
1174	f	\N	\N	7	3	\N	926	3	\N	\N
1161	f	\N	\N	5	\N	\N	1205	\N	\N	\N
1162	f	\N	\N	39	\N	\N	1205	\N	\N	\N
1163	f	\N	\N	5	\N	\N	1485	\N	\N	\N
1164	f	\N	\N	39	\N	\N	1485	\N	\N	\N
1168	f	\N	\N	7	3	\N	366	3	\N	\N
1171	f	\N	\N	7	3	\N	646	3	\N	\N
1177	f	\N	\N	7	\N	\N	1206	\N	\N	\N
1178	f	\N	\N	31	\N	\N	1206	\N	\N	\N
1179	f	\N	\N	23	\N	\N	1206	\N	\N	\N
1180	f	\N	\N	7	\N	\N	1486	\N	\N	\N
1181	f	\N	\N	31	\N	\N	1486	\N	\N	\N
1182	f	\N	\N	23	\N	\N	1486	\N	\N	\N
1187	f	\N	\N	61	\N	\N	1207	\N	\N	\N
1188	f	\N	\N	61	\N	\N	1487	\N	\N	\N
1193	f	\N	\N	98	\N	\N	1208	\N	\N	\N
1194	f	\N	\N	98	\N	\N	1488	\N	\N	\N
1203	f	\N	\N	167	\N	\N	1209	\N	\N	\N
1204	f	\N	\N	177	\N	\N	1209	\N	\N	\N
1205	f	\N	\N	167	\N	\N	1489	\N	\N	\N
1206	f	\N	\N	177	\N	\N	1489	\N	\N	\N
1223	f	\N	\N	183	\N	\N	1210	\N	\N	\N
1224	f	\N	\N	228	\N	\N	1210	\N	\N	\N
1225	f	\N	\N	201	\N	\N	1210	\N	\N	\N
1226	f	\N	\N	173	\N	\N	1210	\N	\N	\N
1227	f	\N	\N	183	\N	\N	1490	\N	\N	\N
1228	f	\N	\N	228	\N	\N	1490	\N	\N	\N
1229	f	\N	\N	201	\N	\N	1490	\N	\N	\N
1230	f	\N	\N	173	\N	\N	1490	\N	\N	\N
1247	f	\N	\N	161	\N	\N	1211	\N	\N	\N
1248	f	\N	\N	154	\N	\N	1211	\N	\N	\N
1249	f	\N	\N	152	\N	\N	1211	\N	\N	\N
1250	f	\N	\N	156	\N	\N	1211	\N	\N	\N
1251	f	\N	\N	161	\N	\N	1491	\N	\N	\N
1252	f	\N	\N	154	\N	\N	1491	\N	\N	\N
1253	f	\N	\N	152	\N	\N	1491	\N	\N	\N
1254	f	\N	\N	156	\N	\N	1491	\N	\N	\N
1102	f	\N	\N	116	2	\N	642	2	\N	\N
1103	f	\N	\N	112	2	\N	642	2	\N	\N
1104	f	\N	\N	123	2	\N	642	2	\N	\N
1105	f	\N	\N	114	2	\N	922	2	\N	\N
1107	f	\N	\N	112	2	\N	922	2	\N	\N
1108	f	\N	\N	123	2	\N	922	2	\N	\N
1117	f	\N	\N	30	2	\N	83	2	\N	\N
1118	f	\N	\N	26	2	\N	83	2	\N	\N
1120	f	\N	\N	42	2	\N	83	2	\N	\N
1121	f	\N	\N	30	2	\N	363	2	\N	\N
1122	f	\N	\N	26	2	\N	363	2	\N	\N
1123	f	\N	\N	33	2	\N	363	2	\N	\N
1125	f	\N	\N	30	2	\N	643	2	\N	\N
1126	f	\N	\N	26	2	\N	643	2	\N	\N
1127	f	\N	\N	33	2	\N	643	2	\N	\N
1128	f	\N	\N	42	2	\N	643	2	\N	\N
1130	f	\N	\N	26	2	\N	923	2	\N	\N
1131	f	\N	\N	33	2	\N	923	2	\N	\N
1132	f	\N	\N	42	2	\N	923	2	\N	\N
1141	f	\N	\N	27	2	\N	84	2	\N	\N
1143	f	\N	\N	27	2	\N	364	2	\N	\N
1144	f	\N	\N	40	2	\N	364	2	\N	\N
1145	f	\N	\N	27	2	\N	644	2	\N	\N
1146	f	\N	\N	40	2	\N	644	2	\N	\N
1148	f	\N	\N	40	2	\N	924	2	\N	\N
1153	f	\N	\N	5	2	\N	85	3	\N	\N
1154	f	\N	\N	39	2	\N	85	3	\N	\N
1155	f	\N	\N	5	2	\N	365	3	\N	\N
1157	f	\N	\N	5	2	\N	645	3	\N	\N
1158	f	\N	\N	39	2	\N	645	3	\N	\N
1231	f	\N	\N	161	2	\N	91	10	\N	\N
1232	f	\N	\N	154	2	\N	91	10	\N	\N
1233	f	\N	\N	152	2	\N	91	10	\N	\N
1234	f	\N	\N	156	2	\N	91	10	\N	\N
1236	f	\N	\N	154	2	\N	371	10	\N	\N
1237	f	\N	\N	152	2	\N	371	10	\N	\N
1238	f	\N	\N	156	2	\N	371	10	\N	\N
1239	f	\N	\N	161	2	\N	651	10	\N	\N
1241	f	\N	\N	152	2	\N	651	10	\N	\N
1242	f	\N	\N	156	2	\N	651	10	\N	\N
1243	f	\N	\N	161	2	\N	931	10	\N	\N
1244	f	\N	\N	154	2	\N	931	10	\N	\N
1246	f	\N	\N	156	2	\N	931	10	\N	\N
1255	f	\N	\N	197	2	\N	92	10	\N	\N
1256	f	\N	\N	197	2	\N	372	10	\N	\N
1354	f	\N	\N	188	3	\N	938	15	\N	\N
1345	f	\N	\N	188	3	\N	98	15	\N	\N
1259	f	\N	\N	197	\N	\N	1212	\N	\N	\N
1260	f	\N	\N	197	\N	\N	1492	\N	\N	\N
1405	f	\N	\N	202	3	\N	104	13	\N	\N
1407	f	\N	\N	202	3	\N	384	13	\N	\N
1409	f	\N	\N	202	3	\N	664	13	\N	\N
1411	f	\N	\N	202	3	\N	944	13	\N	\N
1291	f	\N	\N	209	3	\N	95	11	\N	\N
1294	f	\N	\N	209	3	\N	375	11	\N	\N
1297	f	\N	\N	209	3	\N	655	11	\N	\N
1277	f	\N	\N	140	\N	\N	1213	\N	\N	\N
1278	f	\N	\N	138	\N	\N	1213	\N	\N	\N
1279	f	\N	\N	164	\N	\N	1213	\N	\N	\N
1280	f	\N	\N	145	\N	\N	1213	\N	\N	\N
1281	f	\N	\N	140	\N	\N	1493	\N	\N	\N
1282	f	\N	\N	138	\N	\N	1493	\N	\N	\N
1283	f	\N	\N	164	\N	\N	1493	\N	\N	\N
1284	f	\N	\N	145	\N	\N	1493	\N	\N	\N
1289	f	\N	\N	135	\N	\N	1214	\N	\N	\N
1290	f	\N	\N	135	\N	\N	1494	\N	\N	\N
1303	f	\N	\N	209	\N	\N	1215	\N	\N	\N
1304	f	\N	\N	227	\N	\N	1215	\N	\N	\N
1305	f	\N	\N	205	\N	\N	1215	\N	\N	\N
1306	f	\N	\N	209	\N	\N	1495	\N	\N	\N
1307	f	\N	\N	227	\N	\N	1495	\N	\N	\N
1308	f	\N	\N	205	\N	\N	1495	\N	\N	\N
1321	f	\N	\N	173	\N	\N	1216	\N	\N	\N
1322	f	\N	\N	189	\N	\N	1216	\N	\N	\N
1323	f	\N	\N	175	\N	\N	1216	\N	\N	\N
1324	f	\N	\N	173	\N	\N	1496	\N	\N	\N
1325	f	\N	\N	189	\N	\N	1496	\N	\N	\N
1326	f	\N	\N	175	\N	\N	1496	\N	\N	\N
1339	f	\N	\N	163	\N	\N	1217	\N	\N	\N
1340	f	\N	\N	135	\N	\N	1217	\N	\N	\N
1341	f	\N	\N	152	\N	\N	1217	\N	\N	\N
1342	f	\N	\N	163	\N	\N	1497	\N	\N	\N
1343	f	\N	\N	135	\N	\N	1497	\N	\N	\N
1344	f	\N	\N	152	\N	\N	1497	\N	\N	\N
1357	f	\N	\N	188	\N	\N	1218	\N	\N	\N
1358	f	\N	\N	212	\N	\N	1218	\N	\N	\N
1359	f	\N	\N	211	\N	\N	1218	\N	\N	\N
1360	f	\N	\N	188	\N	\N	1498	\N	\N	\N
1361	f	\N	\N	212	\N	\N	1498	\N	\N	\N
1362	f	\N	\N	211	\N	\N	1498	\N	\N	\N
1371	f	\N	\N	190	\N	\N	1219	\N	\N	\N
1372	f	\N	\N	199	\N	\N	1219	\N	\N	\N
1373	f	\N	\N	190	\N	\N	1499	\N	\N	\N
1374	f	\N	\N	199	\N	\N	1499	\N	\N	\N
1379	f	\N	\N	190	\N	\N	1221	\N	\N	\N
1380	f	\N	\N	190	\N	\N	1501	\N	\N	\N
1397	f	\N	\N	166	\N	\N	1222	\N	\N	\N
1398	f	\N	\N	219	\N	\N	1222	\N	\N	\N
1399	f	\N	\N	183	\N	\N	1222	\N	\N	\N
1400	f	\N	\N	180	\N	\N	1222	\N	\N	\N
1401	f	\N	\N	166	\N	\N	1502	\N	\N	\N
1402	f	\N	\N	219	\N	\N	1502	\N	\N	\N
1403	f	\N	\N	183	\N	\N	1502	\N	\N	\N
1404	f	\N	\N	180	\N	\N	1502	\N	\N	\N
1413	f	\N	\N	202	\N	\N	1224	\N	\N	\N
1261	f	\N	\N	140	2	\N	93	11	\N	\N
1262	f	\N	\N	138	2	\N	93	11	\N	\N
1263	f	\N	\N	164	2	\N	93	11	\N	\N
1264	f	\N	\N	145	2	\N	93	11	\N	\N
1266	f	\N	\N	138	2	\N	373	11	\N	\N
1267	f	\N	\N	164	2	\N	373	11	\N	\N
1268	f	\N	\N	145	2	\N	373	11	\N	\N
1269	f	\N	\N	140	2	\N	653	11	\N	\N
1271	f	\N	\N	164	2	\N	653	11	\N	\N
1272	f	\N	\N	145	2	\N	653	11	\N	\N
1273	f	\N	\N	140	2	\N	933	11	\N	\N
1274	f	\N	\N	138	2	\N	933	11	\N	\N
1276	f	\N	\N	145	2	\N	933	11	\N	\N
1285	f	\N	\N	135	2	\N	94	11	\N	\N
1286	f	\N	\N	135	2	\N	374	11	\N	\N
1287	f	\N	\N	135	2	\N	654	11	\N	\N
1292	f	\N	\N	227	2	\N	95	11	\N	\N
1293	f	\N	\N	205	2	\N	95	11	\N	\N
1296	f	\N	\N	205	2	\N	375	11	\N	\N
1298	f	\N	\N	227	2	\N	655	11	\N	\N
1299	f	\N	\N	205	2	\N	655	11	\N	\N
1301	f	\N	\N	227	2	\N	935	11	\N	\N
1302	f	\N	\N	205	2	\N	935	11	\N	\N
1309	f	\N	\N	173	2	\N	96	11	\N	\N
1310	f	\N	\N	189	2	\N	96	11	\N	\N
1312	f	\N	\N	173	2	\N	376	11	\N	\N
1313	f	\N	\N	189	2	\N	376	11	\N	\N
1314	f	\N	\N	175	2	\N	376	11	\N	\N
1315	f	\N	\N	173	2	\N	656	11	\N	\N
1317	f	\N	\N	175	2	\N	656	11	\N	\N
1318	f	\N	\N	173	2	\N	936	11	\N	\N
1319	f	\N	\N	189	2	\N	936	11	\N	\N
1320	f	\N	\N	175	2	\N	936	11	\N	\N
1328	f	\N	\N	135	2	\N	97	15	\N	\N
1329	f	\N	\N	152	2	\N	97	15	\N	\N
1330	f	\N	\N	163	2	\N	377	15	\N	\N
1331	f	\N	\N	135	2	\N	377	15	\N	\N
1333	f	\N	\N	163	2	\N	657	15	\N	\N
1334	f	\N	\N	135	2	\N	657	15	\N	\N
1335	f	\N	\N	152	2	\N	657	15	\N	\N
1336	f	\N	\N	163	2	\N	937	15	\N	\N
1338	f	\N	\N	152	2	\N	937	15	\N	\N
1346	f	\N	\N	212	2	\N	98	15	\N	\N
1347	f	\N	\N	211	2	\N	98	15	\N	\N
1349	f	\N	\N	212	2	\N	378	15	\N	\N
1350	f	\N	\N	211	2	\N	378	15	\N	\N
1352	f	\N	\N	212	2	\N	658	15	\N	\N
1355	f	\N	\N	212	2	\N	938	15	\N	\N
1356	f	\N	\N	211	2	\N	938	15	\N	\N
1363	f	\N	\N	190	2	\N	99	15	\N	\N
1365	f	\N	\N	190	2	\N	379	15	\N	\N
1366	f	\N	\N	199	2	\N	379	15	\N	\N
1367	f	\N	\N	190	2	\N	659	15	\N	\N
1368	f	\N	\N	199	2	\N	659	15	\N	\N
1370	f	\N	\N	199	2	\N	939	15	\N	\N
1375	f	\N	\N	190	2	\N	101	13	\N	\N
1376	f	\N	\N	190	2	\N	381	13	\N	\N
1377	f	\N	\N	190	2	\N	661	13	\N	\N
1381	f	\N	\N	166	2	\N	102	13	\N	\N
1382	f	\N	\N	219	2	\N	102	13	\N	\N
1383	f	\N	\N	183	2	\N	102	13	\N	\N
1384	f	\N	\N	180	2	\N	102	13	\N	\N
1386	f	\N	\N	219	2	\N	382	13	\N	\N
1387	f	\N	\N	183	2	\N	382	13	\N	\N
1388	f	\N	\N	180	2	\N	382	13	\N	\N
1389	f	\N	\N	166	2	\N	662	13	\N	\N
1391	f	\N	\N	183	2	\N	662	13	\N	\N
1392	f	\N	\N	180	2	\N	662	13	\N	\N
1393	f	\N	\N	166	2	\N	942	13	\N	\N
1394	f	\N	\N	219	2	\N	942	13	\N	\N
1396	f	\N	\N	180	2	\N	942	13	\N	\N
1406	f	\N	\N	203	2	\N	104	13	\N	\N
1410	f	\N	\N	203	2	\N	664	13	\N	\N
1412	f	\N	\N	203	2	\N	944	13	\N	\N
1414	f	\N	\N	203	\N	\N	1224	\N	\N	\N
1415	f	\N	\N	202	\N	\N	1504	\N	\N	\N
1416	f	\N	\N	203	\N	\N	1504	\N	\N	\N
1487	f	\N	\N	141	3	\N	392	12	\N	\N
1491	f	\N	\N	141	3	\N	672	12	\N	\N
1419	f	\N	\N	206	3	\N	665	14	\N	\N
1420	f	\N	\N	206	3	\N	945	14	\N	\N
1421	f	\N	\N	206	\N	\N	1225	\N	\N	\N
1422	f	\N	\N	206	\N	\N	1505	\N	\N	\N
1507	f	\N	\N	2	3	\N	113	5	\N	\N
1509	f	\N	\N	2	3	\N	393	5	\N	\N
1511	f	\N	\N	2	3	\N	673	5	\N	\N
1435	f	\N	\N	203	\N	\N	1227	\N	\N	\N
1436	f	\N	\N	189	\N	\N	1227	\N	\N	\N
1437	f	\N	\N	216	\N	\N	1227	\N	\N	\N
1438	f	\N	\N	203	\N	\N	1507	\N	\N	\N
1439	f	\N	\N	189	\N	\N	1507	\N	\N	\N
1440	f	\N	\N	216	\N	\N	1507	\N	\N	\N
1449	f	\N	\N	139	\N	\N	1228	\N	\N	\N
1450	f	\N	\N	156	\N	\N	1228	\N	\N	\N
1451	f	\N	\N	139	\N	\N	1508	\N	\N	\N
1452	f	\N	\N	156	\N	\N	1508	\N	\N	\N
1461	f	\N	\N	134	\N	\N	1230	\N	\N	\N
1462	f	\N	\N	150	\N	\N	1230	\N	\N	\N
1463	f	\N	\N	134	\N	\N	1510	\N	\N	\N
1464	f	\N	\N	150	\N	\N	1510	\N	\N	\N
1477	f	\N	\N	144	\N	\N	1231	\N	\N	\N
1478	f	\N	\N	152	\N	\N	1231	\N	\N	\N
1479	f	\N	\N	154	\N	\N	1231	\N	\N	\N
1480	f	\N	\N	144	\N	\N	1511	\N	\N	\N
1481	f	\N	\N	152	\N	\N	1511	\N	\N	\N
1482	f	\N	\N	154	\N	\N	1511	\N	\N	\N
1499	f	\N	\N	141	\N	\N	1232	\N	\N	\N
1500	f	\N	\N	133	\N	\N	1232	\N	\N	\N
1501	f	\N	\N	132	\N	\N	1232	\N	\N	\N
1502	f	\N	\N	153	\N	\N	1232	\N	\N	\N
1503	f	\N	\N	141	\N	\N	1512	\N	\N	\N
1504	f	\N	\N	133	\N	\N	1512	\N	\N	\N
1505	f	\N	\N	132	\N	\N	1512	\N	\N	\N
1506	f	\N	\N	153	\N	\N	1512	\N	\N	\N
1515	f	\N	\N	2	\N	\N	1233	\N	\N	\N
1516	f	\N	\N	20	\N	\N	1233	\N	\N	\N
1517	f	\N	\N	2	\N	\N	1513	\N	\N	\N
1518	f	\N	\N	20	\N	\N	1513	\N	\N	\N
1535	f	\N	\N	71	\N	\N	1234	\N	\N	\N
1536	f	\N	\N	92	\N	\N	1234	\N	\N	\N
1537	f	\N	\N	81	\N	\N	1234	\N	\N	\N
1538	f	\N	\N	93	\N	\N	1234	\N	\N	\N
1539	f	\N	\N	71	\N	\N	1514	\N	\N	\N
1540	f	\N	\N	92	\N	\N	1514	\N	\N	\N
1541	f	\N	\N	81	\N	\N	1514	\N	\N	\N
1542	f	\N	\N	93	\N	\N	1514	\N	\N	\N
1547	f	\N	\N	57	\N	\N	1235	\N	\N	\N
1548	f	\N	\N	57	\N	\N	1515	\N	\N	\N
1557	f	\N	\N	87	\N	\N	1236	\N	\N	\N
1558	f	\N	\N	77	\N	\N	1236	\N	\N	\N
1559	f	\N	\N	87	\N	\N	1516	\N	\N	\N
1560	f	\N	\N	77	\N	\N	1516	\N	\N	\N
1423	f	\N	\N	203	2	\N	107	14	\N	\N
1424	f	\N	\N	189	2	\N	107	14	\N	\N
1426	f	\N	\N	203	2	\N	387	14	\N	\N
1427	f	\N	\N	189	2	\N	387	14	\N	\N
1428	f	\N	\N	216	2	\N	387	14	\N	\N
1429	f	\N	\N	203	2	\N	667	14	\N	\N
1431	f	\N	\N	216	2	\N	667	14	\N	\N
1432	f	\N	\N	203	2	\N	947	14	\N	\N
1433	f	\N	\N	189	2	\N	947	14	\N	\N
1434	f	\N	\N	216	2	\N	947	14	\N	\N
1442	f	\N	\N	156	2	\N	108	14	\N	\N
1443	f	\N	\N	139	2	\N	388	14	\N	\N
1444	f	\N	\N	156	2	\N	388	14	\N	\N
1445	f	\N	\N	139	2	\N	668	14	\N	\N
1447	f	\N	\N	139	2	\N	948	14	\N	\N
1448	f	\N	\N	156	2	\N	948	14	\N	\N
1453	f	\N	\N	134	2	\N	110	12	\N	\N
1454	f	\N	\N	150	2	\N	110	12	\N	\N
1456	f	\N	\N	150	2	\N	390	12	\N	\N
1457	f	\N	\N	134	2	\N	670	12	\N	\N
1458	f	\N	\N	150	2	\N	670	12	\N	\N
1459	f	\N	\N	134	2	\N	950	12	\N	\N
1465	f	\N	\N	144	2	\N	111	12	\N	\N
1466	f	\N	\N	152	2	\N	111	12	\N	\N
1467	f	\N	\N	154	2	\N	111	12	\N	\N
1468	f	\N	\N	144	2	\N	391	12	\N	\N
1470	f	\N	\N	154	2	\N	391	12	\N	\N
1471	f	\N	\N	144	2	\N	671	12	\N	\N
1472	f	\N	\N	152	2	\N	671	12	\N	\N
1473	f	\N	\N	154	2	\N	671	12	\N	\N
1475	f	\N	\N	152	2	\N	951	12	\N	\N
1476	f	\N	\N	154	2	\N	951	12	\N	\N
1484	f	\N	\N	133	2	\N	112	12	\N	\N
1486	f	\N	\N	153	2	\N	112	12	\N	\N
1488	f	\N	\N	133	2	\N	392	12	\N	\N
1489	f	\N	\N	132	2	\N	392	12	\N	\N
1492	f	\N	\N	133	2	\N	672	12	\N	\N
1493	f	\N	\N	132	2	\N	672	12	\N	\N
1494	f	\N	\N	153	2	\N	672	12	\N	\N
1496	f	\N	\N	133	2	\N	952	12	\N	\N
1497	f	\N	\N	132	2	\N	952	12	\N	\N
1498	f	\N	\N	153	2	\N	952	12	\N	\N
1510	f	\N	\N	20	2	\N	393	5	\N	\N
1512	f	\N	\N	20	2	\N	673	5	\N	\N
1514	f	\N	\N	20	2	\N	953	5	\N	\N
1519	f	\N	\N	71	2	\N	114	5	\N	\N
1520	f	\N	\N	92	2	\N	114	5	\N	\N
1521	f	\N	\N	81	2	\N	114	5	\N	\N
1523	f	\N	\N	71	2	\N	394	5	\N	\N
1524	f	\N	\N	92	2	\N	394	5	\N	\N
1525	f	\N	\N	81	2	\N	394	5	\N	\N
1526	f	\N	\N	93	2	\N	394	5	\N	\N
1528	f	\N	\N	92	2	\N	674	5	\N	\N
1529	f	\N	\N	81	2	\N	674	5	\N	\N
1530	f	\N	\N	93	2	\N	674	5	\N	\N
1531	f	\N	\N	71	2	\N	954	5	\N	\N
1533	f	\N	\N	81	2	\N	954	5	\N	\N
1534	f	\N	\N	93	2	\N	954	5	\N	\N
1543	f	\N	\N	57	2	\N	115	5	\N	\N
1544	f	\N	\N	57	2	\N	395	5	\N	\N
1546	f	\N	\N	57	2	\N	955	5	\N	\N
1549	f	\N	\N	87	2	\N	116	5	\N	\N
1550	f	\N	\N	77	2	\N	116	5	\N	\N
1551	f	\N	\N	87	2	\N	396	5	\N	\N
1553	f	\N	\N	87	2	\N	676	5	\N	\N
1554	f	\N	\N	77	2	\N	676	5	\N	\N
1555	f	\N	\N	87	2	\N	956	5	\N	\N
1556	f	\N	\N	77	2	\N	956	5	\N	\N
1562	f	\N	\N	122	2	\N	117	7	\N	\N
1563	f	\N	\N	118	2	\N	117	7	\N	\N
1564	f	\N	\N	123	2	\N	397	7	\N	\N
1565	f	\N	\N	122	2	\N	397	7	\N	\N
1567	f	\N	\N	123	2	\N	677	7	\N	\N
1568	f	\N	\N	122	2	\N	677	7	\N	\N
1569	f	\N	\N	118	2	\N	677	7	\N	\N
1570	f	\N	\N	123	2	\N	957	7	\N	\N
2876	f	\N	\N	159	2	\N	770	15	\N	\N
1573	f	\N	\N	123	\N	\N	1237	\N	\N	\N
1574	f	\N	\N	122	\N	\N	1237	\N	\N	\N
1575	f	\N	\N	118	\N	\N	1237	\N	\N	\N
1576	f	\N	\N	123	\N	\N	1517	\N	\N	\N
1577	f	\N	\N	122	\N	\N	1517	\N	\N	\N
1578	f	\N	\N	118	\N	\N	1517	\N	\N	\N
1591	f	\N	\N	108	\N	\N	1238	\N	\N	\N
1592	f	\N	\N	106	\N	\N	1238	\N	\N	\N
1593	f	\N	\N	109	\N	\N	1238	\N	\N	\N
1594	f	\N	\N	108	\N	\N	1518	\N	\N	\N
1595	f	\N	\N	106	\N	\N	1518	\N	\N	\N
1596	f	\N	\N	109	\N	\N	1518	\N	\N	\N
1609	f	\N	\N	9	\N	\N	1240	\N	\N	\N
1610	f	\N	\N	13	\N	\N	1240	\N	\N	\N
1611	f	\N	\N	6	\N	\N	1240	\N	\N	\N
1612	f	\N	\N	9	\N	\N	1520	\N	\N	\N
1613	f	\N	\N	13	\N	\N	1520	\N	\N	\N
1614	f	\N	\N	6	\N	\N	1520	\N	\N	\N
1623	f	\N	\N	67	\N	\N	1241	\N	\N	\N
1624	f	\N	\N	100	\N	\N	1241	\N	\N	\N
1625	f	\N	\N	67	\N	\N	1521	\N	\N	\N
1626	f	\N	\N	100	\N	\N	1521	\N	\N	\N
1639	f	\N	\N	39	\N	\N	1242	\N	\N	\N
1640	f	\N	\N	57	\N	\N	1242	\N	\N	\N
1641	f	\N	\N	1	\N	\N	1242	\N	\N	\N
1642	f	\N	\N	39	\N	\N	1522	\N	\N	\N
1643	f	\N	\N	57	\N	\N	1522	\N	\N	\N
1644	f	\N	\N	1	\N	\N	1522	\N	\N	\N
1649	f	\N	\N	109	\N	\N	1243	\N	\N	\N
1650	f	\N	\N	109	\N	\N	1523	\N	\N	\N
1655	f	\N	\N	116	\N	\N	1244	\N	\N	\N
1656	f	\N	\N	116	\N	\N	1524	\N	\N	\N
1673	f	\N	\N	46	\N	\N	1245	\N	\N	\N
1674	f	\N	\N	56	\N	\N	1245	\N	\N	\N
1675	f	\N	\N	58	\N	\N	1245	\N	\N	\N
1676	f	\N	\N	49	\N	\N	1245	\N	\N	\N
1677	f	\N	\N	46	\N	\N	1525	\N	\N	\N
1678	f	\N	\N	56	\N	\N	1525	\N	\N	\N
1679	f	\N	\N	58	\N	\N	1525	\N	\N	\N
1680	f	\N	\N	49	\N	\N	1525	\N	\N	\N
1685	f	\N	\N	43	\N	\N	1246	\N	\N	\N
1686	f	\N	\N	43	\N	\N	1526	\N	\N	\N
1703	f	\N	\N	110	\N	\N	1247	\N	\N	\N
1704	f	\N	\N	103	\N	\N	1247	\N	\N	\N
1705	f	\N	\N	121	\N	\N	1247	\N	\N	\N
1706	f	\N	\N	117	\N	\N	1247	\N	\N	\N
1707	f	\N	\N	110	\N	\N	1527	\N	\N	\N
1708	f	\N	\N	103	\N	\N	1527	\N	\N	\N
1709	f	\N	\N	121	\N	\N	1527	\N	\N	\N
1710	f	\N	\N	117	\N	\N	1527	\N	\N	\N
1715	f	\N	\N	31	\N	\N	1248	\N	\N	\N
1716	f	\N	\N	31	\N	\N	1528	\N	\N	\N
1721	f	\N	\N	59	\N	\N	1250	\N	\N	\N
1722	f	\N	\N	59	\N	\N	1530	\N	\N	\N
1727	f	\N	\N	58	\N	\N	1251	\N	\N	\N
1579	f	\N	\N	108	2	\N	118	7	\N	\N
1580	f	\N	\N	106	2	\N	118	7	\N	\N
1581	f	\N	\N	109	2	\N	118	7	\N	\N
1582	f	\N	\N	108	2	\N	398	7	\N	\N
1584	f	\N	\N	109	2	\N	398	7	\N	\N
1585	f	\N	\N	108	2	\N	678	7	\N	\N
1586	f	\N	\N	106	2	\N	678	7	\N	\N
1587	f	\N	\N	109	2	\N	678	7	\N	\N
1589	f	\N	\N	106	2	\N	958	7	\N	\N
1590	f	\N	\N	109	2	\N	958	7	\N	\N
1597	f	\N	\N	9	2	\N	120	7	\N	\N
1598	f	\N	\N	13	2	\N	120	7	\N	\N
1600	f	\N	\N	9	2	\N	400	7	\N	\N
1601	f	\N	\N	13	2	\N	400	7	\N	\N
1602	f	\N	\N	6	2	\N	400	7	\N	\N
1603	f	\N	\N	9	2	\N	680	7	\N	\N
1605	f	\N	\N	6	2	\N	680	7	\N	\N
1606	f	\N	\N	9	2	\N	960	7	\N	\N
1607	f	\N	\N	13	2	\N	960	7	\N	\N
1608	f	\N	\N	6	2	\N	960	7	\N	\N
1616	f	\N	\N	100	2	\N	121	9	\N	\N
1617	f	\N	\N	67	2	\N	401	9	\N	\N
1618	f	\N	\N	100	2	\N	401	9	\N	\N
1619	f	\N	\N	67	2	\N	681	9	\N	\N
1621	f	\N	\N	67	2	\N	961	9	\N	\N
1622	f	\N	\N	100	2	\N	961	9	\N	\N
1627	f	\N	\N	39	2	\N	122	9	\N	\N
1628	f	\N	\N	57	2	\N	122	9	\N	\N
1630	f	\N	\N	39	2	\N	402	9	\N	\N
1631	f	\N	\N	57	2	\N	402	9	\N	\N
1632	f	\N	\N	1	2	\N	402	9	\N	\N
1633	f	\N	\N	39	2	\N	682	9	\N	\N
1635	f	\N	\N	1	2	\N	682	9	\N	\N
1636	f	\N	\N	39	2	\N	962	9	\N	\N
1637	f	\N	\N	57	2	\N	962	9	\N	\N
1638	f	\N	\N	1	2	\N	962	9	\N	\N
1646	f	\N	\N	109	2	\N	403	9	\N	\N
1647	f	\N	\N	109	2	\N	683	9	\N	\N
1648	f	\N	\N	109	2	\N	963	9	\N	\N
1651	f	\N	\N	116	2	\N	124	9	\N	\N
1653	f	\N	\N	116	2	\N	684	9	\N	\N
1654	f	\N	\N	116	2	\N	964	9	\N	\N
1657	f	\N	\N	46	2	\N	125	6	\N	\N
1658	f	\N	\N	56	2	\N	125	6	\N	\N
1660	f	\N	\N	49	2	\N	125	6	\N	\N
1661	f	\N	\N	46	2	\N	405	6	\N	\N
1662	f	\N	\N	56	2	\N	405	6	\N	\N
1663	f	\N	\N	58	2	\N	405	6	\N	\N
1665	f	\N	\N	46	2	\N	685	6	\N	\N
1666	f	\N	\N	56	2	\N	685	6	\N	\N
1667	f	\N	\N	58	2	\N	685	6	\N	\N
1668	f	\N	\N	49	2	\N	685	6	\N	\N
1670	f	\N	\N	56	2	\N	965	6	\N	\N
1671	f	\N	\N	58	2	\N	965	6	\N	\N
1672	f	\N	\N	49	2	\N	965	6	\N	\N
1681	f	\N	\N	43	2	\N	126	6	\N	\N
1683	f	\N	\N	43	2	\N	686	6	\N	\N
1684	f	\N	\N	43	2	\N	966	6	\N	\N
1687	f	\N	\N	110	2	\N	127	6	\N	\N
1688	f	\N	\N	103	2	\N	127	6	\N	\N
1690	f	\N	\N	117	2	\N	127	6	\N	\N
1691	f	\N	\N	110	2	\N	407	6	\N	\N
1692	f	\N	\N	103	2	\N	407	6	\N	\N
1693	f	\N	\N	121	2	\N	407	6	\N	\N
1695	f	\N	\N	110	2	\N	687	6	\N	\N
1696	f	\N	\N	103	2	\N	687	6	\N	\N
1697	f	\N	\N	121	2	\N	687	6	\N	\N
1698	f	\N	\N	117	2	\N	687	6	\N	\N
1700	f	\N	\N	103	2	\N	967	6	\N	\N
1701	f	\N	\N	121	2	\N	967	6	\N	\N
1702	f	\N	\N	117	2	\N	967	6	\N	\N
1711	f	\N	\N	31	2	\N	128	6	\N	\N
1713	f	\N	\N	31	2	\N	688	6	\N	\N
1714	f	\N	\N	31	2	\N	968	6	\N	\N
1717	f	\N	\N	59	2	\N	130	8	\N	\N
1718	f	\N	\N	59	2	\N	410	8	\N	\N
1720	f	\N	\N	59	2	\N	970	8	\N	\N
1723	f	\N	\N	58	2	\N	131	8	\N	\N
1724	f	\N	\N	58	2	\N	411	8	\N	\N
1725	f	\N	\N	58	2	\N	691	8	\N	\N
1728	f	\N	\N	58	\N	\N	1531	\N	\N	\N
1807	f	\N	\N	70	3	\N	697	2	\N	\N
1810	f	\N	\N	70	3	\N	977	2	\N	\N
1883	f	\N	\N	94	3	\N	422	3	\N	\N
1737	f	\N	\N	74	\N	\N	1252	\N	\N	\N
1738	f	\N	\N	67	\N	\N	1252	\N	\N	\N
1739	f	\N	\N	74	\N	\N	1532	\N	\N	\N
1740	f	\N	\N	67	\N	\N	1532	\N	\N	\N
1749	f	\N	\N	108	\N	\N	1253	\N	\N	\N
1750	f	\N	\N	114	\N	\N	1253	\N	\N	\N
1751	f	\N	\N	108	\N	\N	1533	\N	\N	\N
1752	f	\N	\N	114	\N	\N	1533	\N	\N	\N
1769	f	\N	\N	116	\N	\N	1254	\N	\N	\N
1770	f	\N	\N	125	\N	\N	1254	\N	\N	\N
1771	f	\N	\N	121	\N	\N	1254	\N	\N	\N
1772	f	\N	\N	117	\N	\N	1254	\N	\N	\N
1773	f	\N	\N	116	\N	\N	1534	\N	\N	\N
1774	f	\N	\N	125	\N	\N	1534	\N	\N	\N
1775	f	\N	\N	121	\N	\N	1534	\N	\N	\N
1776	f	\N	\N	117	\N	\N	1534	\N	\N	\N
1793	f	\N	\N	32	\N	\N	1255	\N	\N	\N
1794	f	\N	\N	40	\N	\N	1255	\N	\N	\N
1795	f	\N	\N	35	\N	\N	1255	\N	\N	\N
1796	f	\N	\N	33	\N	\N	1255	\N	\N	\N
1797	f	\N	\N	32	\N	\N	1535	\N	\N	\N
1798	f	\N	\N	40	\N	\N	1535	\N	\N	\N
1799	f	\N	\N	35	\N	\N	1535	\N	\N	\N
1800	f	\N	\N	33	\N	\N	1535	\N	\N	\N
1813	f	\N	\N	70	\N	\N	1257	\N	\N	\N
1814	f	\N	\N	66	\N	\N	1257	\N	\N	\N
1815	f	\N	\N	67	\N	\N	1257	\N	\N	\N
1816	f	\N	\N	70	\N	\N	1537	\N	\N	\N
1817	f	\N	\N	66	\N	\N	1537	\N	\N	\N
1818	f	\N	\N	67	\N	\N	1537	\N	\N	\N
1835	f	\N	\N	79	\N	\N	1259	\N	\N	\N
1836	f	\N	\N	92	\N	\N	1259	\N	\N	\N
1837	f	\N	\N	98	\N	\N	1259	\N	\N	\N
1838	f	\N	\N	80	\N	\N	1259	\N	\N	\N
1839	f	\N	\N	79	\N	\N	1539	\N	\N	\N
1840	f	\N	\N	92	\N	\N	1539	\N	\N	\N
1841	f	\N	\N	98	\N	\N	1539	\N	\N	\N
1842	f	\N	\N	80	\N	\N	1539	\N	\N	\N
1851	f	\N	\N	103	\N	\N	1260	\N	\N	\N
1852	f	\N	\N	105	\N	\N	1260	\N	\N	\N
1853	f	\N	\N	103	\N	\N	1540	\N	\N	\N
1854	f	\N	\N	105	\N	\N	1540	\N	\N	\N
1871	f	\N	\N	46	\N	\N	1261	\N	\N	\N
1872	f	\N	\N	49	\N	\N	1261	\N	\N	\N
1873	f	\N	\N	20	\N	\N	1261	\N	\N	\N
1874	f	\N	\N	25	\N	\N	1261	\N	\N	\N
1875	f	\N	\N	46	\N	\N	1541	\N	\N	\N
1876	f	\N	\N	49	\N	\N	1541	\N	\N	\N
1877	f	\N	\N	20	\N	\N	1541	\N	\N	\N
1878	f	\N	\N	25	\N	\N	1541	\N	\N	\N
1731	f	\N	\N	74	2	\N	412	8	\N	\N
1732	f	\N	\N	67	2	\N	412	8	\N	\N
1733	f	\N	\N	74	2	\N	692	8	\N	\N
1734	f	\N	\N	67	2	\N	692	8	\N	\N
1736	f	\N	\N	67	2	\N	972	8	\N	\N
1741	f	\N	\N	108	2	\N	133	4	\N	\N
1742	f	\N	\N	114	2	\N	133	4	\N	\N
1743	f	\N	\N	108	2	\N	413	4	\N	\N
1745	f	\N	\N	108	2	\N	693	4	\N	\N
1746	f	\N	\N	114	2	\N	693	4	\N	\N
1747	f	\N	\N	108	2	\N	973	4	\N	\N
1748	f	\N	\N	114	2	\N	973	4	\N	\N
1754	f	\N	\N	125	2	\N	134	4	\N	\N
1755	f	\N	\N	121	2	\N	134	4	\N	\N
1756	f	\N	\N	117	2	\N	134	4	\N	\N
1757	f	\N	\N	116	2	\N	414	4	\N	\N
1759	f	\N	\N	121	2	\N	414	4	\N	\N
1760	f	\N	\N	117	2	\N	414	4	\N	\N
1761	f	\N	\N	116	2	\N	694	4	\N	\N
1762	f	\N	\N	125	2	\N	694	4	\N	\N
1764	f	\N	\N	117	2	\N	694	4	\N	\N
1765	f	\N	\N	116	2	\N	974	4	\N	\N
1766	f	\N	\N	125	2	\N	974	4	\N	\N
1767	f	\N	\N	121	2	\N	974	4	\N	\N
1777	f	\N	\N	32	2	\N	135	4	\N	\N
1778	f	\N	\N	40	2	\N	135	4	\N	\N
1779	f	\N	\N	35	2	\N	135	4	\N	\N
1780	f	\N	\N	33	2	\N	135	4	\N	\N
1782	f	\N	\N	40	2	\N	415	4	\N	\N
1783	f	\N	\N	35	2	\N	415	4	\N	\N
1784	f	\N	\N	33	2	\N	415	4	\N	\N
1785	f	\N	\N	32	2	\N	695	4	\N	\N
1787	f	\N	\N	35	2	\N	695	4	\N	\N
1788	f	\N	\N	33	2	\N	695	4	\N	\N
1789	f	\N	\N	32	2	\N	975	4	\N	\N
1790	f	\N	\N	40	2	\N	975	4	\N	\N
1792	f	\N	\N	33	2	\N	975	4	\N	\N
1802	f	\N	\N	66	2	\N	137	2	\N	\N
1803	f	\N	\N	67	2	\N	137	2	\N	\N
1805	f	\N	\N	66	2	\N	417	2	\N	\N
1806	f	\N	\N	67	2	\N	417	2	\N	\N
1808	f	\N	\N	66	2	\N	697	2	\N	\N
1811	f	\N	\N	66	2	\N	977	2	\N	\N
1812	f	\N	\N	67	2	\N	977	2	\N	\N
1819	f	\N	\N	79	2	\N	139	2	\N	\N
1821	f	\N	\N	98	2	\N	139	2	\N	\N
1822	f	\N	\N	80	2	\N	139	2	\N	\N
1823	f	\N	\N	79	2	\N	419	2	\N	\N
1824	f	\N	\N	92	2	\N	419	2	\N	\N
1826	f	\N	\N	80	2	\N	419	2	\N	\N
1827	f	\N	\N	79	2	\N	699	2	\N	\N
1828	f	\N	\N	92	2	\N	699	2	\N	\N
1829	f	\N	\N	98	2	\N	699	2	\N	\N
1831	f	\N	\N	79	2	\N	979	2	\N	\N
1832	f	\N	\N	92	2	\N	979	2	\N	\N
1833	f	\N	\N	98	2	\N	979	2	\N	\N
1834	f	\N	\N	80	2	\N	979	2	\N	\N
1844	f	\N	\N	105	2	\N	140	2	\N	\N
1845	f	\N	\N	103	2	\N	420	2	\N	\N
1846	f	\N	\N	105	2	\N	420	2	\N	\N
1847	f	\N	\N	103	2	\N	700	2	\N	\N
1849	f	\N	\N	103	2	\N	980	2	\N	\N
1850	f	\N	\N	105	2	\N	980	2	\N	\N
1855	f	\N	\N	46	2	\N	141	3	\N	\N
1856	f	\N	\N	49	2	\N	141	3	\N	\N
1858	f	\N	\N	25	2	\N	141	3	\N	\N
1859	f	\N	\N	46	2	\N	421	3	\N	\N
1860	f	\N	\N	49	2	\N	421	3	\N	\N
1861	f	\N	\N	20	2	\N	421	3	\N	\N
1863	f	\N	\N	46	2	\N	701	3	\N	\N
1864	f	\N	\N	49	2	\N	701	3	\N	\N
1865	f	\N	\N	20	2	\N	701	3	\N	\N
1866	f	\N	\N	25	2	\N	701	3	\N	\N
1868	f	\N	\N	49	2	\N	981	3	\N	\N
1869	f	\N	\N	20	2	\N	981	3	\N	\N
1870	f	\N	\N	25	2	\N	981	3	\N	\N
1879	f	\N	\N	92	2	\N	142	3	\N	\N
1881	f	\N	\N	89	2	\N	142	3	\N	\N
1882	f	\N	\N	92	2	\N	422	3	\N	\N
1884	f	\N	\N	89	2	\N	422	3	\N	\N
1947	f	\N	\N	188	3	\N	146	10	\N	\N
1956	f	\N	\N	188	3	\N	986	10	\N	\N
1950	f	\N	\N	188	3	\N	426	10	\N	\N
1889	f	\N	\N	94	3	\N	982	3	\N	\N
1982	f	\N	\N	206	3	\N	149	11	\N	\N
1984	f	\N	\N	206	3	\N	429	11	\N	\N
1891	f	\N	\N	92	\N	\N	1262	\N	\N	\N
1892	f	\N	\N	94	\N	\N	1262	\N	\N	\N
1893	f	\N	\N	89	\N	\N	1262	\N	\N	\N
1894	f	\N	\N	92	\N	\N	1542	\N	\N	\N
1895	f	\N	\N	94	\N	\N	1542	\N	\N	\N
1896	f	\N	\N	89	\N	\N	1542	\N	\N	\N
1988	f	\N	\N	206	3	\N	989	11	\N	\N
1986	f	\N	\N	206	3	\N	709	11	\N	\N
1913	f	\N	\N	61	\N	\N	1263	\N	\N	\N
1914	f	\N	\N	60	\N	\N	1263	\N	\N	\N
1915	f	\N	\N	69	\N	\N	1263	\N	\N	\N
1916	f	\N	\N	65	\N	\N	1263	\N	\N	\N
1917	f	\N	\N	61	\N	\N	1543	\N	\N	\N
1918	f	\N	\N	60	\N	\N	1543	\N	\N	\N
1919	f	\N	\N	69	\N	\N	1543	\N	\N	\N
1920	f	\N	\N	65	\N	\N	1543	\N	\N	\N
1929	f	\N	\N	39	\N	\N	1264	\N	\N	\N
1930	f	\N	\N	50	\N	\N	1264	\N	\N	\N
1931	f	\N	\N	39	\N	\N	1544	\N	\N	\N
1932	f	\N	\N	50	\N	\N	1544	\N	\N	\N
1941	f	\N	\N	183	\N	\N	1265	\N	\N	\N
1942	f	\N	\N	194	\N	\N	1265	\N	\N	\N
1943	f	\N	\N	183	\N	\N	1545	\N	\N	\N
1944	f	\N	\N	194	\N	\N	1545	\N	\N	\N
1957	f	\N	\N	166	\N	\N	1266	\N	\N	\N
1958	f	\N	\N	189	\N	\N	1266	\N	\N	\N
1959	f	\N	\N	188	\N	\N	1266	\N	\N	\N
1960	f	\N	\N	166	\N	\N	1546	\N	\N	\N
1961	f	\N	\N	189	\N	\N	1546	\N	\N	\N
1962	f	\N	\N	188	\N	\N	1546	\N	\N	\N
1975	f	\N	\N	173	\N	\N	1267	\N	\N	\N
1976	f	\N	\N	210	\N	\N	1267	\N	\N	\N
1977	f	\N	\N	181	\N	\N	1267	\N	\N	\N
1978	f	\N	\N	173	\N	\N	1547	\N	\N	\N
1979	f	\N	\N	210	\N	\N	1547	\N	\N	\N
1980	f	\N	\N	181	\N	\N	1547	\N	\N	\N
1989	f	\N	\N	185	\N	\N	1269	\N	\N	\N
1990	f	\N	\N	206	\N	\N	1269	\N	\N	\N
1991	f	\N	\N	185	\N	\N	1549	\N	\N	\N
1992	f	\N	\N	206	\N	\N	1549	\N	\N	\N
2005	f	\N	\N	148	\N	\N	1271	\N	\N	\N
2006	f	\N	\N	131	\N	\N	1271	\N	\N	\N
2007	f	\N	\N	139	\N	\N	1271	\N	\N	\N
2008	f	\N	\N	148	\N	\N	1551	\N	\N	\N
2009	f	\N	\N	131	\N	\N	1551	\N	\N	\N
2010	f	\N	\N	139	\N	\N	1551	\N	\N	\N
2027	f	\N	\N	133	\N	\N	1272	\N	\N	\N
2028	f	\N	\N	153	\N	\N	1272	\N	\N	\N
2029	f	\N	\N	144	\N	\N	1272	\N	\N	\N
2030	f	\N	\N	140	\N	\N	1272	\N	\N	\N
2031	f	\N	\N	133	\N	\N	1552	\N	\N	\N
2032	f	\N	\N	153	\N	\N	1552	\N	\N	\N
2033	f	\N	\N	144	\N	\N	1552	\N	\N	\N
2034	f	\N	\N	140	\N	\N	1552	\N	\N	\N
1887	f	\N	\N	89	2	\N	702	3	\N	\N
1888	f	\N	\N	92	2	\N	982	3	\N	\N
1890	f	\N	\N	89	2	\N	982	3	\N	\N
1898	f	\N	\N	60	2	\N	143	3	\N	\N
1899	f	\N	\N	69	2	\N	143	3	\N	\N
1900	f	\N	\N	65	2	\N	143	3	\N	\N
1901	f	\N	\N	61	2	\N	423	3	\N	\N
1903	f	\N	\N	69	2	\N	423	3	\N	\N
1904	f	\N	\N	65	2	\N	423	3	\N	\N
1905	f	\N	\N	61	2	\N	703	3	\N	\N
1906	f	\N	\N	60	2	\N	703	3	\N	\N
1908	f	\N	\N	65	2	\N	703	3	\N	\N
1909	f	\N	\N	61	2	\N	983	3	\N	\N
1910	f	\N	\N	60	2	\N	983	3	\N	\N
1911	f	\N	\N	69	2	\N	983	3	\N	\N
1921	f	\N	\N	39	2	\N	144	3	\N	\N
1922	f	\N	\N	50	2	\N	144	3	\N	\N
1923	f	\N	\N	39	2	\N	424	3	\N	\N
1924	f	\N	\N	50	2	\N	424	3	\N	\N
1926	f	\N	\N	50	2	\N	704	3	\N	\N
1927	f	\N	\N	39	2	\N	984	3	\N	\N
1928	f	\N	\N	50	2	\N	984	3	\N	\N
1933	f	\N	\N	183	2	\N	145	10	\N	\N
1935	f	\N	\N	183	2	\N	425	10	\N	\N
1936	f	\N	\N	194	2	\N	425	10	\N	\N
1937	f	\N	\N	183	2	\N	705	10	\N	\N
1938	f	\N	\N	194	2	\N	705	10	\N	\N
1940	f	\N	\N	194	2	\N	985	10	\N	\N
1945	f	\N	\N	166	2	\N	146	10	\N	\N
1946	f	\N	\N	189	2	\N	146	10	\N	\N
1949	f	\N	\N	189	2	\N	426	10	\N	\N
1951	f	\N	\N	166	2	\N	706	10	\N	\N
1952	f	\N	\N	189	2	\N	706	10	\N	\N
1954	f	\N	\N	166	2	\N	986	10	\N	\N
1955	f	\N	\N	189	2	\N	986	10	\N	\N
1963	f	\N	\N	173	2	\N	147	10	\N	\N
1965	f	\N	\N	181	2	\N	147	10	\N	\N
1966	f	\N	\N	173	2	\N	427	10	\N	\N
1967	f	\N	\N	210	2	\N	427	10	\N	\N
1968	f	\N	\N	181	2	\N	427	10	\N	\N
1970	f	\N	\N	210	2	\N	707	10	\N	\N
1971	f	\N	\N	181	2	\N	707	10	\N	\N
1972	f	\N	\N	173	2	\N	987	10	\N	\N
1973	f	\N	\N	210	2	\N	987	10	\N	\N
1981	f	\N	\N	185	2	\N	149	11	\N	\N
1983	f	\N	\N	185	2	\N	429	11	\N	\N
1987	f	\N	\N	185	2	\N	989	11	\N	\N
1993	f	\N	\N	148	2	\N	151	11	\N	\N
1995	f	\N	\N	139	2	\N	151	11	\N	\N
1996	f	\N	\N	148	2	\N	431	11	\N	\N
1997	f	\N	\N	131	2	\N	431	11	\N	\N
1998	f	\N	\N	139	2	\N	431	11	\N	\N
2000	f	\N	\N	131	2	\N	711	11	\N	\N
2001	f	\N	\N	139	2	\N	711	11	\N	\N
2002	f	\N	\N	148	2	\N	991	11	\N	\N
2003	f	\N	\N	131	2	\N	991	11	\N	\N
2011	f	\N	\N	133	2	\N	152	11	\N	\N
2012	f	\N	\N	153	2	\N	152	11	\N	\N
2013	f	\N	\N	144	2	\N	152	11	\N	\N
2014	f	\N	\N	140	2	\N	152	11	\N	\N
2016	f	\N	\N	153	2	\N	432	11	\N	\N
2017	f	\N	\N	144	2	\N	432	11	\N	\N
2018	f	\N	\N	140	2	\N	432	11	\N	\N
2019	f	\N	\N	133	2	\N	712	11	\N	\N
2021	f	\N	\N	144	2	\N	712	11	\N	\N
2022	f	\N	\N	140	2	\N	712	11	\N	\N
2023	f	\N	\N	133	2	\N	992	11	\N	\N
2024	f	\N	\N	153	2	\N	992	11	\N	\N
2026	f	\N	\N	140	2	\N	992	11	\N	\N
2035	f	\N	\N	197	2	\N	154	15	\N	\N
2036	f	\N	\N	170	2	\N	154	15	\N	\N
2037	f	\N	\N	213	2	\N	154	15	\N	\N
2039	f	\N	\N	170	2	\N	434	15	\N	\N
2040	f	\N	\N	213	2	\N	434	15	\N	\N
2041	f	\N	\N	197	2	\N	714	15	\N	\N
2889	f	\N	\N	222	2	\N	211	15	\N	\N
2118	f	\N	\N	188	3	\N	719	13	\N	\N
2120	f	\N	\N	188	3	\N	999	13	\N	\N
2071	f	\N	\N	146	3	\N	157	13	\N	\N
2074	f	\N	\N	146	3	\N	437	13	\N	\N
2047	f	\N	\N	197	\N	\N	1274	\N	\N	\N
2048	f	\N	\N	170	\N	\N	1274	\N	\N	\N
2049	f	\N	\N	213	\N	\N	1274	\N	\N	\N
2050	f	\N	\N	197	\N	\N	1554	\N	\N	\N
2051	f	\N	\N	170	\N	\N	1554	\N	\N	\N
2052	f	\N	\N	213	\N	\N	1554	\N	\N	\N
2077	f	\N	\N	146	3	\N	717	13	\N	\N
2133	f	\N	\N	198	3	\N	161	14	\N	\N
2137	f	\N	\N	198	3	\N	441	14	\N	\N
2141	f	\N	\N	198	3	\N	721	14	\N	\N
2073	f	\N	\N	147	3	\N	157	13	\N	\N
2076	f	\N	\N	147	3	\N	437	13	\N	\N
2079	f	\N	\N	147	3	\N	717	13	\N	\N
2082	f	\N	\N	147	3	\N	997	13	\N	\N
2065	f	\N	\N	183	\N	\N	1276	\N	\N	\N
2066	f	\N	\N	168	\N	\N	1276	\N	\N	\N
2067	f	\N	\N	214	\N	\N	1276	\N	\N	\N
2068	f	\N	\N	183	\N	\N	1556	\N	\N	\N
2069	f	\N	\N	168	\N	\N	1556	\N	\N	\N
2070	f	\N	\N	214	\N	\N	1556	\N	\N	\N
2083	f	\N	\N	146	\N	\N	1277	\N	\N	\N
2084	f	\N	\N	129	\N	\N	1277	\N	\N	\N
2085	f	\N	\N	147	\N	\N	1277	\N	\N	\N
2086	f	\N	\N	146	\N	\N	1557	\N	\N	\N
2087	f	\N	\N	129	\N	\N	1557	\N	\N	\N
2088	f	\N	\N	147	\N	\N	1557	\N	\N	\N
2105	f	\N	\N	149	\N	\N	1278	\N	\N	\N
2106	f	\N	\N	127	\N	\N	1278	\N	\N	\N
2107	f	\N	\N	136	\N	\N	1278	\N	\N	\N
2108	f	\N	\N	151	\N	\N	1278	\N	\N	\N
2109	f	\N	\N	149	\N	\N	1558	\N	\N	\N
2110	f	\N	\N	127	\N	\N	1558	\N	\N	\N
2111	f	\N	\N	136	\N	\N	1558	\N	\N	\N
2112	f	\N	\N	151	\N	\N	1558	\N	\N	\N
2121	f	\N	\N	194	\N	\N	1279	\N	\N	\N
2122	f	\N	\N	188	\N	\N	1279	\N	\N	\N
2123	f	\N	\N	194	\N	\N	1559	\N	\N	\N
2124	f	\N	\N	188	\N	\N	1559	\N	\N	\N
2129	f	\N	\N	197	\N	\N	1280	\N	\N	\N
2130	f	\N	\N	197	\N	\N	1560	\N	\N	\N
2147	f	\N	\N	187	\N	\N	1281	\N	\N	\N
2148	f	\N	\N	179	\N	\N	1281	\N	\N	\N
2149	f	\N	\N	198	\N	\N	1281	\N	\N	\N
2150	f	\N	\N	193	\N	\N	1281	\N	\N	\N
2151	f	\N	\N	187	\N	\N	1561	\N	\N	\N
2152	f	\N	\N	179	\N	\N	1561	\N	\N	\N
2153	f	\N	\N	198	\N	\N	1561	\N	\N	\N
2154	f	\N	\N	193	\N	\N	1561	\N	\N	\N
2159	f	\N	\N	193	\N	\N	1282	\N	\N	\N
2160	f	\N	\N	193	\N	\N	1562	\N	\N	\N
2177	f	\N	\N	139	\N	\N	1283	\N	\N	\N
2178	f	\N	\N	163	\N	\N	1283	\N	\N	\N
2179	f	\N	\N	132	\N	\N	1283	\N	\N	\N
2180	f	\N	\N	131	\N	\N	1283	\N	\N	\N
2181	f	\N	\N	139	\N	\N	1563	\N	\N	\N
2182	f	\N	\N	163	\N	\N	1563	\N	\N	\N
2183	f	\N	\N	132	\N	\N	1563	\N	\N	\N
2184	f	\N	\N	131	\N	\N	1563	\N	\N	\N
2193	f	\N	\N	161	\N	\N	1284	\N	\N	\N
2194	f	\N	\N	158	\N	\N	1284	\N	\N	\N
2195	f	\N	\N	161	\N	\N	1564	\N	\N	\N
2196	f	\N	\N	158	\N	\N	1564	\N	\N	\N
2044	f	\N	\N	197	2	\N	994	15	\N	\N
2045	f	\N	\N	170	2	\N	994	15	\N	\N
2046	f	\N	\N	213	2	\N	994	15	\N	\N
2053	f	\N	\N	183	2	\N	156	15	\N	\N
2055	f	\N	\N	214	2	\N	156	15	\N	\N
2056	f	\N	\N	183	2	\N	436	15	\N	\N
2057	f	\N	\N	168	2	\N	436	15	\N	\N
2058	f	\N	\N	214	2	\N	436	15	\N	\N
2060	f	\N	\N	168	2	\N	716	15	\N	\N
2061	f	\N	\N	214	2	\N	716	15	\N	\N
2062	f	\N	\N	183	2	\N	996	15	\N	\N
2063	f	\N	\N	168	2	\N	996	15	\N	\N
2072	f	\N	\N	129	2	\N	157	13	\N	\N
2078	f	\N	\N	129	2	\N	717	13	\N	\N
2081	f	\N	\N	129	2	\N	997	13	\N	\N
2089	f	\N	\N	149	2	\N	158	13	\N	\N
2090	f	\N	\N	127	2	\N	158	13	\N	\N
2092	f	\N	\N	151	2	\N	158	13	\N	\N
2093	f	\N	\N	149	2	\N	438	13	\N	\N
2094	f	\N	\N	127	2	\N	438	13	\N	\N
2095	f	\N	\N	136	2	\N	438	13	\N	\N
2097	f	\N	\N	149	2	\N	718	13	\N	\N
2098	f	\N	\N	127	2	\N	718	13	\N	\N
2099	f	\N	\N	136	2	\N	718	13	\N	\N
2100	f	\N	\N	151	2	\N	718	13	\N	\N
2102	f	\N	\N	127	2	\N	998	13	\N	\N
2103	f	\N	\N	136	2	\N	998	13	\N	\N
2104	f	\N	\N	151	2	\N	998	13	\N	\N
2113	f	\N	\N	194	2	\N	159	13	\N	\N
2115	f	\N	\N	194	2	\N	439	13	\N	\N
2117	f	\N	\N	194	2	\N	719	13	\N	\N
2125	f	\N	\N	197	2	\N	160	13	\N	\N
2126	f	\N	\N	197	2	\N	440	13	\N	\N
2127	f	\N	\N	197	2	\N	720	13	\N	\N
2131	f	\N	\N	187	2	\N	161	14	\N	\N
2132	f	\N	\N	179	2	\N	161	14	\N	\N
2134	f	\N	\N	193	2	\N	161	14	\N	\N
2136	f	\N	\N	179	2	\N	441	14	\N	\N
2138	f	\N	\N	193	2	\N	441	14	\N	\N
2139	f	\N	\N	187	2	\N	721	14	\N	\N
2142	f	\N	\N	193	2	\N	721	14	\N	\N
2143	f	\N	\N	187	2	\N	1001	14	\N	\N
2144	f	\N	\N	179	2	\N	1001	14	\N	\N
2146	f	\N	\N	193	2	\N	1001	14	\N	\N
2155	f	\N	\N	193	2	\N	162	14	\N	\N
2156	f	\N	\N	193	2	\N	442	14	\N	\N
2157	f	\N	\N	193	2	\N	722	14	\N	\N
2161	f	\N	\N	139	2	\N	163	14	\N	\N
2162	f	\N	\N	163	2	\N	163	14	\N	\N
2163	f	\N	\N	132	2	\N	163	14	\N	\N
2164	f	\N	\N	131	2	\N	163	14	\N	\N
2166	f	\N	\N	163	2	\N	443	14	\N	\N
2167	f	\N	\N	132	2	\N	443	14	\N	\N
2168	f	\N	\N	131	2	\N	443	14	\N	\N
2169	f	\N	\N	139	2	\N	723	14	\N	\N
2171	f	\N	\N	132	2	\N	723	14	\N	\N
2172	f	\N	\N	131	2	\N	723	14	\N	\N
2173	f	\N	\N	139	2	\N	1003	14	\N	\N
2174	f	\N	\N	163	2	\N	1003	14	\N	\N
2176	f	\N	\N	131	2	\N	1003	14	\N	\N
2185	f	\N	\N	161	2	\N	164	14	\N	\N
2186	f	\N	\N	158	2	\N	164	14	\N	\N
2187	f	\N	\N	161	2	\N	444	14	\N	\N
2189	f	\N	\N	161	2	\N	724	14	\N	\N
2190	f	\N	\N	158	2	\N	724	14	\N	\N
2191	f	\N	\N	161	2	\N	1004	14	\N	\N
2192	f	\N	\N	158	2	\N	1004	14	\N	\N
2198	f	\N	\N	163	2	\N	165	12	\N	\N
2896	f	\N	\N	168	2	\N	771	15	\N	\N
2270	f	\N	\N	16	3	\N	450	5	\N	\N
2274	f	\N	\N	16	3	\N	730	5	\N	\N
2278	f	\N	\N	16	3	\N	1010	5	\N	\N
2341	f	\N	\N	94	3	\N	175	7	\N	\N
2345	f	\N	\N	94	3	\N	455	7	\N	\N
2349	f	\N	\N	94	3	\N	735	7	\N	\N
2233	f	\N	\N	198	3	\N	168	12	\N	\N
2245	f	\N	\N	198	3	\N	1008	12	\N	\N
2241	f	\N	\N	198	3	\N	728	12	\N	\N
2209	f	\N	\N	153	\N	\N	1285	\N	\N	\N
2210	f	\N	\N	163	\N	\N	1285	\N	\N	\N
2211	f	\N	\N	138	\N	\N	1285	\N	\N	\N
2212	f	\N	\N	153	\N	\N	1565	\N	\N	\N
2213	f	\N	\N	163	\N	\N	1565	\N	\N	\N
2214	f	\N	\N	138	\N	\N	1565	\N	\N	\N
2263	f	\N	\N	2	3	\N	170	5	\N	\N
2271	f	\N	\N	2	3	\N	730	5	\N	\N
2275	f	\N	\N	2	3	\N	1010	5	\N	\N
2223	f	\N	\N	149	\N	\N	1286	\N	\N	\N
2224	f	\N	\N	132	\N	\N	1286	\N	\N	\N
2225	f	\N	\N	149	\N	\N	1566	\N	\N	\N
2226	f	\N	\N	132	\N	\N	1566	\N	\N	\N
2231	f	\N	\N	170	\N	\N	1287	\N	\N	\N
2232	f	\N	\N	170	\N	\N	1567	\N	\N	\N
2249	f	\N	\N	198	\N	\N	1288	\N	\N	\N
2250	f	\N	\N	200	\N	\N	1288	\N	\N	\N
2251	f	\N	\N	226	\N	\N	1288	\N	\N	\N
2252	f	\N	\N	219	\N	\N	1288	\N	\N	\N
2253	f	\N	\N	198	\N	\N	1568	\N	\N	\N
2254	f	\N	\N	200	\N	\N	1568	\N	\N	\N
2255	f	\N	\N	226	\N	\N	1568	\N	\N	\N
2256	f	\N	\N	219	\N	\N	1568	\N	\N	\N
2261	f	\N	\N	48	\N	\N	1289	\N	\N	\N
2262	f	\N	\N	48	\N	\N	1569	\N	\N	\N
2279	f	\N	\N	2	\N	\N	1290	\N	\N	\N
2280	f	\N	\N	6	\N	\N	1290	\N	\N	\N
2281	f	\N	\N	20	\N	\N	1290	\N	\N	\N
2282	f	\N	\N	16	\N	\N	1290	\N	\N	\N
2283	f	\N	\N	2	\N	\N	1570	\N	\N	\N
2284	f	\N	\N	6	\N	\N	1570	\N	\N	\N
2285	f	\N	\N	20	\N	\N	1570	\N	\N	\N
2286	f	\N	\N	16	\N	\N	1570	\N	\N	\N
2303	f	\N	\N	43	\N	\N	1291	\N	\N	\N
2304	f	\N	\N	37	\N	\N	1291	\N	\N	\N
2305	f	\N	\N	21	\N	\N	1291	\N	\N	\N
2306	f	\N	\N	10	\N	\N	1291	\N	\N	\N
2307	f	\N	\N	43	\N	\N	1571	\N	\N	\N
2308	f	\N	\N	37	\N	\N	1571	\N	\N	\N
2309	f	\N	\N	21	\N	\N	1571	\N	\N	\N
2310	f	\N	\N	10	\N	\N	1571	\N	\N	\N
2327	f	\N	\N	5	\N	\N	1292	\N	\N	\N
2328	f	\N	\N	50	\N	\N	1292	\N	\N	\N
2329	f	\N	\N	4	\N	\N	1292	\N	\N	\N
2330	f	\N	\N	29	\N	\N	1292	\N	\N	\N
2331	f	\N	\N	5	\N	\N	1572	\N	\N	\N
2332	f	\N	\N	50	\N	\N	1572	\N	\N	\N
2333	f	\N	\N	4	\N	\N	1572	\N	\N	\N
2334	f	\N	\N	29	\N	\N	1572	\N	\N	\N
2339	f	\N	\N	114	\N	\N	1293	\N	\N	\N
2340	f	\N	\N	114	\N	\N	1573	\N	\N	\N
2201	f	\N	\N	163	2	\N	445	12	\N	\N
2202	f	\N	\N	138	2	\N	445	12	\N	\N
2203	f	\N	\N	153	2	\N	725	12	\N	\N
2204	f	\N	\N	163	2	\N	725	12	\N	\N
2206	f	\N	\N	153	2	\N	1005	12	\N	\N
2207	f	\N	\N	163	2	\N	1005	12	\N	\N
2208	f	\N	\N	138	2	\N	1005	12	\N	\N
2215	f	\N	\N	149	2	\N	166	12	\N	\N
2217	f	\N	\N	149	2	\N	446	12	\N	\N
2218	f	\N	\N	132	2	\N	446	12	\N	\N
2219	f	\N	\N	149	2	\N	726	12	\N	\N
2220	f	\N	\N	132	2	\N	726	12	\N	\N
2222	f	\N	\N	132	2	\N	1006	12	\N	\N
2227	f	\N	\N	170	2	\N	167	12	\N	\N
2228	f	\N	\N	170	2	\N	447	12	\N	\N
2229	f	\N	\N	170	2	\N	727	12	\N	\N
2234	f	\N	\N	200	2	\N	168	12	\N	\N
2235	f	\N	\N	226	2	\N	168	12	\N	\N
2236	f	\N	\N	219	2	\N	168	12	\N	\N
2238	f	\N	\N	200	2	\N	448	12	\N	\N
2239	f	\N	\N	226	2	\N	448	12	\N	\N
2240	f	\N	\N	219	2	\N	448	12	\N	\N
2243	f	\N	\N	226	2	\N	728	12	\N	\N
2244	f	\N	\N	219	2	\N	728	12	\N	\N
2246	f	\N	\N	200	2	\N	1008	12	\N	\N
2248	f	\N	\N	219	2	\N	1008	12	\N	\N
2257	f	\N	\N	48	2	\N	169	5	\N	\N
2258	f	\N	\N	48	2	\N	449	5	\N	\N
2259	f	\N	\N	48	2	\N	729	5	\N	\N
2264	f	\N	\N	6	2	\N	170	5	\N	\N
2265	f	\N	\N	20	2	\N	170	5	\N	\N
2268	f	\N	\N	6	2	\N	450	5	\N	\N
2269	f	\N	\N	20	2	\N	450	5	\N	\N
2273	f	\N	\N	20	2	\N	730	5	\N	\N
2276	f	\N	\N	6	2	\N	1010	5	\N	\N
2287	f	\N	\N	43	2	\N	171	5	\N	\N
2288	f	\N	\N	37	2	\N	171	5	\N	\N
2289	f	\N	\N	21	2	\N	171	5	\N	\N
2291	f	\N	\N	43	2	\N	451	5	\N	\N
2292	f	\N	\N	37	2	\N	451	5	\N	\N
2293	f	\N	\N	21	2	\N	451	5	\N	\N
2294	f	\N	\N	10	2	\N	451	5	\N	\N
2296	f	\N	\N	37	2	\N	731	5	\N	\N
2297	f	\N	\N	21	2	\N	731	5	\N	\N
2298	f	\N	\N	10	2	\N	731	5	\N	\N
2299	f	\N	\N	43	2	\N	1011	5	\N	\N
2301	f	\N	\N	21	2	\N	1011	5	\N	\N
2302	f	\N	\N	10	2	\N	1011	5	\N	\N
2311	f	\N	\N	5	2	\N	172	5	\N	\N
2312	f	\N	\N	50	2	\N	172	5	\N	\N
2314	f	\N	\N	29	2	\N	172	5	\N	\N
2315	f	\N	\N	5	2	\N	452	5	\N	\N
2316	f	\N	\N	50	2	\N	452	5	\N	\N
2317	f	\N	\N	4	2	\N	452	5	\N	\N
2319	f	\N	\N	5	2	\N	732	5	\N	\N
2320	f	\N	\N	50	2	\N	732	5	\N	\N
2321	f	\N	\N	4	2	\N	732	5	\N	\N
2322	f	\N	\N	29	2	\N	732	5	\N	\N
2324	f	\N	\N	50	2	\N	1012	5	\N	\N
2325	f	\N	\N	4	2	\N	1012	5	\N	\N
2326	f	\N	\N	29	2	\N	1012	5	\N	\N
2335	f	\N	\N	114	2	\N	173	7	\N	\N
2337	f	\N	\N	114	2	\N	733	7	\N	\N
2338	f	\N	\N	114	2	\N	1013	7	\N	\N
2342	f	\N	\N	82	2	\N	175	7	\N	\N
2344	f	\N	\N	80	2	\N	175	7	\N	\N
2346	f	\N	\N	82	2	\N	455	7	\N	\N
2347	f	\N	\N	83	2	\N	455	7	\N	\N
2350	f	\N	\N	82	2	\N	735	7	\N	\N
2351	f	\N	\N	83	2	\N	735	7	\N	\N
2352	f	\N	\N	80	2	\N	735	7	\N	\N
2354	f	\N	\N	82	2	\N	1015	7	\N	\N
2355	f	\N	\N	83	2	\N	1015	7	\N	\N
2385	f	\N	\N	16	3	\N	737	9	\N	\N
2357	f	\N	\N	94	\N	\N	1295	\N	\N	\N
2358	f	\N	\N	82	\N	\N	1295	\N	\N	\N
2359	f	\N	\N	83	\N	\N	1295	\N	\N	\N
2360	f	\N	\N	80	\N	\N	1295	\N	\N	\N
2361	f	\N	\N	94	\N	\N	1575	\N	\N	\N
2362	f	\N	\N	82	\N	\N	1575	\N	\N	\N
2363	f	\N	\N	83	\N	\N	1575	\N	\N	\N
2364	f	\N	\N	80	\N	\N	1575	\N	\N	\N
2388	f	\N	\N	16	3	\N	1017	9	\N	\N
2366	f	\N	\N	54	3	\N	176	7	\N	\N
2368	f	\N	\N	54	3	\N	456	7	\N	\N
2372	f	\N	\N	54	3	\N	1016	7	\N	\N
2442	f	\N	\N	94	3	\N	461	6	\N	\N
2446	f	\N	\N	94	3	\N	741	6	\N	\N
2438	f	\N	\N	94	3	\N	181	6	\N	\N
2450	f	\N	\N	94	3	\N	1021	6	\N	\N
2373	f	\N	\N	47	\N	\N	1296	\N	\N	\N
2374	f	\N	\N	54	\N	\N	1296	\N	\N	\N
2375	f	\N	\N	47	\N	\N	1576	\N	\N	\N
2376	f	\N	\N	54	\N	\N	1576	\N	\N	\N
2389	f	\N	\N	8	\N	\N	1297	\N	\N	\N
2390	f	\N	\N	19	\N	\N	1297	\N	\N	\N
2391	f	\N	\N	16	\N	\N	1297	\N	\N	\N
2392	f	\N	\N	8	\N	\N	1577	\N	\N	\N
2393	f	\N	\N	19	\N	\N	1577	\N	\N	\N
2394	f	\N	\N	16	\N	\N	1577	\N	\N	\N
2407	f	\N	\N	57	\N	\N	1298	\N	\N	\N
2408	f	\N	\N	51	\N	\N	1298	\N	\N	\N
2409	f	\N	\N	45	\N	\N	1298	\N	\N	\N
2410	f	\N	\N	57	\N	\N	1578	\N	\N	\N
2411	f	\N	\N	51	\N	\N	1578	\N	\N	\N
2412	f	\N	\N	45	\N	\N	1578	\N	\N	\N
2429	f	\N	\N	21	\N	\N	1299	\N	\N	\N
2430	f	\N	\N	22	\N	\N	1299	\N	\N	\N
2431	f	\N	\N	12	\N	\N	1299	\N	\N	\N
2432	f	\N	\N	4	\N	\N	1299	\N	\N	\N
2433	f	\N	\N	21	\N	\N	1579	\N	\N	\N
2434	f	\N	\N	22	\N	\N	1579	\N	\N	\N
2435	f	\N	\N	12	\N	\N	1579	\N	\N	\N
2436	f	\N	\N	4	\N	\N	1579	\N	\N	\N
2453	f	\N	\N	91	\N	\N	1301	\N	\N	\N
2454	f	\N	\N	94	\N	\N	1301	\N	\N	\N
2455	f	\N	\N	80	\N	\N	1301	\N	\N	\N
2456	f	\N	\N	99	\N	\N	1301	\N	\N	\N
2457	f	\N	\N	91	\N	\N	1581	\N	\N	\N
2458	f	\N	\N	94	\N	\N	1581	\N	\N	\N
2459	f	\N	\N	80	\N	\N	1581	\N	\N	\N
2460	f	\N	\N	99	\N	\N	1581	\N	\N	\N
2469	f	\N	\N	110	\N	\N	1302	\N	\N	\N
2470	f	\N	\N	104	\N	\N	1302	\N	\N	\N
2471	f	\N	\N	110	\N	\N	1582	\N	\N	\N
2472	f	\N	\N	104	\N	\N	1582	\N	\N	\N
2489	f	\N	\N	68	\N	\N	1303	\N	\N	\N
2490	f	\N	\N	73	\N	\N	1303	\N	\N	\N
2491	f	\N	\N	76	\N	\N	1303	\N	\N	\N
2492	f	\N	\N	62	\N	\N	1303	\N	\N	\N
2493	f	\N	\N	68	\N	\N	1583	\N	\N	\N
2494	f	\N	\N	73	\N	\N	1583	\N	\N	\N
2495	f	\N	\N	76	\N	\N	1583	\N	\N	\N
2496	f	\N	\N	62	\N	\N	1583	\N	\N	\N
2501	f	\N	\N	76	\N	\N	1304	\N	\N	\N
2502	f	\N	\N	76	\N	\N	1584	\N	\N	\N
2507	f	\N	\N	116	\N	\N	1305	\N	\N	\N
2508	f	\N	\N	116	\N	\N	1585	\N	\N	\N
2367	f	\N	\N	47	2	\N	456	7	\N	\N
2369	f	\N	\N	47	2	\N	736	7	\N	\N
2371	f	\N	\N	47	2	\N	1016	7	\N	\N
2377	f	\N	\N	8	2	\N	177	9	\N	\N
2378	f	\N	\N	19	2	\N	177	9	\N	\N
2380	f	\N	\N	8	2	\N	457	9	\N	\N
2381	f	\N	\N	19	2	\N	457	9	\N	\N
2383	f	\N	\N	8	2	\N	737	9	\N	\N
2386	f	\N	\N	8	2	\N	1017	9	\N	\N
2387	f	\N	\N	19	2	\N	1017	9	\N	\N
2396	f	\N	\N	51	2	\N	178	9	\N	\N
2397	f	\N	\N	45	2	\N	178	9	\N	\N
2398	f	\N	\N	57	2	\N	458	9	\N	\N
2399	f	\N	\N	51	2	\N	458	9	\N	\N
2401	f	\N	\N	57	2	\N	738	9	\N	\N
2402	f	\N	\N	51	2	\N	738	9	\N	\N
2403	f	\N	\N	45	2	\N	738	9	\N	\N
2404	f	\N	\N	57	2	\N	1018	9	\N	\N
2406	f	\N	\N	45	2	\N	1018	9	\N	\N
2413	f	\N	\N	21	2	\N	179	9	\N	\N
2414	f	\N	\N	22	2	\N	179	9	\N	\N
2415	f	\N	\N	12	2	\N	179	9	\N	\N
2417	f	\N	\N	21	2	\N	459	9	\N	\N
2418	f	\N	\N	22	2	\N	459	9	\N	\N
2419	f	\N	\N	12	2	\N	459	9	\N	\N
2420	f	\N	\N	4	2	\N	459	9	\N	\N
2422	f	\N	\N	22	2	\N	739	9	\N	\N
2423	f	\N	\N	12	2	\N	739	9	\N	\N
2424	f	\N	\N	4	2	\N	739	9	\N	\N
2425	f	\N	\N	21	2	\N	1019	9	\N	\N
2427	f	\N	\N	12	2	\N	1019	9	\N	\N
2428	f	\N	\N	4	2	\N	1019	9	\N	\N
2437	f	\N	\N	91	2	\N	181	6	\N	\N
2440	f	\N	\N	99	2	\N	181	6	\N	\N
2441	f	\N	\N	91	2	\N	461	6	\N	\N
2443	f	\N	\N	80	2	\N	461	6	\N	\N
2445	f	\N	\N	91	2	\N	741	6	\N	\N
2447	f	\N	\N	80	2	\N	741	6	\N	\N
2448	f	\N	\N	99	2	\N	741	6	\N	\N
2451	f	\N	\N	80	2	\N	1021	6	\N	\N
2452	f	\N	\N	99	2	\N	1021	6	\N	\N
2461	f	\N	\N	110	2	\N	182	6	\N	\N
2463	f	\N	\N	110	2	\N	462	6	\N	\N
2464	f	\N	\N	104	2	\N	462	6	\N	\N
2465	f	\N	\N	110	2	\N	742	6	\N	\N
2466	f	\N	\N	104	2	\N	742	6	\N	\N
2468	f	\N	\N	104	2	\N	1022	6	\N	\N
2473	f	\N	\N	68	2	\N	183	6	\N	\N
2474	f	\N	\N	73	2	\N	183	6	\N	\N
2475	f	\N	\N	76	2	\N	183	6	\N	\N
2477	f	\N	\N	68	2	\N	463	6	\N	\N
2478	f	\N	\N	73	2	\N	463	6	\N	\N
2479	f	\N	\N	76	2	\N	463	6	\N	\N
2480	f	\N	\N	62	2	\N	463	6	\N	\N
2482	f	\N	\N	73	2	\N	743	6	\N	\N
2483	f	\N	\N	76	2	\N	743	6	\N	\N
2484	f	\N	\N	62	2	\N	743	6	\N	\N
2485	f	\N	\N	68	2	\N	1023	6	\N	\N
2487	f	\N	\N	76	2	\N	1023	6	\N	\N
2488	f	\N	\N	62	2	\N	1023	6	\N	\N
2497	f	\N	\N	76	2	\N	184	6	\N	\N
2498	f	\N	\N	76	2	\N	464	6	\N	\N
2500	f	\N	\N	76	2	\N	1024	6	\N	\N
2503	f	\N	\N	116	2	\N	185	8	\N	\N
2504	f	\N	\N	116	2	\N	465	8	\N	\N
2505	f	\N	\N	116	2	\N	745	8	\N	\N
2509	f	\N	\N	86	2	\N	186	8	\N	\N
2510	f	\N	\N	86	2	\N	466	8	\N	\N
2511	f	\N	\N	86	2	\N	746	8	\N	\N
2512	f	\N	\N	86	2	\N	1026	8	\N	\N
2513	f	\N	\N	86	\N	\N	1306	\N	\N	\N
2514	f	\N	\N	86	\N	\N	1586	\N	\N	\N
2911	f	\N	\N	183	2	\N	213	13	\N	\N
2531	f	\N	\N	123	\N	\N	1307	\N	\N	\N
2532	f	\N	\N	125	\N	\N	1307	\N	\N	\N
2533	f	\N	\N	124	\N	\N	1307	\N	\N	\N
2534	f	\N	\N	121	\N	\N	1307	\N	\N	\N
2535	f	\N	\N	123	\N	\N	1587	\N	\N	\N
2536	f	\N	\N	125	\N	\N	1587	\N	\N	\N
2537	f	\N	\N	124	\N	\N	1587	\N	\N	\N
2538	f	\N	\N	121	\N	\N	1587	\N	\N	\N
2547	f	\N	\N	26	\N	\N	1308	\N	\N	\N
2548	f	\N	\N	44	\N	\N	1308	\N	\N	\N
2549	f	\N	\N	26	\N	\N	1588	\N	\N	\N
2550	f	\N	\N	44	\N	\N	1588	\N	\N	\N
2559	f	\N	\N	43	\N	\N	1310	\N	\N	\N
2560	f	\N	\N	42	\N	\N	1310	\N	\N	\N
2561	f	\N	\N	43	\N	\N	1590	\N	\N	\N
2562	f	\N	\N	42	\N	\N	1590	\N	\N	\N
2571	f	\N	\N	31	\N	\N	1311	\N	\N	\N
2572	f	\N	\N	42	\N	\N	1311	\N	\N	\N
2573	f	\N	\N	31	\N	\N	1591	\N	\N	\N
2574	f	\N	\N	42	\N	\N	1591	\N	\N	\N
2591	f	\N	\N	101	\N	\N	1312	\N	\N	\N
2592	f	\N	\N	102	\N	\N	1312	\N	\N	\N
2593	f	\N	\N	109	\N	\N	1312	\N	\N	\N
2594	f	\N	\N	108	\N	\N	1312	\N	\N	\N
2595	f	\N	\N	101	\N	\N	1592	\N	\N	\N
2596	f	\N	\N	102	\N	\N	1592	\N	\N	\N
2597	f	\N	\N	109	\N	\N	1592	\N	\N	\N
2598	f	\N	\N	108	\N	\N	1592	\N	\N	\N
2615	f	\N	\N	62	\N	\N	1313	\N	\N	\N
2616	f	\N	\N	71	\N	\N	1313	\N	\N	\N
2617	f	\N	\N	91	\N	\N	1313	\N	\N	\N
2618	f	\N	\N	86	\N	\N	1313	\N	\N	\N
2619	f	\N	\N	62	\N	\N	1593	\N	\N	\N
2620	f	\N	\N	71	\N	\N	1593	\N	\N	\N
2621	f	\N	\N	91	\N	\N	1593	\N	\N	\N
2622	f	\N	\N	86	\N	\N	1593	\N	\N	\N
2631	f	\N	\N	121	\N	\N	1314	\N	\N	\N
2632	f	\N	\N	122	\N	\N	1314	\N	\N	\N
2633	f	\N	\N	121	\N	\N	1594	\N	\N	\N
2634	f	\N	\N	122	\N	\N	1594	\N	\N	\N
2651	f	\N	\N	104	\N	\N	1315	\N	\N	\N
2652	f	\N	\N	108	\N	\N	1315	\N	\N	\N
2653	f	\N	\N	105	\N	\N	1315	\N	\N	\N
2654	f	\N	\N	109	\N	\N	1315	\N	\N	\N
2655	f	\N	\N	104	\N	\N	1595	\N	\N	\N
2656	f	\N	\N	108	\N	\N	1595	\N	\N	\N
2657	f	\N	\N	105	\N	\N	1595	\N	\N	\N
2658	f	\N	\N	109	\N	\N	1595	\N	\N	\N
2517	f	\N	\N	124	2	\N	187	8	\N	\N
2518	f	\N	\N	121	2	\N	187	8	\N	\N
2519	f	\N	\N	123	2	\N	467	8	\N	\N
2520	f	\N	\N	125	2	\N	467	8	\N	\N
2522	f	\N	\N	121	2	\N	467	8	\N	\N
2523	f	\N	\N	123	2	\N	747	8	\N	\N
2524	f	\N	\N	125	2	\N	747	8	\N	\N
2525	f	\N	\N	124	2	\N	747	8	\N	\N
2527	f	\N	\N	123	2	\N	1027	8	\N	\N
2528	f	\N	\N	125	2	\N	1027	8	\N	\N
2529	f	\N	\N	124	2	\N	1027	8	\N	\N
2530	f	\N	\N	121	2	\N	1027	8	\N	\N
2540	f	\N	\N	44	2	\N	188	8	\N	\N
2541	f	\N	\N	26	2	\N	468	8	\N	\N
2542	f	\N	\N	44	2	\N	468	8	\N	\N
2543	f	\N	\N	26	2	\N	748	8	\N	\N
2545	f	\N	\N	26	2	\N	1028	8	\N	\N
2546	f	\N	\N	44	2	\N	1028	8	\N	\N
2551	f	\N	\N	43	2	\N	190	4	\N	\N
2552	f	\N	\N	42	2	\N	190	4	\N	\N
2554	f	\N	\N	42	2	\N	470	4	\N	\N
2555	f	\N	\N	43	2	\N	750	4	\N	\N
2556	f	\N	\N	42	2	\N	750	4	\N	\N
2557	f	\N	\N	43	2	\N	1030	4	\N	\N
2563	f	\N	\N	31	2	\N	191	4	\N	\N
2564	f	\N	\N	42	2	\N	191	4	\N	\N
2565	f	\N	\N	31	2	\N	471	4	\N	\N
2566	f	\N	\N	42	2	\N	471	4	\N	\N
2568	f	\N	\N	42	2	\N	751	4	\N	\N
2569	f	\N	\N	31	2	\N	1031	4	\N	\N
2570	f	\N	\N	42	2	\N	1031	4	\N	\N
2575	f	\N	\N	101	2	\N	192	4	\N	\N
2577	f	\N	\N	109	2	\N	192	4	\N	\N
2578	f	\N	\N	108	2	\N	192	4	\N	\N
2579	f	\N	\N	101	2	\N	472	4	\N	\N
2580	f	\N	\N	102	2	\N	472	4	\N	\N
2582	f	\N	\N	108	2	\N	472	4	\N	\N
2583	f	\N	\N	101	2	\N	752	4	\N	\N
2584	f	\N	\N	102	2	\N	752	4	\N	\N
2585	f	\N	\N	109	2	\N	752	4	\N	\N
2587	f	\N	\N	101	2	\N	1032	4	\N	\N
2588	f	\N	\N	102	2	\N	1032	4	\N	\N
2589	f	\N	\N	109	2	\N	1032	4	\N	\N
2590	f	\N	\N	108	2	\N	1032	4	\N	\N
2600	f	\N	\N	71	2	\N	193	2	\N	\N
2601	f	\N	\N	91	2	\N	193	2	\N	\N
2602	f	\N	\N	86	2	\N	193	2	\N	\N
2603	f	\N	\N	62	2	\N	473	2	\N	\N
2605	f	\N	\N	91	2	\N	473	2	\N	\N
2606	f	\N	\N	86	2	\N	473	2	\N	\N
2607	f	\N	\N	62	2	\N	753	2	\N	\N
2608	f	\N	\N	71	2	\N	753	2	\N	\N
2610	f	\N	\N	86	2	\N	753	2	\N	\N
2611	f	\N	\N	62	2	\N	1033	2	\N	\N
2612	f	\N	\N	71	2	\N	1033	2	\N	\N
2613	f	\N	\N	91	2	\N	1033	2	\N	\N
2623	f	\N	\N	121	2	\N	194	2	\N	\N
2624	f	\N	\N	122	2	\N	194	2	\N	\N
2625	f	\N	\N	121	2	\N	474	2	\N	\N
2626	f	\N	\N	122	2	\N	474	2	\N	\N
2628	f	\N	\N	122	2	\N	754	2	\N	\N
2629	f	\N	\N	121	2	\N	1034	2	\N	\N
2630	f	\N	\N	122	2	\N	1034	2	\N	\N
2635	f	\N	\N	104	2	\N	195	2	\N	\N
2637	f	\N	\N	105	2	\N	195	2	\N	\N
2638	f	\N	\N	109	2	\N	195	2	\N	\N
2639	f	\N	\N	104	2	\N	475	2	\N	\N
2640	f	\N	\N	108	2	\N	475	2	\N	\N
2642	f	\N	\N	109	2	\N	475	2	\N	\N
2643	f	\N	\N	104	2	\N	755	2	\N	\N
2644	f	\N	\N	108	2	\N	755	2	\N	\N
2645	f	\N	\N	105	2	\N	755	2	\N	\N
2647	f	\N	\N	104	2	\N	1035	2	\N	\N
2648	f	\N	\N	108	2	\N	1035	2	\N	\N
2649	f	\N	\N	105	2	\N	1035	2	\N	\N
2650	f	\N	\N	109	2	\N	1035	2	\N	\N
2660	f	\N	\N	98	2	\N	196	2	\N	\N
2661	f	\N	\N	96	2	\N	196	2	\N	\N
2662	f	\N	\N	97	2	\N	196	2	\N	\N
2663	f	\N	\N	82	2	\N	476	2	\N	\N
2665	f	\N	\N	96	2	\N	476	2	\N	\N
2666	f	\N	\N	97	2	\N	476	2	\N	\N
2667	f	\N	\N	82	2	\N	756	2	\N	\N
2668	f	\N	\N	98	2	\N	756	2	\N	\N
2917	f	\N	\N	201	2	\N	493	13	\N	\N
2702	f	\N	\N	70	3	\N	198	3	\N	\N
2711	f	\N	\N	70	3	\N	1038	3	\N	\N
2731	f	\N	\N	209	3	\N	201	10	\N	\N
2739	f	\N	\N	209	3	\N	761	10	\N	\N
2675	f	\N	\N	82	\N	\N	1316	\N	\N	\N
2676	f	\N	\N	98	\N	\N	1316	\N	\N	\N
2677	f	\N	\N	96	\N	\N	1316	\N	\N	\N
2678	f	\N	\N	97	\N	\N	1316	\N	\N	\N
2679	f	\N	\N	82	\N	\N	1596	\N	\N	\N
2680	f	\N	\N	98	\N	\N	1596	\N	\N	\N
2681	f	\N	\N	96	\N	\N	1596	\N	\N	\N
2682	f	\N	\N	97	\N	\N	1596	\N	\N	\N
2743	f	\N	\N	209	3	\N	1041	10	\N	\N
2792	f	\N	\N	225	3	\N	204	10	\N	\N
2801	f	\N	\N	225	3	\N	1044	10	\N	\N
2798	f	\N	\N	225	3	\N	764	10	\N	\N
2695	f	\N	\N	53	\N	\N	1317	\N	\N	\N
2696	f	\N	\N	45	\N	\N	1317	\N	\N	\N
2697	f	\N	\N	50	\N	\N	1317	\N	\N	\N
2698	f	\N	\N	53	\N	\N	1597	\N	\N	\N
2699	f	\N	\N	45	\N	\N	1597	\N	\N	\N
2700	f	\N	\N	50	\N	\N	1597	\N	\N	\N
2713	f	\N	\N	63	\N	\N	1318	\N	\N	\N
2714	f	\N	\N	70	\N	\N	1318	\N	\N	\N
2715	f	\N	\N	67	\N	\N	1318	\N	\N	\N
2716	f	\N	\N	63	\N	\N	1598	\N	\N	\N
2717	f	\N	\N	70	\N	\N	1598	\N	\N	\N
2718	f	\N	\N	67	\N	\N	1598	\N	\N	\N
2727	f	\N	\N	125	\N	\N	1320	\N	\N	\N
2728	f	\N	\N	114	\N	\N	1320	\N	\N	\N
2729	f	\N	\N	125	\N	\N	1600	\N	\N	\N
2730	f	\N	\N	114	\N	\N	1600	\N	\N	\N
2747	f	\N	\N	209	\N	\N	1321	\N	\N	\N
2748	f	\N	\N	205	\N	\N	1321	\N	\N	\N
2749	f	\N	\N	184	\N	\N	1321	\N	\N	\N
2750	f	\N	\N	185	\N	\N	1321	\N	\N	\N
2751	f	\N	\N	209	\N	\N	1601	\N	\N	\N
2752	f	\N	\N	205	\N	\N	1601	\N	\N	\N
2753	f	\N	\N	184	\N	\N	1601	\N	\N	\N
2754	f	\N	\N	185	\N	\N	1601	\N	\N	\N
2767	f	\N	\N	218	\N	\N	1322	\N	\N	\N
2768	f	\N	\N	191	\N	\N	1322	\N	\N	\N
2769	f	\N	\N	197	\N	\N	1322	\N	\N	\N
2770	f	\N	\N	218	\N	\N	1602	\N	\N	\N
2771	f	\N	\N	191	\N	\N	1602	\N	\N	\N
2772	f	\N	\N	197	\N	\N	1602	\N	\N	\N
2785	f	\N	\N	153	\N	\N	1323	\N	\N	\N
2786	f	\N	\N	129	\N	\N	1323	\N	\N	\N
2787	f	\N	\N	145	\N	\N	1323	\N	\N	\N
2788	f	\N	\N	153	\N	\N	1603	\N	\N	\N
2789	f	\N	\N	129	\N	\N	1603	\N	\N	\N
2790	f	\N	\N	145	\N	\N	1603	\N	\N	\N
2803	f	\N	\N	213	\N	\N	1324	\N	\N	\N
2804	f	\N	\N	225	\N	\N	1324	\N	\N	\N
2805	f	\N	\N	178	\N	\N	1324	\N	\N	\N
2806	f	\N	\N	213	\N	\N	1604	\N	\N	\N
2807	f	\N	\N	225	\N	\N	1604	\N	\N	\N
2808	f	\N	\N	178	\N	\N	1604	\N	\N	\N
2817	f	\N	\N	133	\N	\N	1325	\N	\N	\N
2818	f	\N	\N	142	\N	\N	1325	\N	\N	\N
2819	f	\N	\N	133	\N	\N	1605	\N	\N	\N
2820	f	\N	\N	142	\N	\N	1605	\N	\N	\N
2672	f	\N	\N	98	2	\N	1036	2	\N	\N
2673	f	\N	\N	96	2	\N	1036	2	\N	\N
2674	f	\N	\N	97	2	\N	1036	2	\N	\N
2683	f	\N	\N	53	2	\N	197	3	\N	\N
2685	f	\N	\N	50	2	\N	197	3	\N	\N
2686	f	\N	\N	53	2	\N	477	3	\N	\N
2687	f	\N	\N	45	2	\N	477	3	\N	\N
2688	f	\N	\N	50	2	\N	477	3	\N	\N
2690	f	\N	\N	45	2	\N	757	3	\N	\N
2691	f	\N	\N	50	2	\N	757	3	\N	\N
2692	f	\N	\N	53	2	\N	1037	3	\N	\N
2693	f	\N	\N	45	2	\N	1037	3	\N	\N
2701	f	\N	\N	63	2	\N	198	3	\N	\N
2703	f	\N	\N	67	2	\N	198	3	\N	\N
2704	f	\N	\N	63	2	\N	478	3	\N	\N
2706	f	\N	\N	67	2	\N	478	3	\N	\N
2707	f	\N	\N	63	2	\N	758	3	\N	\N
2709	f	\N	\N	67	2	\N	758	3	\N	\N
2712	f	\N	\N	67	2	\N	1038	3	\N	\N
2719	f	\N	\N	125	2	\N	200	3	\N	\N
2720	f	\N	\N	114	2	\N	200	3	\N	\N
2722	f	\N	\N	114	2	\N	480	3	\N	\N
2723	f	\N	\N	125	2	\N	760	3	\N	\N
2724	f	\N	\N	114	2	\N	760	3	\N	\N
2725	f	\N	\N	125	2	\N	1040	3	\N	\N
2732	f	\N	\N	205	2	\N	201	10	\N	\N
2733	f	\N	\N	184	2	\N	201	10	\N	\N
2734	f	\N	\N	185	2	\N	201	10	\N	\N
2736	f	\N	\N	205	2	\N	481	10	\N	\N
2737	f	\N	\N	184	2	\N	481	10	\N	\N
2738	f	\N	\N	185	2	\N	481	10	\N	\N
2741	f	\N	\N	184	2	\N	761	10	\N	\N
2742	f	\N	\N	185	2	\N	761	10	\N	\N
2744	f	\N	\N	205	2	\N	1041	10	\N	\N
2746	f	\N	\N	185	2	\N	1041	10	\N	\N
2755	f	\N	\N	218	2	\N	202	10	\N	\N
2756	f	\N	\N	191	2	\N	202	10	\N	\N
2757	f	\N	\N	197	2	\N	202	10	\N	\N
2759	f	\N	\N	191	2	\N	482	10	\N	\N
2760	f	\N	\N	197	2	\N	482	10	\N	\N
2761	f	\N	\N	218	2	\N	762	10	\N	\N
2762	f	\N	\N	191	2	\N	762	10	\N	\N
2764	f	\N	\N	218	2	\N	1042	10	\N	\N
2765	f	\N	\N	191	2	\N	1042	10	\N	\N
2766	f	\N	\N	197	2	\N	1042	10	\N	\N
2773	f	\N	\N	153	2	\N	203	10	\N	\N
2775	f	\N	\N	145	2	\N	203	10	\N	\N
2776	f	\N	\N	153	2	\N	483	10	\N	\N
2777	f	\N	\N	129	2	\N	483	10	\N	\N
2778	f	\N	\N	145	2	\N	483	10	\N	\N
2780	f	\N	\N	129	2	\N	763	10	\N	\N
2781	f	\N	\N	145	2	\N	763	10	\N	\N
2782	f	\N	\N	153	2	\N	1043	10	\N	\N
2783	f	\N	\N	129	2	\N	1043	10	\N	\N
2791	f	\N	\N	213	2	\N	204	10	\N	\N
2793	f	\N	\N	178	2	\N	204	10	\N	\N
2794	f	\N	\N	213	2	\N	484	10	\N	\N
2796	f	\N	\N	178	2	\N	484	10	\N	\N
2797	f	\N	\N	213	2	\N	764	10	\N	\N
2799	f	\N	\N	178	2	\N	764	10	\N	\N
2802	f	\N	\N	178	2	\N	1044	10	\N	\N
2809	f	\N	\N	133	2	\N	205	11	\N	\N
2810	f	\N	\N	142	2	\N	205	11	\N	\N
2812	f	\N	\N	142	2	\N	485	11	\N	\N
2813	f	\N	\N	133	2	\N	765	11	\N	\N
2814	f	\N	\N	142	2	\N	765	11	\N	\N
2815	f	\N	\N	133	2	\N	1045	11	\N	\N
2821	f	\N	\N	164	2	\N	206	11	\N	\N
2822	f	\N	\N	140	2	\N	206	11	\N	\N
2823	f	\N	\N	164	2	\N	486	11	\N	\N
2824	f	\N	\N	140	2	\N	486	11	\N	\N
2826	f	\N	\N	140	2	\N	766	11	\N	\N
2870	f	\N	\N	159	2	\N	210	15	\N	\N
2871	f	\N	\N	143	2	\N	210	15	\N	\N
2829	f	\N	\N	164	\N	\N	1326	\N	\N	\N
2830	f	\N	\N	140	\N	\N	1326	\N	\N	\N
2831	f	\N	\N	164	\N	\N	1606	\N	\N	\N
2832	f	\N	\N	140	\N	\N	1606	\N	\N	\N
2872	f	\N	\N	137	2	\N	490	15	\N	\N
2873	f	\N	\N	159	2	\N	490	15	\N	\N
2874	f	\N	\N	143	2	\N	490	15	\N	\N
2875	f	\N	\N	137	2	\N	770	15	\N	\N
2877	f	\N	\N	143	2	\N	770	15	\N	\N
2878	f	\N	\N	137	2	\N	1050	15	\N	\N
2879	f	\N	\N	159	2	\N	1050	15	\N	\N
2880	f	\N	\N	143	2	\N	1050	15	\N	\N
2841	f	\N	\N	182	\N	\N	1328	\N	\N	\N
2842	f	\N	\N	203	\N	\N	1328	\N	\N	\N
2843	f	\N	\N	182	\N	\N	1608	\N	\N	\N
2844	f	\N	\N	203	\N	\N	1608	\N	\N	\N
2887	f	\N	\N	170	2	\N	211	15	\N	\N
2888	f	\N	\N	168	2	\N	211	15	\N	\N
2890	f	\N	\N	186	2	\N	211	15	\N	\N
2891	f	\N	\N	170	2	\N	491	15	\N	\N
2892	f	\N	\N	168	2	\N	491	15	\N	\N
2893	f	\N	\N	222	2	\N	491	15	\N	\N
2894	f	\N	\N	186	2	\N	491	15	\N	\N
2895	f	\N	\N	170	2	\N	771	15	\N	\N
2897	f	\N	\N	222	2	\N	771	15	\N	\N
2898	f	\N	\N	186	2	\N	771	15	\N	\N
2899	f	\N	\N	170	2	\N	1051	15	\N	\N
2900	f	\N	\N	168	2	\N	1051	15	\N	\N
2901	f	\N	\N	222	2	\N	1051	15	\N	\N
2902	f	\N	\N	186	2	\N	1051	15	\N	\N
2912	f	\N	\N	180	2	\N	213	13	\N	\N
2913	f	\N	\N	201	2	\N	213	13	\N	\N
2861	f	\N	\N	221	\N	\N	1329	\N	\N	\N
2862	f	\N	\N	184	\N	\N	1329	\N	\N	\N
2863	f	\N	\N	224	\N	\N	1329	\N	\N	\N
2864	f	\N	\N	188	\N	\N	1329	\N	\N	\N
2865	f	\N	\N	221	\N	\N	1609	\N	\N	\N
2866	f	\N	\N	184	\N	\N	1609	\N	\N	\N
2867	f	\N	\N	224	\N	\N	1609	\N	\N	\N
2868	f	\N	\N	188	\N	\N	1609	\N	\N	\N
2881	f	\N	\N	137	\N	\N	1330	\N	\N	\N
2882	f	\N	\N	159	\N	\N	1330	\N	\N	\N
2883	f	\N	\N	143	\N	\N	1330	\N	\N	\N
2884	f	\N	\N	137	\N	\N	1610	\N	\N	\N
2885	f	\N	\N	159	\N	\N	1610	\N	\N	\N
2886	f	\N	\N	143	\N	\N	1610	\N	\N	\N
2903	f	\N	\N	170	\N	\N	1331	\N	\N	\N
2904	f	\N	\N	168	\N	\N	1331	\N	\N	\N
2905	f	\N	\N	222	\N	\N	1331	\N	\N	\N
2906	f	\N	\N	186	\N	\N	1331	\N	\N	\N
2907	f	\N	\N	170	\N	\N	1611	\N	\N	\N
2908	f	\N	\N	168	\N	\N	1611	\N	\N	\N
2909	f	\N	\N	222	\N	\N	1611	\N	\N	\N
2910	f	\N	\N	186	\N	\N	1611	\N	\N	\N
2927	f	\N	\N	183	\N	\N	1333	\N	\N	\N
2928	f	\N	\N	180	\N	\N	1333	\N	\N	\N
2929	f	\N	\N	201	\N	\N	1333	\N	\N	\N
2930	f	\N	\N	199	\N	\N	1333	\N	\N	\N
2931	f	\N	\N	183	\N	\N	1613	\N	\N	\N
2932	f	\N	\N	180	\N	\N	1613	\N	\N	\N
2933	f	\N	\N	201	\N	\N	1613	\N	\N	\N
2934	f	\N	\N	199	\N	\N	1613	\N	\N	\N
2939	f	\N	\N	131	\N	\N	1335	\N	\N	\N
2940	f	\N	\N	131	\N	\N	1615	\N	\N	\N
2953	f	\N	\N	146	\N	\N	1336	\N	\N	\N
2954	f	\N	\N	158	\N	\N	1336	\N	\N	\N
2955	f	\N	\N	130	\N	\N	1336	\N	\N	\N
2956	f	\N	\N	146	\N	\N	1616	\N	\N	\N
2957	f	\N	\N	158	\N	\N	1616	\N	\N	\N
2958	f	\N	\N	130	\N	\N	1616	\N	\N	\N
2975	f	\N	\N	163	\N	\N	1337	\N	\N	\N
2976	f	\N	\N	162	\N	\N	1337	\N	\N	\N
2977	f	\N	\N	148	\N	\N	1337	\N	\N	\N
2978	f	\N	\N	154	\N	\N	1337	\N	\N	\N
2979	f	\N	\N	163	\N	\N	1617	\N	\N	\N
2980	f	\N	\N	162	\N	\N	1617	\N	\N	\N
2981	f	\N	\N	148	\N	\N	1617	\N	\N	\N
2982	f	\N	\N	154	\N	\N	1617	\N	\N	\N
2833	f	\N	\N	182	2	\N	208	11	\N	\N
2834	f	\N	\N	203	2	\N	208	11	\N	\N
2835	f	\N	\N	182	2	\N	488	11	\N	\N
2836	f	\N	\N	203	2	\N	488	11	\N	\N
2838	f	\N	\N	203	2	\N	768	11	\N	\N
2839	f	\N	\N	182	2	\N	1048	11	\N	\N
2840	f	\N	\N	203	2	\N	1048	11	\N	\N
2845	f	\N	\N	221	2	\N	209	15	\N	\N
2847	f	\N	\N	224	2	\N	209	15	\N	\N
2849	f	\N	\N	221	2	\N	489	15	\N	\N
2850	f	\N	\N	184	2	\N	489	15	\N	\N
2853	f	\N	\N	221	2	\N	769	15	\N	\N
2854	f	\N	\N	184	2	\N	769	15	\N	\N
2855	f	\N	\N	224	2	\N	769	15	\N	\N
2857	f	\N	\N	221	2	\N	1049	15	\N	\N
2858	f	\N	\N	184	2	\N	1049	15	\N	\N
2859	f	\N	\N	224	2	\N	1049	15	\N	\N
2914	f	\N	\N	199	2	\N	213	13	\N	\N
2915	f	\N	\N	183	2	\N	493	13	\N	\N
2916	f	\N	\N	180	2	\N	493	13	\N	\N
2918	f	\N	\N	199	2	\N	493	13	\N	\N
2919	f	\N	\N	183	2	\N	773	13	\N	\N
2920	f	\N	\N	180	2	\N	773	13	\N	\N
2921	f	\N	\N	201	2	\N	773	13	\N	\N
2923	f	\N	\N	183	2	\N	1053	13	\N	\N
2924	f	\N	\N	180	2	\N	1053	13	\N	\N
2925	f	\N	\N	201	2	\N	1053	13	\N	\N
2926	f	\N	\N	199	2	\N	1053	13	\N	\N
2936	f	\N	\N	131	2	\N	495	13	\N	\N
2937	f	\N	\N	131	2	\N	775	13	\N	\N
2938	f	\N	\N	131	2	\N	1055	13	\N	\N
2943	f	\N	\N	130	2	\N	216	13	\N	\N
2945	f	\N	\N	158	2	\N	496	13	\N	\N
2946	f	\N	\N	130	2	\N	496	13	\N	\N
2948	f	\N	\N	158	2	\N	776	13	\N	\N
2949	f	\N	\N	130	2	\N	776	13	\N	\N
2951	f	\N	\N	158	2	\N	1056	13	\N	\N
2959	f	\N	\N	163	2	\N	217	14	\N	\N
2960	f	\N	\N	162	2	\N	217	14	\N	\N
2961	f	\N	\N	148	2	\N	217	14	\N	\N
2962	f	\N	\N	154	2	\N	217	14	\N	\N
2964	f	\N	\N	162	2	\N	497	14	\N	\N
2965	f	\N	\N	148	2	\N	497	14	\N	\N
2966	f	\N	\N	154	2	\N	497	14	\N	\N
2967	f	\N	\N	163	2	\N	777	14	\N	\N
2969	f	\N	\N	148	2	\N	777	14	\N	\N
2970	f	\N	\N	154	2	\N	777	14	\N	\N
2971	f	\N	\N	163	2	\N	1057	14	\N	\N
2972	f	\N	\N	162	2	\N	1057	14	\N	\N
2974	f	\N	\N	154	2	\N	1057	14	\N	\N
2983	f	\N	\N	189	2	\N	218	14	\N	\N
2848	f	\N	\N	188	3	\N	209	15	\N	\N
2852	f	\N	\N	188	3	\N	489	15	\N	\N
2860	f	\N	\N	188	3	\N	1049	15	\N	\N
2941	f	\N	\N	146	3	\N	216	13	\N	\N
2950	f	\N	\N	146	3	\N	1056	13	\N	\N
2999	f	\N	\N	189	\N	\N	1338	\N	\N	\N
3000	f	\N	\N	195	\N	\N	1338	\N	\N	\N
3001	f	\N	\N	206	\N	\N	1338	\N	\N	\N
3002	f	\N	\N	200	\N	\N	1338	\N	\N	\N
3003	f	\N	\N	189	\N	\N	1618	\N	\N	\N
3004	f	\N	\N	195	\N	\N	1618	\N	\N	\N
3005	f	\N	\N	206	\N	\N	1618	\N	\N	\N
3006	f	\N	\N	200	\N	\N	1618	\N	\N	\N
3023	f	\N	\N	170	\N	\N	1339	\N	\N	\N
3024	f	\N	\N	168	\N	\N	1339	\N	\N	\N
3025	f	\N	\N	179	\N	\N	1339	\N	\N	\N
3026	f	\N	\N	203	\N	\N	1339	\N	\N	\N
3027	f	\N	\N	170	\N	\N	1619	\N	\N	\N
3028	f	\N	\N	168	\N	\N	1619	\N	\N	\N
3029	f	\N	\N	179	\N	\N	1619	\N	\N	\N
3030	f	\N	\N	203	\N	\N	1619	\N	\N	\N
3035	f	\N	\N	202	\N	\N	1340	\N	\N	\N
3036	f	\N	\N	202	\N	\N	1620	\N	\N	\N
3045	f	\N	\N	188	\N	\N	1342	\N	\N	\N
3046	f	\N	\N	171	\N	\N	1342	\N	\N	\N
3047	f	\N	\N	188	\N	\N	1622	\N	\N	\N
3048	f	\N	\N	171	\N	\N	1622	\N	\N	\N
3057	f	\N	\N	216	\N	\N	1343	\N	\N	\N
3058	f	\N	\N	171	\N	\N	1343	\N	\N	\N
3059	f	\N	\N	216	\N	\N	1623	\N	\N	\N
3060	f	\N	\N	171	\N	\N	1623	\N	\N	\N
3065	f	\N	\N	130	\N	\N	1344	\N	\N	\N
3066	f	\N	\N	130	\N	\N	1624	\N	\N	\N
3075	f	\N	\N	21	\N	\N	1345	\N	\N	\N
3076	f	\N	\N	3	\N	\N	1345	\N	\N	\N
3077	f	\N	\N	21	\N	\N	1625	\N	\N	\N
3078	f	\N	\N	3	\N	\N	1625	\N	\N	\N
3083	f	\N	\N	111	\N	\N	1347	\N	\N	\N
3084	f	\N	\N	111	\N	\N	1627	\N	\N	\N
3093	f	\N	\N	110	\N	\N	1348	\N	\N	\N
3094	f	\N	\N	111	\N	\N	1348	\N	\N	\N
3095	f	\N	\N	110	\N	\N	1628	\N	\N	\N
3096	f	\N	\N	111	\N	\N	1628	\N	\N	\N
3113	f	\N	\N	103	\N	\N	1350	\N	\N	\N
3114	f	\N	\N	104	\N	\N	1350	\N	\N	\N
3115	f	\N	\N	106	\N	\N	1350	\N	\N	\N
3116	f	\N	\N	102	\N	\N	1350	\N	\N	\N
3117	f	\N	\N	103	\N	\N	1630	\N	\N	\N
3118	f	\N	\N	104	\N	\N	1630	\N	\N	\N
3119	f	\N	\N	106	\N	\N	1630	\N	\N	\N
3120	f	\N	\N	102	\N	\N	1630	\N	\N	\N
3133	f	\N	\N	21	\N	\N	1351	\N	\N	\N
3134	f	\N	\N	13	\N	\N	1351	\N	\N	\N
3135	f	\N	\N	20	\N	\N	1351	\N	\N	\N
3136	f	\N	\N	21	\N	\N	1631	\N	\N	\N
3137	f	\N	\N	13	\N	\N	1631	\N	\N	\N
3138	f	\N	\N	20	\N	\N	1631	\N	\N	\N
2986	f	\N	\N	200	2	\N	218	14	\N	\N
2987	f	\N	\N	189	2	\N	498	14	\N	\N
2988	f	\N	\N	195	2	\N	498	14	\N	\N
2991	f	\N	\N	189	2	\N	778	14	\N	\N
2992	f	\N	\N	195	2	\N	778	14	\N	\N
2994	f	\N	\N	200	2	\N	778	14	\N	\N
2996	f	\N	\N	195	2	\N	1058	14	\N	\N
2998	f	\N	\N	200	2	\N	1058	14	\N	\N
3007	f	\N	\N	170	2	\N	219	14	\N	\N
3009	f	\N	\N	179	2	\N	219	14	\N	\N
3010	f	\N	\N	203	2	\N	219	14	\N	\N
3011	f	\N	\N	170	2	\N	499	14	\N	\N
3012	f	\N	\N	168	2	\N	499	14	\N	\N
3014	f	\N	\N	203	2	\N	499	14	\N	\N
3015	f	\N	\N	170	2	\N	779	14	\N	\N
3016	f	\N	\N	168	2	\N	779	14	\N	\N
3017	f	\N	\N	179	2	\N	779	14	\N	\N
3019	f	\N	\N	170	2	\N	1059	14	\N	\N
3020	f	\N	\N	168	2	\N	1059	14	\N	\N
3021	f	\N	\N	179	2	\N	1059	14	\N	\N
3022	f	\N	\N	203	2	\N	1059	14	\N	\N
3049	f	\N	\N	216	2	\N	223	12	\N	\N
3051	f	\N	\N	216	2	\N	503	12	\N	\N
3053	f	\N	\N	216	2	\N	783	12	\N	\N
3055	f	\N	\N	216	2	\N	1063	12	\N	\N
3062	f	\N	\N	130	2	\N	504	12	\N	\N
3063	f	\N	\N	130	2	\N	784	12	\N	\N
3064	f	\N	\N	130	2	\N	1064	12	\N	\N
3067	f	\N	\N	21	2	\N	225	5	\N	\N
3069	f	\N	\N	21	2	\N	505	5	\N	\N
3070	f	\N	\N	3	2	\N	505	5	\N	\N
3071	f	\N	\N	21	2	\N	785	5	\N	\N
3072	f	\N	\N	3	2	\N	785	5	\N	\N
3074	f	\N	\N	3	2	\N	1065	5	\N	\N
3079	f	\N	\N	111	2	\N	227	5	\N	\N
3080	f	\N	\N	111	2	\N	507	5	\N	\N
3081	f	\N	\N	111	2	\N	787	5	\N	\N
3085	f	\N	\N	110	2	\N	228	5	\N	\N
3086	f	\N	\N	111	2	\N	228	5	\N	\N
3087	f	\N	\N	110	2	\N	508	5	\N	\N
3088	f	\N	\N	111	2	\N	508	5	\N	\N
3090	f	\N	\N	111	2	\N	788	5	\N	\N
3091	f	\N	\N	110	2	\N	1068	5	\N	\N
3092	f	\N	\N	111	2	\N	1068	5	\N	\N
3097	f	\N	\N	103	2	\N	230	7	\N	\N
3099	f	\N	\N	106	2	\N	230	7	\N	\N
3100	f	\N	\N	102	2	\N	230	7	\N	\N
3101	f	\N	\N	103	2	\N	510	7	\N	\N
3102	f	\N	\N	104	2	\N	510	7	\N	\N
3104	f	\N	\N	102	2	\N	510	7	\N	\N
3105	f	\N	\N	103	2	\N	790	7	\N	\N
3106	f	\N	\N	104	2	\N	790	7	\N	\N
3107	f	\N	\N	106	2	\N	790	7	\N	\N
3109	f	\N	\N	103	2	\N	1070	7	\N	\N
3110	f	\N	\N	104	2	\N	1070	7	\N	\N
3111	f	\N	\N	106	2	\N	1070	7	\N	\N
3112	f	\N	\N	102	2	\N	1070	7	\N	\N
3122	f	\N	\N	13	2	\N	231	7	\N	\N
3123	f	\N	\N	20	2	\N	231	7	\N	\N
3124	f	\N	\N	21	2	\N	511	7	\N	\N
3125	f	\N	\N	13	2	\N	511	7	\N	\N
3127	f	\N	\N	21	2	\N	791	7	\N	\N
3128	f	\N	\N	13	2	\N	791	7	\N	\N
3129	f	\N	\N	20	2	\N	791	7	\N	\N
3130	f	\N	\N	21	2	\N	1071	7	\N	\N
3132	f	\N	\N	20	2	\N	1071	7	\N	\N
3140	f	\N	\N	45	2	\N	232	7	\N	\N
3037	f	\N	\N	188	3	\N	222	12	\N	\N
3039	f	\N	\N	188	3	\N	502	12	\N	\N
3032	f	\N	\N	202	3	\N	500	14	\N	\N
3033	f	\N	\N	202	3	\N	780	14	\N	\N
3034	f	\N	\N	202	3	\N	1060	14	\N	\N
3139	f	\N	\N	54	3	\N	232	7	\N	\N
2989	f	\N	\N	206	3	\N	498	14	\N	\N
2993	f	\N	\N	206	3	\N	778	14	\N	\N
2997	f	\N	\N	206	3	\N	1058	14	\N	\N
3040	f	\N	\N	171	3	\N	502	12	\N	\N
3054	f	\N	\N	171	3	\N	783	12	\N	\N
3050	f	\N	\N	171	3	\N	223	12	\N	\N
3044	f	\N	\N	171	3	\N	1062	12	\N	\N
3056	f	\N	\N	171	3	\N	1063	12	\N	\N
3042	f	\N	\N	171	3	\N	782	12	\N	\N
3155	f	\N	\N	54	\N	\N	1352	\N	\N	\N
3156	f	\N	\N	45	\N	\N	1352	\N	\N	\N
3157	f	\N	\N	50	\N	\N	1352	\N	\N	\N
3158	f	\N	\N	53	\N	\N	1352	\N	\N	\N
3159	f	\N	\N	54	\N	\N	1632	\N	\N	\N
3160	f	\N	\N	45	\N	\N	1632	\N	\N	\N
3161	f	\N	\N	50	\N	\N	1632	\N	\N	\N
3162	f	\N	\N	53	\N	\N	1632	\N	\N	\N
3171	f	\N	\N	71	\N	\N	1353	\N	\N	\N
3172	f	\N	\N	69	\N	\N	1353	\N	\N	\N
3173	f	\N	\N	71	\N	\N	1633	\N	\N	\N
3174	f	\N	\N	69	\N	\N	1633	\N	\N	\N
3179	f	\N	\N	94	\N	\N	1354	\N	\N	\N
3180	f	\N	\N	94	\N	\N	1634	\N	\N	\N
3189	f	\N	\N	70	\N	\N	1355	\N	\N	\N
3190	f	\N	\N	61	\N	\N	1355	\N	\N	\N
3191	f	\N	\N	70	\N	\N	1635	\N	\N	\N
3192	f	\N	\N	61	\N	\N	1635	\N	\N	\N
3201	f	\N	\N	112	\N	\N	1356	\N	\N	\N
3202	f	\N	\N	124	\N	\N	1356	\N	\N	\N
3203	f	\N	\N	112	\N	\N	1636	\N	\N	\N
3204	f	\N	\N	124	\N	\N	1636	\N	\N	\N
3213	f	\N	\N	120	\N	\N	1357	\N	\N	\N
3214	f	\N	\N	115	\N	\N	1357	\N	\N	\N
3215	f	\N	\N	120	\N	\N	1637	\N	\N	\N
3216	f	\N	\N	115	\N	\N	1637	\N	\N	\N
3225	f	\N	\N	31	\N	\N	1358	\N	\N	\N
3226	f	\N	\N	33	\N	\N	1358	\N	\N	\N
3227	f	\N	\N	31	\N	\N	1638	\N	\N	\N
3228	f	\N	\N	33	\N	\N	1638	\N	\N	\N
3233	f	\N	\N	55	\N	\N	1359	\N	\N	\N
3234	f	\N	\N	55	\N	\N	1639	\N	\N	\N
3251	f	\N	\N	79	\N	\N	1360	\N	\N	\N
3252	f	\N	\N	63	\N	\N	1360	\N	\N	\N
3253	f	\N	\N	66	\N	\N	1360	\N	\N	\N
3254	f	\N	\N	84	\N	\N	1360	\N	\N	\N
3255	f	\N	\N	79	\N	\N	1640	\N	\N	\N
3256	f	\N	\N	63	\N	\N	1640	\N	\N	\N
3257	f	\N	\N	66	\N	\N	1640	\N	\N	\N
3258	f	\N	\N	84	\N	\N	1640	\N	\N	\N
3263	f	\N	\N	76	\N	\N	1361	\N	\N	\N
3264	f	\N	\N	76	\N	\N	1641	\N	\N	\N
3273	f	\N	\N	118	\N	\N	1362	\N	\N	\N
3274	f	\N	\N	113	\N	\N	1362	\N	\N	\N
3275	f	\N	\N	118	\N	\N	1642	\N	\N	\N
3276	f	\N	\N	113	\N	\N	1642	\N	\N	\N
3285	f	\N	\N	114	\N	\N	1363	\N	\N	\N
3286	f	\N	\N	116	\N	\N	1363	\N	\N	\N
3287	f	\N	\N	114	\N	\N	1643	\N	\N	\N
3288	f	\N	\N	116	\N	\N	1643	\N	\N	\N
3293	f	\N	\N	34	\N	\N	1364	\N	\N	\N
3294	f	\N	\N	34	\N	\N	1644	\N	\N	\N
3144	f	\N	\N	45	2	\N	512	7	\N	\N
3145	f	\N	\N	50	2	\N	512	7	\N	\N
3146	f	\N	\N	53	2	\N	512	7	\N	\N
3148	f	\N	\N	45	2	\N	792	7	\N	\N
3149	f	\N	\N	50	2	\N	792	7	\N	\N
3150	f	\N	\N	53	2	\N	792	7	\N	\N
3153	f	\N	\N	50	2	\N	1072	7	\N	\N
3154	f	\N	\N	53	2	\N	1072	7	\N	\N
3163	f	\N	\N	71	2	\N	233	9	\N	\N
3164	f	\N	\N	69	2	\N	233	9	\N	\N
3166	f	\N	\N	69	2	\N	513	9	\N	\N
3167	f	\N	\N	71	2	\N	793	9	\N	\N
3168	f	\N	\N	69	2	\N	793	9	\N	\N
3169	f	\N	\N	71	2	\N	1073	9	\N	\N
3182	f	\N	\N	61	2	\N	235	9	\N	\N
3184	f	\N	\N	61	2	\N	515	9	\N	\N
3188	f	\N	\N	61	2	\N	1075	9	\N	\N
3193	f	\N	\N	112	2	\N	236	9	\N	\N
3194	f	\N	\N	124	2	\N	236	9	\N	\N
3196	f	\N	\N	124	2	\N	516	9	\N	\N
3197	f	\N	\N	112	2	\N	796	9	\N	\N
3198	f	\N	\N	124	2	\N	796	9	\N	\N
3199	f	\N	\N	112	2	\N	1076	9	\N	\N
3205	f	\N	\N	120	2	\N	237	6	\N	\N
3206	f	\N	\N	115	2	\N	237	6	\N	\N
3207	f	\N	\N	120	2	\N	517	6	\N	\N
3208	f	\N	\N	115	2	\N	517	6	\N	\N
3210	f	\N	\N	115	2	\N	797	6	\N	\N
3211	f	\N	\N	120	2	\N	1077	6	\N	\N
3212	f	\N	\N	115	2	\N	1077	6	\N	\N
3217	f	\N	\N	31	2	\N	238	6	\N	\N
3219	f	\N	\N	31	2	\N	518	6	\N	\N
3220	f	\N	\N	33	2	\N	518	6	\N	\N
3221	f	\N	\N	31	2	\N	798	6	\N	\N
3222	f	\N	\N	33	2	\N	798	6	\N	\N
3224	f	\N	\N	33	2	\N	1078	6	\N	\N
3229	f	\N	\N	55	2	\N	239	6	\N	\N
3230	f	\N	\N	55	2	\N	519	6	\N	\N
3231	f	\N	\N	55	2	\N	799	6	\N	\N
3235	f	\N	\N	79	2	\N	240	6	\N	\N
3236	f	\N	\N	63	2	\N	240	6	\N	\N
3237	f	\N	\N	66	2	\N	240	6	\N	\N
3238	f	\N	\N	84	2	\N	240	6	\N	\N
3240	f	\N	\N	63	2	\N	520	6	\N	\N
3241	f	\N	\N	66	2	\N	520	6	\N	\N
3242	f	\N	\N	84	2	\N	520	6	\N	\N
3243	f	\N	\N	79	2	\N	800	6	\N	\N
3245	f	\N	\N	66	2	\N	800	6	\N	\N
3246	f	\N	\N	84	2	\N	800	6	\N	\N
3247	f	\N	\N	79	2	\N	1080	6	\N	\N
3248	f	\N	\N	63	2	\N	1080	6	\N	\N
3250	f	\N	\N	84	2	\N	1080	6	\N	\N
3259	f	\N	\N	76	2	\N	241	8	\N	\N
3260	f	\N	\N	76	2	\N	521	8	\N	\N
3261	f	\N	\N	76	2	\N	801	8	\N	\N
3265	f	\N	\N	118	2	\N	242	8	\N	\N
3266	f	\N	\N	113	2	\N	242	8	\N	\N
3267	f	\N	\N	118	2	\N	522	8	\N	\N
3268	f	\N	\N	113	2	\N	522	8	\N	\N
3270	f	\N	\N	113	2	\N	802	8	\N	\N
3271	f	\N	\N	118	2	\N	1082	8	\N	\N
3272	f	\N	\N	113	2	\N	1082	8	\N	\N
3277	f	\N	\N	114	2	\N	243	8	\N	\N
3279	f	\N	\N	114	2	\N	523	8	\N	\N
3280	f	\N	\N	116	2	\N	523	8	\N	\N
3281	f	\N	\N	114	2	\N	803	8	\N	\N
3282	f	\N	\N	116	2	\N	803	8	\N	\N
3284	f	\N	\N	116	2	\N	1083	8	\N	\N
3289	f	\N	\N	34	2	\N	244	8	\N	\N
3290	f	\N	\N	34	2	\N	524	8	\N	\N
3291	f	\N	\N	34	2	\N	804	8	\N	\N
3295	f	\N	\N	44	2	\N	245	4	\N	\N
3296	f	\N	\N	38	2	\N	245	4	\N	\N
3297	f	\N	\N	44	2	\N	525	4	\N	\N
3183	f	\N	\N	70	3	\N	515	9	\N	\N
3185	f	\N	\N	70	3	\N	795	9	\N	\N
3143	f	\N	\N	54	3	\N	512	7	\N	\N
3151	f	\N	\N	54	3	\N	1072	7	\N	\N
3175	f	\N	\N	94	3	\N	234	9	\N	\N
3176	f	\N	\N	94	3	\N	514	9	\N	\N
3177	f	\N	\N	94	3	\N	794	9	\N	\N
3178	f	\N	\N	94	3	\N	1074	9	\N	\N
3303	f	\N	\N	44	\N	\N	1365	\N	\N	\N
3304	f	\N	\N	38	\N	\N	1365	\N	\N	\N
3305	f	\N	\N	44	\N	\N	1645	\N	\N	\N
3306	f	\N	\N	38	\N	\N	1645	\N	\N	\N
3311	f	\N	\N	65	\N	\N	1366	\N	\N	\N
3312	f	\N	\N	65	\N	\N	1646	\N	\N	\N
3325	f	\N	\N	32	\N	\N	1367	\N	\N	\N
3326	f	\N	\N	39	\N	\N	1367	\N	\N	\N
3327	f	\N	\N	25	\N	\N	1367	\N	\N	\N
3328	f	\N	\N	32	\N	\N	1647	\N	\N	\N
3329	f	\N	\N	39	\N	\N	1647	\N	\N	\N
3330	f	\N	\N	25	\N	\N	1647	\N	\N	\N
3339	f	\N	\N	77	\N	\N	1368	\N	\N	\N
3340	f	\N	\N	88	\N	\N	1368	\N	\N	\N
3341	f	\N	\N	77	\N	\N	1648	\N	\N	\N
3342	f	\N	\N	88	\N	\N	1648	\N	\N	\N
3347	f	\N	\N	59	\N	\N	1369	\N	\N	\N
3348	f	\N	\N	59	\N	\N	1649	\N	\N	\N
3353	f	\N	\N	59	\N	\N	1370	\N	\N	\N
3354	f	\N	\N	59	\N	\N	1650	\N	\N	\N
3371	f	\N	\N	109	\N	\N	1373	\N	\N	\N
3372	f	\N	\N	108	\N	\N	1373	\N	\N	\N
3373	f	\N	\N	110	\N	\N	1373	\N	\N	\N
3374	f	\N	\N	103	\N	\N	1373	\N	\N	\N
3375	f	\N	\N	109	\N	\N	1653	\N	\N	\N
3376	f	\N	\N	108	\N	\N	1653	\N	\N	\N
3377	f	\N	\N	110	\N	\N	1653	\N	\N	\N
3378	f	\N	\N	103	\N	\N	1653	\N	\N	\N
3383	f	\N	\N	13	\N	\N	1374	\N	\N	\N
3384	f	\N	\N	13	\N	\N	1654	\N	\N	\N
3393	f	\N	\N	84	\N	\N	1375	\N	\N	\N
3394	f	\N	\N	90	\N	\N	1375	\N	\N	\N
3395	f	\N	\N	84	\N	\N	1655	\N	\N	\N
3396	f	\N	\N	90	\N	\N	1655	\N	\N	\N
3409	f	\N	\N	48	\N	\N	1376	\N	\N	\N
3410	f	\N	\N	50	\N	\N	1376	\N	\N	\N
3411	f	\N	\N	30	\N	\N	1376	\N	\N	\N
3412	f	\N	\N	48	\N	\N	1656	\N	\N	\N
3413	f	\N	\N	50	\N	\N	1656	\N	\N	\N
3414	f	\N	\N	30	\N	\N	1656	\N	\N	\N
3423	f	\N	\N	148	\N	\N	1377	\N	\N	\N
3424	f	\N	\N	132	\N	\N	1377	\N	\N	\N
3425	f	\N	\N	148	\N	\N	1657	\N	\N	\N
3426	f	\N	\N	132	\N	\N	1657	\N	\N	\N
3443	f	\N	\N	163	\N	\N	1378	\N	\N	\N
3444	f	\N	\N	142	\N	\N	1378	\N	\N	\N
3445	f	\N	\N	138	\N	\N	1378	\N	\N	\N
3446	f	\N	\N	126	\N	\N	1378	\N	\N	\N
3447	f	\N	\N	163	\N	\N	1658	\N	\N	\N
3448	f	\N	\N	142	\N	\N	1658	\N	\N	\N
3449	f	\N	\N	138	\N	\N	1658	\N	\N	\N
3450	f	\N	\N	126	\N	\N	1658	\N	\N	\N
3300	f	\N	\N	38	2	\N	805	4	\N	\N
3301	f	\N	\N	44	2	\N	1085	4	\N	\N
3302	f	\N	\N	38	2	\N	1085	4	\N	\N
3307	f	\N	\N	65	2	\N	246	4	\N	\N
3309	f	\N	\N	65	2	\N	806	4	\N	\N
3310	f	\N	\N	65	2	\N	1086	4	\N	\N
3313	f	\N	\N	32	2	\N	247	4	\N	\N
3314	f	\N	\N	39	2	\N	247	4	\N	\N
3316	f	\N	\N	32	2	\N	527	4	\N	\N
3317	f	\N	\N	39	2	\N	527	4	\N	\N
3318	f	\N	\N	25	2	\N	527	4	\N	\N
3319	f	\N	\N	32	2	\N	807	4	\N	\N
3321	f	\N	\N	25	2	\N	807	4	\N	\N
3322	f	\N	\N	32	2	\N	1087	4	\N	\N
3323	f	\N	\N	39	2	\N	1087	4	\N	\N
3324	f	\N	\N	25	2	\N	1087	4	\N	\N
3333	f	\N	\N	77	2	\N	528	4	\N	\N
3335	f	\N	\N	77	2	\N	808	4	\N	\N
3337	f	\N	\N	77	2	\N	1088	4	\N	\N
3343	f	\N	\N	59	2	\N	249	2	\N	\N
3344	f	\N	\N	59	2	\N	529	2	\N	\N
3346	f	\N	\N	59	2	\N	1089	2	\N	\N
3349	f	\N	\N	59	2	\N	250	2	\N	\N
3350	f	\N	\N	59	2	\N	530	2	\N	\N
3351	f	\N	\N	59	2	\N	810	2	\N	\N
3355	f	\N	\N	109	2	\N	253	3	\N	\N
3356	f	\N	\N	108	2	\N	253	3	\N	\N
3357	f	\N	\N	110	2	\N	253	3	\N	\N
3358	f	\N	\N	103	2	\N	253	3	\N	\N
3360	f	\N	\N	108	2	\N	533	3	\N	\N
3361	f	\N	\N	110	2	\N	533	3	\N	\N
3362	f	\N	\N	103	2	\N	533	3	\N	\N
3363	f	\N	\N	109	2	\N	813	3	\N	\N
3365	f	\N	\N	110	2	\N	813	3	\N	\N
3366	f	\N	\N	103	2	\N	813	3	\N	\N
3367	f	\N	\N	109	2	\N	1093	3	\N	\N
3368	f	\N	\N	108	2	\N	1093	3	\N	\N
3370	f	\N	\N	103	2	\N	1093	3	\N	\N
3379	f	\N	\N	13	2	\N	254	3	\N	\N
3380	f	\N	\N	13	2	\N	534	3	\N	\N
3381	f	\N	\N	13	2	\N	814	3	\N	\N
3385	f	\N	\N	84	2	\N	255	3	\N	\N
3386	f	\N	\N	90	2	\N	255	3	\N	\N
3387	f	\N	\N	84	2	\N	535	3	\N	\N
3388	f	\N	\N	90	2	\N	535	3	\N	\N
3390	f	\N	\N	90	2	\N	815	3	\N	\N
3391	f	\N	\N	84	2	\N	1095	3	\N	\N
3392	f	\N	\N	90	2	\N	1095	3	\N	\N
3397	f	\N	\N	48	2	\N	256	3	\N	\N
3399	f	\N	\N	30	2	\N	256	3	\N	\N
3400	f	\N	\N	48	2	\N	536	3	\N	\N
3401	f	\N	\N	50	2	\N	536	3	\N	\N
3402	f	\N	\N	30	2	\N	536	3	\N	\N
3404	f	\N	\N	50	2	\N	816	3	\N	\N
3405	f	\N	\N	30	2	\N	816	3	\N	\N
3406	f	\N	\N	48	2	\N	1096	3	\N	\N
3407	f	\N	\N	50	2	\N	1096	3	\N	\N
3415	f	\N	\N	148	2	\N	257	10	\N	\N
3416	f	\N	\N	132	2	\N	257	10	\N	\N
3417	f	\N	\N	148	2	\N	537	10	\N	\N
3418	f	\N	\N	132	2	\N	537	10	\N	\N
3420	f	\N	\N	132	2	\N	817	10	\N	\N
3421	f	\N	\N	148	2	\N	1097	10	\N	\N
3422	f	\N	\N	132	2	\N	1097	10	\N	\N
3427	f	\N	\N	163	2	\N	258	10	\N	\N
3429	f	\N	\N	138	2	\N	258	10	\N	\N
3430	f	\N	\N	126	2	\N	258	10	\N	\N
3431	f	\N	\N	163	2	\N	538	10	\N	\N
3432	f	\N	\N	142	2	\N	538	10	\N	\N
3434	f	\N	\N	126	2	\N	538	10	\N	\N
3435	f	\N	\N	163	2	\N	818	10	\N	\N
3436	f	\N	\N	142	2	\N	818	10	\N	\N
3437	f	\N	\N	138	2	\N	818	10	\N	\N
3439	f	\N	\N	163	2	\N	1098	10	\N	\N
3440	f	\N	\N	142	2	\N	1098	10	\N	\N
3441	f	\N	\N	138	2	\N	1098	10	\N	\N
3442	f	\N	\N	126	2	\N	1098	10	\N	\N
3452	f	\N	\N	214	2	\N	261	11	\N	\N
3453	f	\N	\N	184	2	\N	261	11	\N	\N
3454	f	\N	\N	189	2	\N	261	11	\N	\N
3332	f	\N	\N	88	3	\N	248	4	\N	\N
3334	f	\N	\N	88	3	\N	528	4	\N	\N
3467	f	\N	\N	190	\N	\N	1381	\N	\N	\N
3468	f	\N	\N	214	\N	\N	1381	\N	\N	\N
3469	f	\N	\N	184	\N	\N	1381	\N	\N	\N
3470	f	\N	\N	189	\N	\N	1381	\N	\N	\N
3471	f	\N	\N	190	\N	\N	1661	\N	\N	\N
3472	f	\N	\N	214	\N	\N	1661	\N	\N	\N
3473	f	\N	\N	184	\N	\N	1661	\N	\N	\N
3474	f	\N	\N	189	\N	\N	1661	\N	\N	\N
3483	f	\N	\N	203	\N	\N	1382	\N	\N	\N
3484	f	\N	\N	194	\N	\N	1382	\N	\N	\N
3485	f	\N	\N	203	\N	\N	1662	\N	\N	\N
3486	f	\N	\N	194	\N	\N	1662	\N	\N	\N
3491	f	\N	\N	149	\N	\N	1383	\N	\N	\N
3492	f	\N	\N	149	\N	\N	1663	\N	\N	\N
3497	f	\N	\N	133	\N	\N	1384	\N	\N	\N
3498	f	\N	\N	133	\N	\N	1664	\N	\N	\N
3503	f	\N	\N	184	\N	\N	1385	\N	\N	\N
3504	f	\N	\N	184	\N	\N	1665	\N	\N	\N
3509	f	\N	\N	210	\N	\N	1386	\N	\N	\N
3510	f	\N	\N	210	\N	\N	1666	\N	\N	\N
3523	f	\N	\N	218	\N	\N	1387	\N	\N	\N
3524	f	\N	\N	200	\N	\N	1387	\N	\N	\N
3525	f	\N	\N	183	\N	\N	1387	\N	\N	\N
3526	f	\N	\N	218	\N	\N	1667	\N	\N	\N
3527	f	\N	\N	200	\N	\N	1667	\N	\N	\N
3528	f	\N	\N	183	\N	\N	1667	\N	\N	\N
3537	f	\N	\N	145	\N	\N	1388	\N	\N	\N
3538	f	\N	\N	127	\N	\N	1388	\N	\N	\N
3539	f	\N	\N	145	\N	\N	1668	\N	\N	\N
3540	f	\N	\N	127	\N	\N	1668	\N	\N	\N
3553	f	\N	\N	179	\N	\N	1389	\N	\N	\N
3554	f	\N	\N	216	\N	\N	1389	\N	\N	\N
3555	f	\N	\N	173	\N	\N	1389	\N	\N	\N
3556	f	\N	\N	179	\N	\N	1669	\N	\N	\N
3557	f	\N	\N	216	\N	\N	1669	\N	\N	\N
3558	f	\N	\N	173	\N	\N	1669	\N	\N	\N
3571	f	\N	\N	168	\N	\N	1391	\N	\N	\N
3572	f	\N	\N	198	\N	\N	1391	\N	\N	\N
3573	f	\N	\N	223	\N	\N	1391	\N	\N	\N
3574	f	\N	\N	168	\N	\N	1671	\N	\N	\N
3575	f	\N	\N	198	\N	\N	1671	\N	\N	\N
3576	f	\N	\N	223	\N	\N	1671	\N	\N	\N
3593	f	\N	\N	229	\N	\N	1392	\N	\N	\N
3594	f	\N	\N	184	\N	\N	1392	\N	\N	\N
3595	f	\N	\N	203	\N	\N	1392	\N	\N	\N
3596	f	\N	\N	228	\N	\N	1392	\N	\N	\N
3597	f	\N	\N	229	\N	\N	1672	\N	\N	\N
3598	f	\N	\N	184	\N	\N	1672	\N	\N	\N
3599	f	\N	\N	203	\N	\N	1672	\N	\N	\N
3600	f	\N	\N	228	\N	\N	1672	\N	\N	\N
3605	f	\N	\N	140	\N	\N	1393	\N	\N	\N
3606	f	\N	\N	140	\N	\N	1673	\N	\N	\N
3457	f	\N	\N	184	2	\N	541	11	\N	\N
3458	f	\N	\N	189	2	\N	541	11	\N	\N
3459	f	\N	\N	190	2	\N	821	11	\N	\N
3460	f	\N	\N	214	2	\N	821	11	\N	\N
3462	f	\N	\N	189	2	\N	821	11	\N	\N
3463	f	\N	\N	190	2	\N	1101	11	\N	\N
3464	f	\N	\N	214	2	\N	1101	11	\N	\N
3465	f	\N	\N	184	2	\N	1101	11	\N	\N
3475	f	\N	\N	203	2	\N	262	11	\N	\N
3476	f	\N	\N	194	2	\N	262	11	\N	\N
3477	f	\N	\N	203	2	\N	542	11	\N	\N
3478	f	\N	\N	194	2	\N	542	11	\N	\N
3480	f	\N	\N	194	2	\N	822	11	\N	\N
3481	f	\N	\N	203	2	\N	1102	11	\N	\N
3482	f	\N	\N	194	2	\N	1102	11	\N	\N
3487	f	\N	\N	149	2	\N	263	11	\N	\N
3489	f	\N	\N	149	2	\N	823	11	\N	\N
3490	f	\N	\N	149	2	\N	1103	11	\N	\N
3493	f	\N	\N	133	2	\N	264	11	\N	\N
3494	f	\N	\N	133	2	\N	544	11	\N	\N
3496	f	\N	\N	133	2	\N	1104	11	\N	\N
3499	f	\N	\N	184	2	\N	265	15	\N	\N
3500	f	\N	\N	184	2	\N	545	15	\N	\N
3501	f	\N	\N	184	2	\N	825	15	\N	\N
3505	f	\N	\N	210	2	\N	266	15	\N	\N
3506	f	\N	\N	210	2	\N	546	15	\N	\N
3507	f	\N	\N	210	2	\N	826	15	\N	\N
3508	f	\N	\N	210	2	\N	1106	15	\N	\N
3512	f	\N	\N	200	2	\N	267	15	\N	\N
3513	f	\N	\N	183	2	\N	267	15	\N	\N
3514	f	\N	\N	218	2	\N	547	15	\N	\N
3515	f	\N	\N	200	2	\N	547	15	\N	\N
3517	f	\N	\N	218	2	\N	827	15	\N	\N
3518	f	\N	\N	200	2	\N	827	15	\N	\N
3519	f	\N	\N	183	2	\N	827	15	\N	\N
3520	f	\N	\N	218	2	\N	1107	15	\N	\N
3522	f	\N	\N	183	2	\N	1107	15	\N	\N
3529	f	\N	\N	145	2	\N	268	15	\N	\N
3530	f	\N	\N	127	2	\N	268	15	\N	\N
3531	f	\N	\N	145	2	\N	548	15	\N	\N
3533	f	\N	\N	145	2	\N	828	15	\N	\N
3534	f	\N	\N	127	2	\N	828	15	\N	\N
3535	f	\N	\N	145	2	\N	1108	15	\N	\N
3536	f	\N	\N	127	2	\N	1108	15	\N	\N
3542	f	\N	\N	216	2	\N	269	13	\N	\N
3543	f	\N	\N	173	2	\N	269	13	\N	\N
3544	f	\N	\N	179	2	\N	549	13	\N	\N
3545	f	\N	\N	216	2	\N	549	13	\N	\N
3547	f	\N	\N	179	2	\N	829	13	\N	\N
3548	f	\N	\N	216	2	\N	829	13	\N	\N
3549	f	\N	\N	173	2	\N	829	13	\N	\N
3550	f	\N	\N	179	2	\N	1109	13	\N	\N
3552	f	\N	\N	173	2	\N	1109	13	\N	\N
3559	f	\N	\N	168	2	\N	271	13	\N	\N
3561	f	\N	\N	223	2	\N	271	13	\N	\N
3564	f	\N	\N	223	2	\N	551	13	\N	\N
3565	f	\N	\N	168	2	\N	831	13	\N	\N
3568	f	\N	\N	168	2	\N	1111	13	\N	\N
3570	f	\N	\N	223	2	\N	1111	13	\N	\N
3577	f	\N	\N	229	2	\N	272	13	\N	\N
3579	f	\N	\N	203	2	\N	272	13	\N	\N
3580	f	\N	\N	228	2	\N	272	13	\N	\N
3581	f	\N	\N	229	2	\N	552	13	\N	\N
3582	f	\N	\N	184	2	\N	552	13	\N	\N
3584	f	\N	\N	228	2	\N	552	13	\N	\N
3585	f	\N	\N	229	2	\N	832	13	\N	\N
3586	f	\N	\N	184	2	\N	832	13	\N	\N
3587	f	\N	\N	203	2	\N	832	13	\N	\N
3589	f	\N	\N	229	2	\N	1112	13	\N	\N
3590	f	\N	\N	184	2	\N	1112	13	\N	\N
3591	f	\N	\N	203	2	\N	1112	13	\N	\N
3592	f	\N	\N	228	2	\N	1112	13	\N	\N
3602	f	\N	\N	140	2	\N	553	14	\N	\N
3603	f	\N	\N	140	2	\N	833	14	\N	\N
3604	f	\N	\N	140	2	\N	1113	14	\N	\N
3607	f	\N	\N	134	2	\N	274	14	\N	\N
3609	f	\N	\N	134	2	\N	554	14	\N	\N
3611	f	\N	\N	134	2	\N	834	14	\N	\N
3560	f	\N	\N	198	3	\N	271	13	\N	\N
3563	f	\N	\N	198	3	\N	551	13	\N	\N
3569	f	\N	\N	198	3	\N	1111	13	\N	\N
3610	f	\N	\N	147	3	\N	554	14	\N	\N
3615	f	\N	\N	134	\N	\N	1394	\N	\N	\N
3616	f	\N	\N	147	\N	\N	1394	\N	\N	\N
3617	f	\N	\N	134	\N	\N	1674	\N	\N	\N
3618	f	\N	\N	147	\N	\N	1674	\N	\N	\N
3623	f	\N	\N	136	\N	\N	1395	\N	\N	\N
3624	f	\N	\N	136	\N	\N	1675	\N	\N	\N
3641	f	\N	\N	166	\N	\N	1396	\N	\N	\N
3642	f	\N	\N	190	\N	\N	1396	\N	\N	\N
3643	f	\N	\N	182	\N	\N	1396	\N	\N	\N
3644	f	\N	\N	201	\N	\N	1396	\N	\N	\N
3645	f	\N	\N	166	\N	\N	1676	\N	\N	\N
3646	f	\N	\N	190	\N	\N	1676	\N	\N	\N
3647	f	\N	\N	182	\N	\N	1676	\N	\N	\N
3648	f	\N	\N	201	\N	\N	1676	\N	\N	\N
3665	f	\N	\N	167	\N	\N	1398	\N	\N	\N
3666	f	\N	\N	184	\N	\N	1398	\N	\N	\N
3667	f	\N	\N	185	\N	\N	1398	\N	\N	\N
3668	f	\N	\N	180	\N	\N	1398	\N	\N	\N
3669	f	\N	\N	167	\N	\N	1678	\N	\N	\N
3670	f	\N	\N	184	\N	\N	1678	\N	\N	\N
3671	f	\N	\N	185	\N	\N	1678	\N	\N	\N
3672	f	\N	\N	180	\N	\N	1678	\N	\N	\N
3681	f	\N	\N	182	\N	\N	1399	\N	\N	\N
3682	f	\N	\N	171	\N	\N	1399	\N	\N	\N
3683	f	\N	\N	182	\N	\N	1679	\N	\N	\N
3684	f	\N	\N	171	\N	\N	1679	\N	\N	\N
3697	f	\N	\N	200	\N	\N	1400	\N	\N	\N
3698	f	\N	\N	207	\N	\N	1400	\N	\N	\N
3699	f	\N	\N	174	\N	\N	1400	\N	\N	\N
3700	f	\N	\N	200	\N	\N	1680	\N	\N	\N
3701	f	\N	\N	207	\N	\N	1680	\N	\N	\N
3702	f	\N	\N	174	\N	\N	1680	\N	\N	\N
1	f	\N	\N	98	2	\N	1	5	\N	\N
2	f	\N	\N	98	2	\N	281	5	\N	\N
8	f	\N	\N	3	2	\N	2	5	\N	\N
13	f	\N	\N	41	2	\N	842	5	\N	\N
20	f	\N	\N	79	2	\N	283	5	\N	\N
26	f	\N	\N	109	2	\N	4	5	\N	\N
31	f	\N	\N	107	2	\N	284	5	\N	\N
36	f	\N	\N	104	2	\N	564	5	\N	\N
41	f	\N	\N	110	2	\N	1124	5	\N	\N
50	f	\N	\N	101	2	\N	285	7	\N	\N
56	f	\N	\N	24	2	\N	6	7	\N	\N
61	f	\N	\N	8	2	\N	286	7	\N	\N
66	f	\N	\N	19	2	\N	566	7	\N	\N
71	f	\N	\N	20	2	\N	1126	7	\N	\N
80	f	\N	\N	26	2	\N	7	7	\N	\N
85	f	\N	\N	40	2	\N	567	7	\N	\N
90	f	\N	\N	31	2	\N	847	7	\N	\N
98	f	\N	\N	59	2	\N	8	7	\N	\N
103	f	\N	\N	58	2	\N	848	7	\N	\N
110	f	\N	\N	97	2	\N	290	9	\N	\N
116	f	\N	\N	18	2	\N	11	9	\N	\N
121	f	\N	\N	19	2	\N	291	9	\N	\N
126	f	\N	\N	24	2	\N	571	9	\N	\N
131	f	\N	\N	20	2	\N	1131	9	\N	\N
140	f	\N	\N	119	2	\N	12	9	\N	\N
145	f	\N	\N	120	2	\N	292	9	\N	\N
150	f	\N	\N	116	2	\N	572	9	\N	\N
155	f	\N	\N	121	2	\N	1132	9	\N	\N
158	f	\N	\N	116	2	\N	1132	9	\N	\N
163	f	\N	\N	25	2	\N	13	6	\N	\N
169	f	\N	\N	111	2	\N	14	6	\N	\N
174	f	\N	\N	107	2	\N	294	6	\N	\N
179	f	\N	\N	104	2	\N	854	6	\N	\N
187	f	\N	\N	61	2	\N	15	6	\N	\N
193	f	\N	\N	45	2	\N	17	8	\N	\N
198	f	\N	\N	56	2	\N	297	8	\N	\N
203	f	\N	\N	46	2	\N	577	8	\N	\N
208	f	\N	\N	58	2	\N	857	8	\N	\N
217	f	\N	\N	93	2	\N	18	8	\N	\N
222	f	\N	\N	63	2	\N	298	8	\N	\N
227	f	\N	\N	84	2	\N	858	8	\N	\N
235	f	\N	\N	14	2	\N	19	8	\N	\N
240	f	\N	\N	13	2	\N	299	8	\N	\N
245	f	\N	\N	25	2	\N	579	8	\N	\N
250	f	\N	\N	18	2	\N	859	8	\N	\N
259	f	\N	\N	60	2	\N	20	8	\N	\N
264	f	\N	\N	71	2	\N	300	8	\N	\N
269	f	\N	\N	68	2	\N	580	8	\N	\N
274	f	\N	\N	62	2	\N	860	8	\N	\N
283	f	\N	\N	1	2	\N	21	4	\N	\N
288	f	\N	\N	3	2	\N	301	4	\N	\N
293	f	\N	\N	9	2	\N	861	4	\N	\N
301	f	\N	\N	32	2	\N	22	4	\N	\N
306	f	\N	\N	38	2	\N	582	4	\N	\N
313	f	\N	\N	8	2	\N	24	4	\N	\N
315	f	\N	\N	20	2	\N	24	4	\N	\N
316	f	\N	\N	14	2	\N	24	4	\N	\N
3613	f	\N	\N	134	2	\N	1114	14	\N	\N
3619	f	\N	\N	136	2	\N	275	14	\N	\N
3620	f	\N	\N	136	2	\N	555	14	\N	\N
3621	f	\N	\N	136	2	\N	835	14	\N	\N
3622	f	\N	\N	136	2	\N	1115	14	\N	\N
3626	f	\N	\N	190	2	\N	276	14	\N	\N
3627	f	\N	\N	182	2	\N	276	14	\N	\N
3628	f	\N	\N	201	2	\N	276	14	\N	\N
3629	f	\N	\N	166	2	\N	556	14	\N	\N
3631	f	\N	\N	182	2	\N	556	14	\N	\N
3632	f	\N	\N	201	2	\N	556	14	\N	\N
3633	f	\N	\N	166	2	\N	836	14	\N	\N
3634	f	\N	\N	190	2	\N	836	14	\N	\N
3636	f	\N	\N	201	2	\N	836	14	\N	\N
3637	f	\N	\N	166	2	\N	1116	14	\N	\N
3638	f	\N	\N	190	2	\N	1116	14	\N	\N
3639	f	\N	\N	182	2	\N	1116	14	\N	\N
3649	f	\N	\N	167	2	\N	278	12	\N	\N
3650	f	\N	\N	184	2	\N	278	12	\N	\N
3651	f	\N	\N	185	2	\N	278	12	\N	\N
3652	f	\N	\N	180	2	\N	278	12	\N	\N
3654	f	\N	\N	184	2	\N	558	12	\N	\N
3655	f	\N	\N	185	2	\N	558	12	\N	\N
3656	f	\N	\N	180	2	\N	558	12	\N	\N
3657	f	\N	\N	167	2	\N	838	12	\N	\N
3659	f	\N	\N	185	2	\N	838	12	\N	\N
3660	f	\N	\N	180	2	\N	838	12	\N	\N
3661	f	\N	\N	167	2	\N	1118	12	\N	\N
3662	f	\N	\N	184	2	\N	1118	12	\N	\N
3664	f	\N	\N	180	2	\N	1118	12	\N	\N
3673	f	\N	\N	182	2	\N	279	12	\N	\N
3675	f	\N	\N	182	2	\N	559	12	\N	\N
3677	f	\N	\N	182	2	\N	839	12	\N	\N
3679	f	\N	\N	182	2	\N	1119	12	\N	\N
3686	f	\N	\N	207	2	\N	280	12	\N	\N
3687	f	\N	\N	174	2	\N	280	12	\N	\N
3688	f	\N	\N	200	2	\N	560	12	\N	\N
3689	f	\N	\N	207	2	\N	560	12	\N	\N
3691	f	\N	\N	200	2	\N	840	12	\N	\N
3692	f	\N	\N	207	2	\N	840	12	\N	\N
3693	f	\N	\N	174	2	\N	840	12	\N	\N
3694	f	\N	\N	200	2	\N	1120	12	\N	\N
3696	f	\N	\N	174	2	\N	1120	12	\N	\N
3674	f	\N	\N	171	3	\N	279	12	\N	\N
3678	f	\N	\N	171	3	\N	839	12	\N	\N
3680	f	\N	\N	171	3	\N	1119	12	\N	\N
321	f	\N	\N	8	2	\N	584	4	\N	\N
326	f	\N	\N	12	2	\N	864	4	\N	\N
331	f	\N	\N	20	2	\N	1144	4	\N	\N
340	f	\N	\N	118	2	\N	305	2	\N	\N
345	f	\N	\N	125	2	\N	1145	2	\N	\N
352	f	\N	\N	114	2	\N	306	2	\N	\N
357	f	\N	\N	120	2	\N	1146	2	\N	\N
364	f	\N	\N	125	2	\N	867	2	\N	\N
370	f	\N	\N	32	2	\N	28	2	\N	\N
375	f	\N	\N	28	2	\N	588	2	\N	\N
380	f	\N	\N	30	2	\N	868	2	\N	\N
385	f	\N	\N	34	2	\N	1148	2	\N	\N
394	f	\N	\N	63	2	\N	309	3	\N	\N
399	f	\N	\N	67	2	\N	589	3	\N	\N
404	f	\N	\N	61	2	\N	1149	3	\N	\N
412	f	\N	\N	107	2	\N	31	3	\N	\N
417	f	\N	\N	101	2	\N	591	3	\N	\N
422	f	\N	\N	111	2	\N	871	3	\N	\N
427	f	\N	\N	106	2	\N	1151	3	\N	\N
441	f	\N	\N	100	2	\N	1152	3	\N	\N
448	f	\N	\N	192	2	\N	313	10	\N	\N
458	f	\N	\N	186	2	\N	1153	10	\N	\N
471	f	\N	\N	163	2	\N	594	10	\N	\N
473	f	\N	\N	164	2	\N	594	10	\N	\N
487	f	\N	\N	161	2	\N	35	10	\N	\N
492	f	\N	\N	152	2	\N	315	10	\N	\N
497	f	\N	\N	143	2	\N	595	10	\N	\N
502	f	\N	\N	148	2	\N	875	10	\N	\N
511	f	\N	\N	191	2	\N	36	10	\N	\N
516	f	\N	\N	208	2	\N	596	10	\N	\N
528	f	\N	\N	219	2	\N	597	11	\N	\N
535	f	\N	\N	212	2	\N	38	11	\N	\N
541	f	\N	\N	213	2	\N	39	11	\N	\N
546	f	\N	\N	176	2	\N	319	11	\N	\N
559	f	\N	\N	201	2	\N	40	11	\N	\N
564	f	\N	\N	211	2	\N	600	11	\N	\N
571	f	\N	\N	172	2	\N	42	15	\N	\N
576	f	\N	\N	224	2	\N	602	15	\N	\N
583	f	\N	\N	159	2	\N	43	15	\N	\N
588	f	\N	\N	164	2	\N	323	15	\N	\N
593	f	\N	\N	128	2	\N	603	15	\N	\N
598	f	\N	\N	137	2	\N	883	15	\N	\N
607	f	\N	\N	155	2	\N	45	13	\N	\N
619	f	\N	\N	178	2	\N	47	13	\N	\N
624	f	\N	\N	169	2	\N	327	13	\N	\N
629	f	\N	\N	176	2	\N	887	13	\N	\N
630	f	\N	\N	169	2	\N	887	13	\N	\N
638	f	\N	\N	131	2	\N	48	13	\N	\N
643	f	\N	\N	127	2	\N	888	13	\N	\N
650	f	\N	\N	220	2	\N	329	14	\N	\N
656	f	\N	\N	172	2	\N	331	14	\N	\N
662	f	\N	\N	139	2	\N	52	14	\N	\N
667	f	\N	\N	140	2	\N	612	14	\N	\N
672	f	\N	\N	156	2	\N	892	14	\N	\N
680	f	\N	\N	160	2	\N	53	12	\N	\N
685	f	\N	\N	126	2	\N	333	12	\N	\N
690	f	\N	\N	148	2	\N	613	12	\N	\N
695	f	\N	\N	129	2	\N	1173	12	\N	\N
704	f	\N	\N	211	2	\N	54	12	\N	\N
709	f	\N	\N	213	2	\N	614	12	\N	\N
714	f	\N	\N	167	2	\N	894	12	\N	\N
722	f	\N	\N	200	2	\N	336	12	\N	\N
738	f	\N	\N	85	2	\N	617	5	\N	\N
751	f	\N	\N	18	2	\N	58	5	\N	\N
756	f	\N	\N	26	2	\N	338	5	\N	\N
761	f	\N	\N	35	2	\N	618	5	\N	\N
766	f	\N	\N	28	2	\N	898	5	\N	\N
781	f	\N	\N	18	2	\N	61	7	\N	\N
787	f	\N	\N	18	2	\N	901	7	\N	\N
796	f	\N	\N	116	2	\N	63	7	\N	\N
801	f	\N	\N	125	2	\N	623	7	\N	\N
806	f	\N	\N	115	2	\N	903	7	\N	\N
819	f	\N	\N	56	2	\N	64	7	\N	\N
824	f	\N	\N	49	2	\N	624	7	\N	\N
835	f	\N	\N	97	2	\N	65	9	\N	\N
842	f	\N	\N	108	2	\N	66	9	\N	\N
847	f	\N	\N	105	2	\N	626	9	\N	\N
852	f	\N	\N	101	2	\N	906	9	\N	\N
863	f	\N	\N	102	2	\N	627	9	\N	\N
872	f	\N	\N	66	2	\N	68	9	\N	\N
882	f	\N	\N	72	2	\N	628	9	\N	\N
895	f	\N	\N	38	2	\N	70	6	\N	\N
900	f	\N	\N	28	2	\N	350	6	\N	\N
905	f	\N	\N	1	2	\N	630	6	\N	\N
923	f	\N	\N	48	2	\N	351	6	\N	\N
928	f	\N	\N	45	2	\N	631	6	\N	\N
933	f	\N	\N	57	2	\N	911	6	\N	\N
943	f	\N	\N	125	2	\N	72	6	\N	\N
944	f	\N	\N	123	2	\N	72	6	\N	\N
949	f	\N	\N	122	2	\N	352	6	\N	\N
954	f	\N	\N	118	2	\N	632	6	\N	\N
967	f	\N	\N	50	2	\N	73	8	\N	\N
974	f	\N	\N	76	2	\N	74	8	\N	\N
979	f	\N	\N	80	2	\N	914	8	\N	\N
988	f	\N	\N	96	2	\N	355	8	\N	\N
993	f	\N	\N	85	2	\N	635	8	\N	\N
1004	f	\N	\N	108	2	\N	76	8	\N	\N
1009	f	\N	\N	106	2	\N	356	8	\N	\N
1014	f	\N	\N	111	2	\N	636	8	\N	\N
1027	f	\N	\N	105	2	\N	77	4	\N	\N
1032	f	\N	\N	109	2	\N	357	4	\N	\N
1037	f	\N	\N	106	2	\N	917	4	\N	\N
1048	f	\N	\N	60	2	\N	918	4	\N	\N
1055	f	\N	\N	24	2	\N	359	4	\N	\N
1060	f	\N	\N	12	2	\N	919	4	\N	\N
1071	f	\N	\N	119	2	\N	81	2	\N	\N
1076	f	\N	\N	118	2	\N	361	2	\N	\N
1081	f	\N	\N	106	2	\N	921	2	\N	\N
1094	f	\N	\N	116	2	\N	82	2	\N	\N
1099	f	\N	\N	112	2	\N	362	2	\N	\N
1100	f	\N	\N	123	2	\N	362	2	\N	\N
1101	f	\N	\N	114	2	\N	642	2	\N	\N
1106	f	\N	\N	116	2	\N	922	2	\N	\N
1119	f	\N	\N	33	2	\N	83	2	\N	\N
1124	f	\N	\N	42	2	\N	363	2	\N	\N
1129	f	\N	\N	30	2	\N	923	2	\N	\N
1142	f	\N	\N	40	2	\N	84	2	\N	\N
1147	f	\N	\N	27	2	\N	924	2	\N	\N
1156	f	\N	\N	39	2	\N	365	3	\N	\N
1215	f	\N	\N	183	2	\N	650	10	\N	\N
1222	f	\N	\N	173	2	\N	930	10	\N	\N
1235	f	\N	\N	161	2	\N	371	10	\N	\N
1240	f	\N	\N	154	2	\N	651	10	\N	\N
453	f	\N	\N	188	3	\N	593	10	\N	\N
877	f	\N	\N	70	3	\N	348	9	\N	\N
613	f	\N	\N	146	3	\N	46	13	\N	\N
472	f	\N	\N	146	3	\N	594	10	\N	\N
466	f	\N	\N	141	3	\N	34	10	\N	\N
478	f	\N	\N	141	3	\N	874	10	\N	\N
523	f	\N	\N	209	3	\N	37	11	\N	\N
436	f	\N	\N	94	3	\N	312	3	\N	\N
910	f	\N	\N	7	3	\N	910	6	\N	\N
551	f	\N	\N	198	3	\N	879	11	\N	\N
786	f	\N	\N	2	3	\N	621	7	\N	\N
1245	f	\N	\N	152	2	\N	931	10	\N	\N
1257	f	\N	\N	197	2	\N	652	10	\N	\N
1258	f	\N	\N	197	2	\N	932	10	\N	\N
1265	f	\N	\N	140	2	\N	373	11	\N	\N
1270	f	\N	\N	138	2	\N	653	11	\N	\N
1275	f	\N	\N	164	2	\N	933	11	\N	\N
1288	f	\N	\N	135	2	\N	934	11	\N	\N
1295	f	\N	\N	227	2	\N	375	11	\N	\N
1311	f	\N	\N	175	2	\N	96	11	\N	\N
1316	f	\N	\N	189	2	\N	656	11	\N	\N
1327	f	\N	\N	163	2	\N	97	15	\N	\N
1332	f	\N	\N	152	2	\N	377	15	\N	\N
1337	f	\N	\N	135	2	\N	937	15	\N	\N
1353	f	\N	\N	211	2	\N	658	15	\N	\N
1364	f	\N	\N	199	2	\N	99	15	\N	\N
1369	f	\N	\N	190	2	\N	939	15	\N	\N
1378	f	\N	\N	190	2	\N	941	13	\N	\N
1385	f	\N	\N	166	2	\N	382	13	\N	\N
1390	f	\N	\N	219	2	\N	662	13	\N	\N
1395	f	\N	\N	183	2	\N	942	13	\N	\N
1408	f	\N	\N	203	2	\N	384	13	\N	\N
1425	f	\N	\N	216	2	\N	107	14	\N	\N
1430	f	\N	\N	189	2	\N	667	14	\N	\N
1441	f	\N	\N	139	2	\N	108	14	\N	\N
1446	f	\N	\N	156	2	\N	668	14	\N	\N
1455	f	\N	\N	134	2	\N	390	12	\N	\N
1460	f	\N	\N	150	2	\N	950	12	\N	\N
1469	f	\N	\N	152	2	\N	391	12	\N	\N
1474	f	\N	\N	144	2	\N	951	12	\N	\N
1485	f	\N	\N	132	2	\N	112	12	\N	\N
1490	f	\N	\N	153	2	\N	392	12	\N	\N
1508	f	\N	\N	20	2	\N	113	5	\N	\N
1522	f	\N	\N	93	2	\N	114	5	\N	\N
1527	f	\N	\N	71	2	\N	674	5	\N	\N
1532	f	\N	\N	92	2	\N	954	5	\N	\N
1545	f	\N	\N	57	2	\N	675	5	\N	\N
1552	f	\N	\N	77	2	\N	396	5	\N	\N
1561	f	\N	\N	123	2	\N	117	7	\N	\N
1566	f	\N	\N	118	2	\N	397	7	\N	\N
1571	f	\N	\N	122	2	\N	957	7	\N	\N
1572	f	\N	\N	118	2	\N	957	7	\N	\N
1583	f	\N	\N	106	2	\N	398	7	\N	\N
1588	f	\N	\N	108	2	\N	958	7	\N	\N
1599	f	\N	\N	6	2	\N	120	7	\N	\N
1604	f	\N	\N	13	2	\N	680	7	\N	\N
1615	f	\N	\N	67	2	\N	121	9	\N	\N
1620	f	\N	\N	100	2	\N	681	9	\N	\N
1629	f	\N	\N	1	2	\N	122	9	\N	\N
1634	f	\N	\N	57	2	\N	682	9	\N	\N
1645	f	\N	\N	109	2	\N	123	9	\N	\N
1652	f	\N	\N	116	2	\N	404	9	\N	\N
1659	f	\N	\N	58	2	\N	125	6	\N	\N
1664	f	\N	\N	49	2	\N	405	6	\N	\N
1669	f	\N	\N	46	2	\N	965	6	\N	\N
1682	f	\N	\N	43	2	\N	406	6	\N	\N
1689	f	\N	\N	121	2	\N	127	6	\N	\N
1694	f	\N	\N	117	2	\N	407	6	\N	\N
1699	f	\N	\N	110	2	\N	967	6	\N	\N
1712	f	\N	\N	31	2	\N	408	6	\N	\N
1719	f	\N	\N	59	2	\N	690	8	\N	\N
1726	f	\N	\N	58	2	\N	971	8	\N	\N
1729	f	\N	\N	74	2	\N	132	8	\N	\N
1730	f	\N	\N	67	2	\N	132	8	\N	\N
1735	f	\N	\N	74	2	\N	972	8	\N	\N
1744	f	\N	\N	114	2	\N	413	4	\N	\N
1753	f	\N	\N	116	2	\N	134	4	\N	\N
1758	f	\N	\N	125	2	\N	414	4	\N	\N
1763	f	\N	\N	121	2	\N	694	4	\N	\N
1768	f	\N	\N	117	2	\N	974	4	\N	\N
1781	f	\N	\N	32	2	\N	415	4	\N	\N
1786	f	\N	\N	40	2	\N	695	4	\N	\N
1791	f	\N	\N	35	2	\N	975	4	\N	\N
1809	f	\N	\N	67	2	\N	697	2	\N	\N
1820	f	\N	\N	92	2	\N	139	2	\N	\N
1825	f	\N	\N	98	2	\N	419	2	\N	\N
1830	f	\N	\N	80	2	\N	699	2	\N	\N
1843	f	\N	\N	103	2	\N	140	2	\N	\N
1848	f	\N	\N	105	2	\N	700	2	\N	\N
1857	f	\N	\N	20	2	\N	141	3	\N	\N
1862	f	\N	\N	25	2	\N	421	3	\N	\N
1867	f	\N	\N	46	2	\N	981	3	\N	\N
1885	f	\N	\N	92	2	\N	702	3	\N	\N
1897	f	\N	\N	61	2	\N	143	3	\N	\N
1902	f	\N	\N	60	2	\N	423	3	\N	\N
1907	f	\N	\N	69	2	\N	703	3	\N	\N
1912	f	\N	\N	65	2	\N	983	3	\N	\N
1925	f	\N	\N	39	2	\N	704	3	\N	\N
1934	f	\N	\N	194	2	\N	145	10	\N	\N
1939	f	\N	\N	183	2	\N	985	10	\N	\N
1948	f	\N	\N	166	2	\N	426	10	\N	\N
1964	f	\N	\N	210	2	\N	147	10	\N	\N
1969	f	\N	\N	173	2	\N	707	10	\N	\N
1974	f	\N	\N	181	2	\N	987	10	\N	\N
1985	f	\N	\N	185	2	\N	709	11	\N	\N
1994	f	\N	\N	131	2	\N	151	11	\N	\N
1999	f	\N	\N	148	2	\N	711	11	\N	\N
2004	f	\N	\N	139	2	\N	991	11	\N	\N
2015	f	\N	\N	133	2	\N	432	11	\N	\N
2020	f	\N	\N	153	2	\N	712	11	\N	\N
2025	f	\N	\N	144	2	\N	992	11	\N	\N
2038	f	\N	\N	197	2	\N	434	15	\N	\N
2042	f	\N	\N	170	2	\N	714	15	\N	\N
2043	f	\N	\N	213	2	\N	714	15	\N	\N
2054	f	\N	\N	168	2	\N	156	15	\N	\N
2059	f	\N	\N	183	2	\N	716	15	\N	\N
2064	f	\N	\N	214	2	\N	996	15	\N	\N
2075	f	\N	\N	129	2	\N	437	13	\N	\N
2091	f	\N	\N	136	2	\N	158	13	\N	\N
2096	f	\N	\N	151	2	\N	438	13	\N	\N
2101	f	\N	\N	149	2	\N	998	13	\N	\N
2119	f	\N	\N	194	2	\N	999	13	\N	\N
2128	f	\N	\N	197	2	\N	1000	13	\N	\N
2135	f	\N	\N	187	2	\N	441	14	\N	\N
2140	f	\N	\N	179	2	\N	721	14	\N	\N
2158	f	\N	\N	193	2	\N	1002	14	\N	\N
2165	f	\N	\N	139	2	\N	443	14	\N	\N
2170	f	\N	\N	163	2	\N	723	14	\N	\N
2175	f	\N	\N	132	2	\N	1003	14	\N	\N
2188	f	\N	\N	158	2	\N	444	14	\N	\N
2197	f	\N	\N	153	2	\N	165	12	\N	\N
2199	f	\N	\N	138	2	\N	165	12	\N	\N
2200	f	\N	\N	153	2	\N	445	12	\N	\N
2205	f	\N	\N	138	2	\N	725	12	\N	\N
1953	f	\N	\N	188	3	\N	706	10	\N	\N
1348	f	\N	\N	188	3	\N	378	15	\N	\N
2080	f	\N	\N	146	3	\N	997	13	\N	\N
1495	f	\N	\N	141	3	\N	952	12	\N	\N
1300	f	\N	\N	209	3	\N	935	11	\N	\N
1880	f	\N	\N	94	3	\N	142	3	\N	\N
1886	f	\N	\N	94	3	\N	702	3	\N	\N
2145	f	\N	\N	198	3	\N	1001	14	\N	\N
1417	f	\N	\N	206	3	\N	105	14	\N	\N
1418	f	\N	\N	206	3	\N	385	14	\N	\N
1513	f	\N	\N	2	3	\N	953	5	\N	\N
2216	f	\N	\N	132	2	\N	166	12	\N	\N
2221	f	\N	\N	149	2	\N	1006	12	\N	\N
2230	f	\N	\N	170	2	\N	1007	12	\N	\N
2242	f	\N	\N	200	2	\N	728	12	\N	\N
2247	f	\N	\N	226	2	\N	1008	12	\N	\N
2260	f	\N	\N	48	2	\N	1009	5	\N	\N
2272	f	\N	\N	6	2	\N	730	5	\N	\N
2277	f	\N	\N	20	2	\N	1010	5	\N	\N
2290	f	\N	\N	10	2	\N	171	5	\N	\N
2295	f	\N	\N	43	2	\N	731	5	\N	\N
2300	f	\N	\N	37	2	\N	1011	5	\N	\N
2313	f	\N	\N	4	2	\N	172	5	\N	\N
2318	f	\N	\N	29	2	\N	452	5	\N	\N
2323	f	\N	\N	5	2	\N	1012	5	\N	\N
2336	f	\N	\N	114	2	\N	453	7	\N	\N
2343	f	\N	\N	83	2	\N	175	7	\N	\N
2348	f	\N	\N	80	2	\N	455	7	\N	\N
2356	f	\N	\N	80	2	\N	1015	7	\N	\N
2365	f	\N	\N	47	2	\N	176	7	\N	\N
2384	f	\N	\N	19	2	\N	737	9	\N	\N
2395	f	\N	\N	57	2	\N	178	9	\N	\N
2400	f	\N	\N	45	2	\N	458	9	\N	\N
2405	f	\N	\N	51	2	\N	1018	9	\N	\N
2416	f	\N	\N	4	2	\N	179	9	\N	\N
2421	f	\N	\N	21	2	\N	739	9	\N	\N
2426	f	\N	\N	22	2	\N	1019	9	\N	\N
2439	f	\N	\N	80	2	\N	181	6	\N	\N
2444	f	\N	\N	99	2	\N	461	6	\N	\N
2449	f	\N	\N	91	2	\N	1021	6	\N	\N
2462	f	\N	\N	104	2	\N	182	6	\N	\N
2467	f	\N	\N	110	2	\N	1022	6	\N	\N
2476	f	\N	\N	62	2	\N	183	6	\N	\N
2481	f	\N	\N	68	2	\N	743	6	\N	\N
2486	f	\N	\N	73	2	\N	1023	6	\N	\N
2499	f	\N	\N	76	2	\N	744	6	\N	\N
2506	f	\N	\N	116	2	\N	1025	8	\N	\N
2515	f	\N	\N	123	2	\N	187	8	\N	\N
2516	f	\N	\N	125	2	\N	187	8	\N	\N
2521	f	\N	\N	124	2	\N	467	8	\N	\N
2526	f	\N	\N	121	2	\N	747	8	\N	\N
2539	f	\N	\N	26	2	\N	188	8	\N	\N
2544	f	\N	\N	44	2	\N	748	8	\N	\N
2553	f	\N	\N	43	2	\N	470	4	\N	\N
2558	f	\N	\N	42	2	\N	1030	4	\N	\N
2567	f	\N	\N	31	2	\N	751	4	\N	\N
2576	f	\N	\N	102	2	\N	192	4	\N	\N
2581	f	\N	\N	109	2	\N	472	4	\N	\N
2586	f	\N	\N	108	2	\N	752	4	\N	\N
2599	f	\N	\N	62	2	\N	193	2	\N	\N
2604	f	\N	\N	71	2	\N	473	2	\N	\N
2609	f	\N	\N	91	2	\N	753	2	\N	\N
2614	f	\N	\N	86	2	\N	1033	2	\N	\N
2627	f	\N	\N	121	2	\N	754	2	\N	\N
2636	f	\N	\N	108	2	\N	195	2	\N	\N
2641	f	\N	\N	105	2	\N	475	2	\N	\N
2646	f	\N	\N	109	2	\N	755	2	\N	\N
2659	f	\N	\N	82	2	\N	196	2	\N	\N
2664	f	\N	\N	98	2	\N	476	2	\N	\N
2669	f	\N	\N	96	2	\N	756	2	\N	\N
2670	f	\N	\N	97	2	\N	756	2	\N	\N
2671	f	\N	\N	82	2	\N	1036	2	\N	\N
2684	f	\N	\N	45	2	\N	197	3	\N	\N
2689	f	\N	\N	53	2	\N	757	3	\N	\N
2694	f	\N	\N	50	2	\N	1037	3	\N	\N
2710	f	\N	\N	63	2	\N	1038	3	\N	\N
2721	f	\N	\N	125	2	\N	480	3	\N	\N
2726	f	\N	\N	114	2	\N	1040	3	\N	\N
2740	f	\N	\N	205	2	\N	761	10	\N	\N
2745	f	\N	\N	184	2	\N	1041	10	\N	\N
2758	f	\N	\N	218	2	\N	482	10	\N	\N
2763	f	\N	\N	197	2	\N	762	10	\N	\N
2774	f	\N	\N	129	2	\N	203	10	\N	\N
2779	f	\N	\N	153	2	\N	763	10	\N	\N
2784	f	\N	\N	145	2	\N	1043	10	\N	\N
2800	f	\N	\N	213	2	\N	1044	10	\N	\N
2811	f	\N	\N	133	2	\N	485	11	\N	\N
2816	f	\N	\N	142	2	\N	1045	11	\N	\N
2825	f	\N	\N	164	2	\N	766	11	\N	\N
2827	f	\N	\N	164	2	\N	1046	11	\N	\N
2828	f	\N	\N	140	2	\N	1046	11	\N	\N
2837	f	\N	\N	182	2	\N	768	11	\N	\N
2846	f	\N	\N	184	2	\N	209	15	\N	\N
2851	f	\N	\N	224	2	\N	489	15	\N	\N
2869	f	\N	\N	137	2	\N	210	15	\N	\N
2922	f	\N	\N	199	2	\N	773	13	\N	\N
2935	f	\N	\N	131	2	\N	215	13	\N	\N
2942	f	\N	\N	158	2	\N	216	13	\N	\N
2952	f	\N	\N	130	2	\N	1056	13	\N	\N
2963	f	\N	\N	163	2	\N	497	14	\N	\N
2968	f	\N	\N	162	2	\N	777	14	\N	\N
2973	f	\N	\N	148	2	\N	1057	14	\N	\N
2984	f	\N	\N	195	2	\N	218	14	\N	\N
2990	f	\N	\N	200	2	\N	498	14	\N	\N
2995	f	\N	\N	189	2	\N	1058	14	\N	\N
3008	f	\N	\N	168	2	\N	219	14	\N	\N
3013	f	\N	\N	179	2	\N	499	14	\N	\N
3018	f	\N	\N	203	2	\N	779	14	\N	\N
3061	f	\N	\N	130	2	\N	224	12	\N	\N
3068	f	\N	\N	3	2	\N	225	5	\N	\N
3073	f	\N	\N	21	2	\N	1065	5	\N	\N
3082	f	\N	\N	111	2	\N	1067	5	\N	\N
3089	f	\N	\N	110	2	\N	788	5	\N	\N
3098	f	\N	\N	104	2	\N	230	7	\N	\N
3103	f	\N	\N	106	2	\N	510	7	\N	\N
3108	f	\N	\N	102	2	\N	790	7	\N	\N
3121	f	\N	\N	21	2	\N	231	7	\N	\N
3126	f	\N	\N	20	2	\N	511	7	\N	\N
3131	f	\N	\N	13	2	\N	1071	7	\N	\N
3141	f	\N	\N	50	2	\N	232	7	\N	\N
3142	f	\N	\N	53	2	\N	232	7	\N	\N
3152	f	\N	\N	45	2	\N	1072	7	\N	\N
3165	f	\N	\N	71	2	\N	513	9	\N	\N
3170	f	\N	\N	69	2	\N	1073	9	\N	\N
3186	f	\N	\N	61	2	\N	795	9	\N	\N
3195	f	\N	\N	112	2	\N	516	9	\N	\N
3200	f	\N	\N	124	2	\N	1076	9	\N	\N
3209	f	\N	\N	120	2	\N	797	6	\N	\N
3218	f	\N	\N	33	2	\N	238	6	\N	\N
3223	f	\N	\N	31	2	\N	1078	6	\N	\N
2856	f	\N	\N	188	3	\N	769	15	\N	\N
3031	f	\N	\N	202	3	\N	220	14	\N	\N
2705	f	\N	\N	70	3	\N	478	3	\N	\N
2947	f	\N	\N	146	3	\N	776	13	\N	\N
2735	f	\N	\N	209	3	\N	481	10	\N	\N
2379	f	\N	\N	16	3	\N	177	9	\N	\N
2370	f	\N	\N	54	3	\N	736	7	\N	\N
3147	f	\N	\N	54	3	\N	792	7	\N	\N
2353	f	\N	\N	94	3	\N	1015	7	\N	\N
2237	f	\N	\N	198	3	\N	448	12	\N	\N
2985	f	\N	\N	206	3	\N	218	14	\N	\N
3038	f	\N	\N	171	3	\N	222	12	\N	\N
3052	f	\N	\N	171	3	\N	503	12	\N	\N
2795	f	\N	\N	225	3	\N	484	10	\N	\N
2267	f	\N	\N	2	3	\N	450	5	\N	\N
3232	f	\N	\N	55	2	\N	1079	6	\N	\N
3239	f	\N	\N	79	2	\N	520	6	\N	\N
3244	f	\N	\N	63	2	\N	800	6	\N	\N
3249	f	\N	\N	66	2	\N	1080	6	\N	\N
3262	f	\N	\N	76	2	\N	1081	8	\N	\N
3269	f	\N	\N	118	2	\N	802	8	\N	\N
3278	f	\N	\N	116	2	\N	243	8	\N	\N
3283	f	\N	\N	114	2	\N	1083	8	\N	\N
3292	f	\N	\N	34	2	\N	1084	8	\N	\N
3298	f	\N	\N	38	2	\N	525	4	\N	\N
3299	f	\N	\N	44	2	\N	805	4	\N	\N
3308	f	\N	\N	65	2	\N	526	4	\N	\N
3315	f	\N	\N	25	2	\N	247	4	\N	\N
3320	f	\N	\N	39	2	\N	807	4	\N	\N
3331	f	\N	\N	77	2	\N	248	4	\N	\N
3345	f	\N	\N	59	2	\N	809	2	\N	\N
3352	f	\N	\N	59	2	\N	1090	2	\N	\N
3359	f	\N	\N	109	2	\N	533	3	\N	\N
3364	f	\N	\N	108	2	\N	813	3	\N	\N
3369	f	\N	\N	110	2	\N	1093	3	\N	\N
3382	f	\N	\N	13	2	\N	1094	3	\N	\N
3389	f	\N	\N	84	2	\N	815	3	\N	\N
3398	f	\N	\N	50	2	\N	256	3	\N	\N
3403	f	\N	\N	48	2	\N	816	3	\N	\N
3408	f	\N	\N	30	2	\N	1096	3	\N	\N
3419	f	\N	\N	148	2	\N	817	10	\N	\N
3428	f	\N	\N	142	2	\N	258	10	\N	\N
3433	f	\N	\N	138	2	\N	538	10	\N	\N
3438	f	\N	\N	126	2	\N	818	10	\N	\N
3451	f	\N	\N	190	2	\N	261	11	\N	\N
3455	f	\N	\N	190	2	\N	541	11	\N	\N
3456	f	\N	\N	214	2	\N	541	11	\N	\N
3461	f	\N	\N	184	2	\N	821	11	\N	\N
3466	f	\N	\N	189	2	\N	1101	11	\N	\N
3479	f	\N	\N	203	2	\N	822	11	\N	\N
3488	f	\N	\N	149	2	\N	543	11	\N	\N
3495	f	\N	\N	133	2	\N	824	11	\N	\N
3502	f	\N	\N	184	2	\N	1105	15	\N	\N
3511	f	\N	\N	218	2	\N	267	15	\N	\N
3516	f	\N	\N	183	2	\N	547	15	\N	\N
3521	f	\N	\N	200	2	\N	1107	15	\N	\N
3532	f	\N	\N	127	2	\N	548	15	\N	\N
3541	f	\N	\N	179	2	\N	269	13	\N	\N
3546	f	\N	\N	173	2	\N	549	13	\N	\N
3551	f	\N	\N	216	2	\N	1109	13	\N	\N
3562	f	\N	\N	168	2	\N	551	13	\N	\N
3567	f	\N	\N	223	2	\N	831	13	\N	\N
3578	f	\N	\N	184	2	\N	272	13	\N	\N
3583	f	\N	\N	203	2	\N	552	13	\N	\N
3588	f	\N	\N	228	2	\N	832	13	\N	\N
3601	f	\N	\N	140	2	\N	273	14	\N	\N
3625	f	\N	\N	166	2	\N	276	14	\N	\N
3630	f	\N	\N	190	2	\N	556	14	\N	\N
3635	f	\N	\N	182	2	\N	836	14	\N	\N
3640	f	\N	\N	201	2	\N	1116	14	\N	\N
3653	f	\N	\N	167	2	\N	558	12	\N	\N
3658	f	\N	\N	184	2	\N	838	12	\N	\N
3663	f	\N	\N	185	2	\N	1118	12	\N	\N
3685	f	\N	\N	200	2	\N	280	12	\N	\N
3690	f	\N	\N	174	2	\N	560	12	\N	\N
3695	f	\N	\N	207	2	\N	1120	12	\N	\N
740	f	\N	\N	88	3	\N	897	5	\N	\N
3338	f	\N	\N	88	3	\N	1088	4	\N	\N
728	f	\N	\N	88	3	\N	57	5	\N	\N
3336	f	\N	\N	88	3	\N	808	4	\N	\N
447	f	\N	\N	188	3	\N	33	10	\N	\N
2114	f	\N	\N	188	3	\N	159	13	\N	\N
2116	f	\N	\N	188	3	\N	439	13	\N	\N
1351	f	\N	\N	188	3	\N	658	15	\N	\N
3041	f	\N	\N	188	3	\N	782	12	\N	\N
3043	f	\N	\N	188	3	\N	1062	12	\N	\N
873	f	\N	\N	70	3	\N	68	9	\N	\N
1801	f	\N	\N	70	3	\N	137	2	\N	\N
3181	f	\N	\N	70	3	\N	235	9	\N	\N
2708	f	\N	\N	70	3	\N	758	3	\N	\N
3187	f	\N	\N	70	3	\N	1075	9	\N	\N
733	f	\N	\N	70	3	\N	337	5	\N	\N
1804	f	\N	\N	70	3	\N	417	2	\N	\N
614	f	\N	\N	146	3	\N	326	13	\N	\N
2944	f	\N	\N	146	3	\N	496	13	\N	\N
1483	f	\N	\N	141	3	\N	112	12	\N	\N
2266	f	\N	\N	16	3	\N	170	5	\N	\N
2382	f	\N	\N	16	3	\N	457	9	\N	\N
3566	f	\N	\N	198	3	\N	831	13	\N	\N
3608	f	\N	\N	147	3	\N	274	14	\N	\N
3612	f	\N	\N	147	3	\N	834	14	\N	\N
3614	f	\N	\N	147	3	\N	1114	14	\N	\N
3676	f	\N	\N	171	3	\N	559	12	\N	\N
\.


--
-- Data for Name: presencia_controlassistencia_notificacions_familia; Type: TABLE DATA; Schema: public; Owner: demo_user
--

COPY public.presencia_controlassistencia_notificacions_familia (id, controlassistencia_id, notifusuari_id) FROM stdin;
\.


--
-- Data for Name: presencia_estatcontrolassistencia; Type: TABLE DATA; Schema: public; Owner: demo_user
--

COPY public.presencia_estatcontrolassistencia (id, codi_estat, nom_estat, pct_ausencia) FROM stdin;
2	P	Present	0
3	F	Falta	0
4	J	Justificada	0
5	R	Retard	0
\.


--
-- Data for Name: presencia_impartir; Type: TABLE DATA; Schema: public; Owner: demo_user
--

COPY public.presencia_impartir (id, dia_impartir, dia_passa_llista, "comentariImpartir", pot_no_tenir_alumnes, horari_id, professor_guardia_id, professor_passa_llista_id, reserva_id) FROM stdin;
2	2025-10-13	2025-10-12 22:00:00+00		f	11	\N	5	2
3	2025-10-13	2025-10-12 22:00:00+00		f	20	\N	5	3
70	2025-10-14	2025-11-10 23:00:00+00		f	44	\N	6	59
87	2025-10-14	2025-10-13 22:00:00+00		f	50	\N	3	75
4	2025-10-13	2025-10-12 22:00:00+00		f	31	\N	5	4
88	2025-10-14	2025-10-13 22:00:00+00		f	63	\N	3	76
5	2025-10-13	2025-10-12 22:00:00+00		f	6	\N	7	5
89	2025-10-14	2025-10-13 22:00:00+00		f	189	\N	10	77
6	2025-10-13	2025-10-12 22:00:00+00		f	13	\N	7	6
33	2025-10-13	2025-11-10 23:00:00+00		f	161	\N	10	29
9	2025-10-13	\N		f	8	\N	\N	\N
91	2025-10-14	2025-10-13 22:00:00+00		f	197	\N	10	79
92	2025-10-14	2025-10-13 22:00:00+00		f	206	\N	10	80
7	2025-10-13	2025-10-12 22:00:00+00		f	23	\N	7	7
10	2025-10-13	2025-10-12 22:00:00+00		f	10	\N	9	9
93	2025-10-14	2025-10-13 22:00:00+00		f	188	\N	11	81
94	2025-10-14	2025-10-13 22:00:00+00		f	193	\N	11	82
11	2025-10-13	2025-10-12 22:00:00+00		f	21	\N	9	10
16	2025-10-13	\N		f	32	\N	\N	\N
12	2025-10-13	2025-10-12 22:00:00+00		f	26	\N	9	11
37	2025-10-13	2025-11-10 23:00:00+00		f	162	\N	11	33
13	2025-10-13	2025-10-12 22:00:00+00		f	5	\N	6	12
96	2025-10-14	2025-10-13 22:00:00+00		f	203	\N	11	84
15	2025-10-13	2025-10-12 22:00:00+00		f	18	\N	6	14
104	2025-10-14	2025-11-10 23:00:00+00		f	207	\N	13	90
14	2025-10-13	2025-10-12 22:00:00+00		f	12	\N	6	13
97	2025-10-14	2025-10-13 22:00:00+00		f	185	\N	15	85
23	2025-10-13	\N		f	24	\N	\N	\N
17	2025-10-13	2025-10-12 22:00:00+00		f	7	\N	8	15
99	2025-10-14	2025-10-13 22:00:00+00		f	201	\N	15	87
101	2025-10-14	2025-10-13 22:00:00+00		f	187	\N	13	88
102	2025-10-14	2025-10-13 22:00:00+00		f	195	\N	13	89
19	2025-10-13	2025-10-12 22:00:00+00		f	19	\N	8	17
68	2025-10-14	2025-11-10 23:00:00+00		f	61	\N	9	58
30	2025-10-13	\N		f	16	\N	\N	\N
20	2025-10-13	2025-10-12 22:00:00+00		f	25	\N	8	18
21	2025-10-13	2025-10-12 22:00:00+00		f	3	\N	4	19
107	2025-10-14	2025-10-13 22:00:00+00		f	198	\N	14	92
22	2025-10-13	2025-10-12 22:00:00+00		f	14	\N	4	20
108	2025-10-14	2025-10-13 22:00:00+00		f	205	\N	14	93
112	2025-10-14	2025-11-10 23:00:00+00		f	204	\N	12	96
24	2025-10-13	2025-10-12 22:00:00+00		f	30	\N	4	21
25	2025-10-13	2025-10-12 22:00:00+00		f	1	\N	2	22
111	2025-10-14	2025-10-13 22:00:00+00		f	199	\N	12	95
95	2025-10-14	2025-11-10 23:00:00+00		f	200	\N	11	83
41	2025-10-13	\N		f	166	\N	\N	\N
26	2025-10-13	2025-10-12 22:00:00+00		f	9	\N	2	23
27	2025-10-13	2025-10-12 22:00:00+00		f	22	\N	2	24
61	2025-10-14	2025-11-10 23:00:00+00		f	37	\N	7	52
44	2025-10-13	\N		f	184	\N	\N	\N
114	2025-10-15	2025-10-14 22:00:00+00		f	76	\N	5	98
29	2025-10-13	2025-10-12 22:00:00+00		f	2	\N	3	26
115	2025-10-15	2025-10-14 22:00:00+00		f	85	\N	5	99
31	2025-10-13	2025-10-12 22:00:00+00		f	17	\N	3	27
116	2025-10-15	2025-10-14 22:00:00+00		f	95	\N	5	100
50	2025-10-13	\N		f	172	\N	\N	\N
86	2025-10-14	2025-11-10 23:00:00+00		f	43	\N	3	74
46	2025-10-13	2025-11-10 23:00:00+00		f	171	\N	13	40
117	2025-10-15	2025-10-14 22:00:00+00		f	69	\N	7	101
34	2025-10-13	2025-11-10 23:00:00+00		f	168	\N	10	30
55	2025-10-13	\N		f	178	\N	\N	\N
32	2025-10-13	2025-11-10 23:00:00+00		f	28	\N	3	28
120	2025-10-15	2025-10-14 22:00:00+00		f	91	\N	7	103
35	2025-10-13	2025-10-12 22:00:00+00		f	174	\N	10	31
121	2025-10-15	2025-10-14 22:00:00+00		f	71	\N	9	104
59	2025-10-14	\N		f	56	\N	\N	\N
123	2025-10-15	2025-10-14 22:00:00+00		f	87	\N	9	106
122	2025-10-15	2025-10-14 22:00:00+00		f	78	\N	9	105
62	2025-10-14	\N		f	48	\N	\N	\N
39	2025-10-13	2025-11-10 23:00:00+00		f	173	\N	11	35
124	2025-10-15	2025-10-14 22:00:00+00		f	90	\N	9	107
38	2025-10-13	2025-10-12 22:00:00+00		f	167	\N	11	34
125	2025-10-15	2025-10-14 22:00:00+00		f	66	\N	6	108
126	2025-10-15	2025-10-14 22:00:00+00		f	73	\N	6	109
105	2025-10-14	2025-11-10 23:00:00+00		f	186	\N	14	91
113	2025-10-15	2025-11-10 23:00:00+00		f	65	\N	5	97
40	2025-10-13	2025-10-12 22:00:00+00		f	183	\N	11	36
128	2025-10-15	2025-10-14 22:00:00+00		f	89	\N	6	111
69	2025-10-14	\N		f	40	\N	\N	\N
130	2025-10-15	2025-10-14 22:00:00+00		f	74	\N	8	112
42	2025-10-13	2025-10-12 22:00:00+00		f	169	\N	15	37
43	2025-10-13	2025-10-12 22:00:00+00		f	176	\N	15	38
45	2025-10-13	2025-10-12 22:00:00+00		f	164	\N	13	39
48	2025-10-13	2025-10-12 22:00:00+00		f	179	\N	13	42
49	2025-10-13	2025-10-12 22:00:00+00		f	165	\N	14	43
51	2025-10-13	2025-10-12 22:00:00+00		f	177	\N	14	44
80	2025-10-14	\N		f	64	\N	\N	\N
52	2025-10-13	2025-10-12 22:00:00+00		f	181	\N	14	45
53	2025-10-13	2025-10-12 22:00:00+00		f	163	\N	12	46
56	2025-10-13	2025-10-12 22:00:00+00		f	180	\N	12	48
54	2025-10-13	2025-10-12 22:00:00+00		f	170	\N	12	47
58	2025-10-14	2025-10-13 22:00:00+00		f	46	\N	5	50
60	2025-10-14	2025-10-13 22:00:00+00		f	57	\N	5	51
63	2025-10-14	2025-10-13 22:00:00+00		f	53	\N	7	53
65	2025-10-14	2025-10-13 22:00:00+00		f	39	\N	9	55
64	2025-10-14	2025-10-13 22:00:00+00		f	58	\N	7	54
100	2025-10-14	\N		f	208	\N	\N	\N
67	2025-10-14	2025-10-13 22:00:00+00		f	51	\N	9	57
103	2025-10-14	\N		f	202	\N	\N	\N
106	2025-10-14	\N		f	196	\N	\N	\N
109	2025-10-14	\N		f	190	\N	\N	\N
71	2025-10-14	2025-10-13 22:00:00+00		f	54	\N	6	60
72	2025-10-14	2025-10-13 22:00:00+00		f	62	\N	6	61
73	2025-10-14	2025-10-13 22:00:00+00		f	38	\N	8	62
74	2025-10-14	2025-10-13 22:00:00+00		f	45	\N	8	63
76	2025-10-14	2025-10-13 22:00:00+00		f	59	\N	8	65
119	2025-10-15	\N		f	88	\N	\N	\N
78	2025-10-14	2025-10-13 22:00:00+00		f	42	\N	4	67
77	2025-10-14	2025-10-13 22:00:00+00		f	34	\N	4	66
79	2025-10-14	2025-10-13 22:00:00+00		f	55	\N	4	68
81	2025-10-14	2025-10-13 22:00:00+00		f	35	\N	2	69
82	2025-10-14	2025-10-13 22:00:00+00		f	47	\N	2	70
129	2025-10-15	\N		f	72	\N	\N	\N
84	2025-10-14	2025-10-13 22:00:00+00		f	60	\N	2	72
85	2025-10-14	2025-10-13 22:00:00+00		f	36	\N	3	73
1	2025-10-13	2025-10-12 22:00:00+00		f	4	\N	5	1
132	2025-10-15	2025-10-14 22:00:00+00		f	93	\N	8	114
210	2025-10-16	2025-10-15 22:00:00+00		f	241	\N	15	181
211	2025-10-16	2025-10-15 22:00:00+00		f	247	\N	15	182
136	2025-10-15	\N		f	96	\N	\N	\N
134	2025-10-15	2025-10-14 22:00:00+00		f	79	\N	4	116
215	2025-10-16	2025-10-15 22:00:00+00		f	246	\N	13	184
138	2025-10-15	\N		f	80	\N	\N	\N
135	2025-10-15	2025-10-14 22:00:00+00		f	86	\N	4	117
218	2025-10-16	2025-11-10 23:00:00+00		f	242	\N	14	187
217	2025-10-16	2025-10-15 22:00:00+00		f	236	\N	14	186
235	2025-10-17	2025-11-10 23:00:00+00		f	148	\N	9	201
139	2025-10-15	2025-10-14 22:00:00+00		f	83	\N	2	119
149	2025-10-15	2025-11-10 23:00:00+00		f	212	\N	11	128
140	2025-10-15	2025-10-14 22:00:00+00		f	94	\N	2	120
219	2025-10-16	2025-10-15 22:00:00+00		f	245	\N	14	188
148	2025-10-15	\N		f	232	\N	\N	\N
141	2025-10-15	2025-10-14 22:00:00+00		f	68	\N	3	121
150	2025-10-15	\N		f	220	\N	\N	\N
146	2025-10-15	2025-11-10 23:00:00+00		f	219	\N	10	126
224	2025-10-16	2025-10-15 22:00:00+00		f	251	\N	12	192
153	2025-10-15	\N		f	214	\N	\N	\N
234	2025-10-17	2025-11-10 23:00:00+00		f	142	\N	9	200
155	2025-10-15	\N		f	226	\N	\N	\N
225	2025-10-17	2025-10-16 22:00:00+00		f	135	\N	5	193
144	2025-10-15	2025-10-14 22:00:00+00		f	92	\N	3	124
227	2025-10-17	2025-10-16 22:00:00+00		f	145	\N	5	194
145	2025-10-15	2025-10-14 22:00:00+00		f	210	\N	10	125
228	2025-10-17	2025-10-16 22:00:00+00		f	156	\N	5	195
230	2025-10-17	2025-10-16 22:00:00+00		f	138	\N	7	196
159	2025-10-15	2025-11-10 23:00:00+00		f	224	\N	13	135
147	2025-10-15	2025-10-14 22:00:00+00		f	223	\N	10	127
231	2025-10-17	2025-10-16 22:00:00+00		f	151	\N	7	197
222	2025-10-16	2025-11-10 23:00:00+00		f	239	\N	12	190
176	2025-10-16	2025-11-10 23:00:00+00		f	124	\N	7	151
151	2025-10-15	2025-10-14 22:00:00+00		f	221	\N	11	129
152	2025-10-15	2025-10-14 22:00:00+00		f	228	\N	11	130
216	2025-10-16	2025-11-10 23:00:00+00		f	253	\N	13	185
236	2025-10-17	2025-10-16 22:00:00+00		f	153	\N	9	202
237	2025-10-17	2025-10-16 22:00:00+00		f	130	\N	6	203
156	2025-10-15	2025-10-14 22:00:00+00		f	231	\N	15	132
174	2025-10-16	\N		f	112	\N	\N	\N
238	2025-10-17	2025-10-16 22:00:00+00		f	137	\N	6	204
201	2025-10-16	2025-11-10 23:00:00+00		f	234	\N	10	173
239	2025-10-17	2025-10-16 22:00:00+00		f	149	\N	6	205
158	2025-10-15	2025-10-14 22:00:00+00		f	218	\N	13	134
240	2025-10-17	2025-10-16 22:00:00+00		f	158	\N	6	206
209	2025-10-16	2025-11-10 23:00:00+00		f	237	\N	15	180
241	2025-10-17	2025-10-16 22:00:00+00		f	134	\N	8	207
180	2025-10-16	\N		f	128	\N	\N	\N
160	2025-10-15	2025-10-14 22:00:00+00		f	230	\N	13	136
243	2025-10-17	2025-10-16 22:00:00+00		f	146	\N	8	209
168	2025-10-15	2025-11-10 23:00:00+00		f	229	\N	12	144
244	2025-10-17	2025-10-16 22:00:00+00		f	159	\N	8	210
162	2025-10-15	2025-10-14 22:00:00+00		f	216	\N	14	138
245	2025-10-17	2025-10-16 22:00:00+00		f	132	\N	4	211
246	2025-10-17	2025-10-16 22:00:00+00		f	141	\N	4	212
164	2025-10-15	2025-10-14 22:00:00+00		f	227	\N	14	140
247	2025-10-17	2025-10-16 22:00:00+00		f	147	\N	4	213
189	2025-10-16	\N		f	104	\N	\N	\N
204	2025-10-16	2025-11-10 23:00:00+00		f	254	\N	10	176
165	2025-10-15	2025-10-14 22:00:00+00		f	209	\N	12	141
249	2025-10-17	2025-10-16 22:00:00+00		f	129	\N	2	215
166	2025-10-15	2025-10-14 22:00:00+00		f	215	\N	12	142
167	2025-10-15	2025-10-14 22:00:00+00		f	225	\N	12	143
253	2025-10-17	2025-10-16 22:00:00+00		f	131	\N	3	217
254	2025-10-17	2025-10-16 22:00:00+00		f	143	\N	3	218
157	2025-10-15	2025-11-10 23:00:00+00		f	211	\N	13	133
169	2025-10-16	2025-10-15 22:00:00+00		f	102	\N	5	145
255	2025-10-17	2025-10-16 22:00:00+00		f	150	\N	3	219
177	2025-10-16	2025-11-10 23:00:00+00		f	100	\N	9	152
199	2025-10-16	\N		f	120	\N	\N	\N
256	2025-10-17	2025-10-16 22:00:00+00		f	155	\N	3	220
257	2025-10-17	2025-10-16 22:00:00+00		f	257	\N	10	221
172	2025-10-16	2025-10-15 22:00:00+00		f	125	\N	5	148
258	2025-10-17	2025-10-16 22:00:00+00		f	264	\N	10	222
173	2025-10-16	2025-10-15 22:00:00+00		f	98	\N	7	149
248	2025-10-17	2025-11-10 23:00:00+00		f	154	\N	4	214
220	2025-10-16	2025-11-10 23:00:00+00		f	255	\N	14	189
161	2025-10-15	2025-11-10 23:00:00+00		f	213	\N	14	137
137	2025-10-15	2025-11-10 23:00:00+00		f	70	\N	2	118
207	2025-10-16	\N		f	250	\N	\N	\N
142	2025-10-15	2025-11-10 23:00:00+00		f	75	\N	3	122
232	2025-10-17	2025-11-10 23:00:00+00		f	157	\N	7	198
175	2025-10-16	2025-11-10 23:00:00+00		f	116	\N	7	150
170	2025-10-16	2025-11-10 23:00:00+00		f	108	\N	5	146
212	2025-10-16	\N		f	256	\N	\N	\N
214	2025-10-16	\N		f	244	\N	\N	\N
178	2025-10-16	2025-10-15 22:00:00+00		f	105	\N	9	153
179	2025-10-16	2025-10-15 22:00:00+00		f	115	\N	9	154
182	2025-10-16	2025-10-15 22:00:00+00		f	109	\N	6	156
221	2025-10-16	\N		f	238	\N	\N	\N
183	2025-10-16	2025-10-15 22:00:00+00		f	119	\N	6	157
184	2025-10-16	2025-10-15 22:00:00+00		f	126	\N	6	158
185	2025-10-16	2025-10-15 22:00:00+00		f	97	\N	8	159
186	2025-10-16	2025-10-15 22:00:00+00		f	106	\N	8	160
226	2025-10-17	\N		f	144	\N	\N	\N
187	2025-10-16	2025-10-15 22:00:00+00		f	113	\N	8	161
229	2025-10-17	\N		f	136	\N	\N	\N
188	2025-10-16	2025-10-15 22:00:00+00		f	123	\N	8	162
191	2025-10-16	2025-10-15 22:00:00+00		f	117	\N	4	164
192	2025-10-16	2025-10-15 22:00:00+00		f	122	\N	4	165
193	2025-10-16	2025-10-15 22:00:00+00		f	99	\N	2	166
194	2025-10-16	2025-10-15 22:00:00+00		f	110	\N	2	167
195	2025-10-16	2025-10-15 22:00:00+00		f	114	\N	2	168
196	2025-10-16	2025-10-15 22:00:00+00		f	121	\N	2	169
197	2025-10-16	2025-10-15 22:00:00+00		f	103	\N	3	170
200	2025-10-16	2025-10-15 22:00:00+00		f	127	\N	3	172
251	2025-10-17	\N		f	152	\N	\N	\N
252	2025-10-17	\N		f	160	\N	\N	\N
202	2025-10-16	2025-10-15 22:00:00+00		f	243	\N	10	174
203	2025-10-16	2025-10-15 22:00:00+00		f	248	\N	10	175
259	2025-10-17	\N		f	274	\N	\N	\N
260	2025-10-17	\N		f	280	\N	\N	\N
205	2025-10-16	2025-10-15 22:00:00+00		f	235	\N	11	177
208	2025-10-16	2025-10-15 22:00:00+00		f	252	\N	11	179
282	2025-10-20	2025-10-19 22:00:00+00		f	11	\N	5	242
283	2025-10-20	2025-10-19 22:00:00+00		f	20	\N	5	243
284	2025-10-20	2025-10-19 22:00:00+00		f	31	\N	5	244
285	2025-10-20	2025-10-19 22:00:00+00		f	6	\N	7	245
286	2025-10-20	2025-10-19 22:00:00+00		f	13	\N	7	246
270	2025-10-17	\N		f	268	\N	\N	\N
287	2025-10-20	2025-10-19 22:00:00+00		f	23	\N	7	247
290	2025-10-20	2025-10-19 22:00:00+00		f	10	\N	9	249
291	2025-10-20	2025-10-19 22:00:00+00		f	21	\N	9	250
277	2025-10-17	\N		f	262	\N	\N	\N
292	2025-10-20	2025-10-19 22:00:00+00		f	26	\N	9	251
293	2025-10-20	2025-10-19 22:00:00+00		f	5	\N	6	252
295	2025-10-20	2025-10-19 22:00:00+00		f	18	\N	6	254
294	2025-10-20	2025-10-19 22:00:00+00		f	12	\N	6	253
350	2025-10-21	2025-11-10 23:00:00+00		f	44	\N	6	299
368	2025-10-21	2025-10-20 22:00:00+00		f	63	\N	3	316
297	2025-10-20	2025-10-19 22:00:00+00		f	7	\N	8	255
369	2025-10-21	2025-10-20 22:00:00+00		f	189	\N	10	317
213	2025-10-16	2025-10-15 22:00:00+00		f	233	\N	13	183
299	2025-10-20	2025-10-19 22:00:00+00		f	19	\N	8	257
371	2025-10-21	2025-10-20 22:00:00+00		f	197	\N	10	319
372	2025-10-21	2025-10-20 22:00:00+00		f	206	\N	10	320
289	2025-10-20	\N		f	8	\N	\N	\N
300	2025-10-20	2025-10-19 22:00:00+00		f	25	\N	8	258
373	2025-10-21	2025-10-20 22:00:00+00		f	188	\N	11	321
374	2025-10-21	2025-10-20 22:00:00+00		f	193	\N	11	322
301	2025-10-20	2025-10-19 22:00:00+00		f	3	\N	4	259
302	2025-10-20	2025-10-19 22:00:00+00		f	14	\N	4	260
317	2025-10-20	2025-11-10 23:00:00+00		f	162	\N	11	273
296	2025-10-20	\N		f	32	\N	\N	\N
304	2025-10-20	2025-10-19 22:00:00+00		f	30	\N	4	261
376	2025-10-21	2025-10-20 22:00:00+00		f	203	\N	11	324
305	2025-10-20	2025-10-19 22:00:00+00		f	1	\N	2	262
377	2025-10-21	2025-10-20 22:00:00+00		f	185	\N	15	325
306	2025-10-20	2025-10-19 22:00:00+00		f	9	\N	2	263
307	2025-10-20	2025-10-19 22:00:00+00		f	22	\N	2	264
379	2025-10-21	2025-10-20 22:00:00+00		f	201	\N	15	327
303	2025-10-20	\N		f	24	\N	\N	\N
381	2025-10-21	2025-10-20 22:00:00+00		f	187	\N	13	328
309	2025-10-20	2025-10-19 22:00:00+00		f	2	\N	3	266
382	2025-10-21	2025-10-20 22:00:00+00		f	195	\N	13	329
311	2025-10-20	2025-10-19 22:00:00+00		f	17	\N	3	267
348	2025-10-21	2025-11-10 23:00:00+00		f	61	\N	9	298
926	2025-11-04	2025-11-10 23:00:00+00		f	43	\N	3	794
310	2025-10-20	\N		f	16	\N	\N	\N
384	2025-10-21	2025-11-10 23:00:00+00		f	207	\N	13	330
387	2025-10-21	2025-10-20 22:00:00+00		f	198	\N	14	332
326	2025-10-20	2025-11-10 23:00:00+00		f	171	\N	13	280
388	2025-10-21	2025-10-20 22:00:00+00		f	205	\N	14	333
262	2025-10-17	2025-10-16 22:00:00+00		f	265	\N	11	224
315	2025-10-20	2025-10-19 22:00:00+00		f	174	\N	10	271
263	2025-10-17	2025-10-16 22:00:00+00		f	271	\N	11	225
264	2025-10-17	2025-10-16 22:00:00+00		f	276	\N	11	226
265	2025-10-17	2025-10-16 22:00:00+00		f	261	\N	15	227
266	2025-10-17	2025-10-16 22:00:00+00		f	267	\N	15	228
312	2025-10-20	2025-11-10 23:00:00+00		f	28	\N	3	268
318	2025-10-20	2025-10-19 22:00:00+00		f	167	\N	11	274
321	2025-10-20	\N		f	166	\N	\N	\N
267	2025-10-17	2025-10-16 22:00:00+00		f	269	\N	15	229
324	2025-10-20	\N		f	184	\N	\N	\N
271	2025-10-17	2025-11-10 23:00:00+00		f	270	\N	13	232
320	2025-10-20	2025-10-19 22:00:00+00		f	183	\N	11	276
269	2025-10-17	2025-10-16 22:00:00+00		f	258	\N	13	231
322	2025-10-20	2025-10-19 22:00:00+00		f	169	\N	15	277
274	2025-10-17	2025-11-10 23:00:00+00		f	266	\N	14	235
272	2025-10-17	2025-10-16 22:00:00+00		f	275	\N	13	233
330	2025-10-20	\N		f	172	\N	\N	\N
323	2025-10-20	2025-10-19 22:00:00+00		f	176	\N	15	278
273	2025-10-17	2025-10-16 22:00:00+00		f	259	\N	14	234
325	2025-10-20	2025-10-19 22:00:00+00		f	164	\N	13	279
385	2025-10-21	2025-11-10 23:00:00+00		f	186	\N	14	331
275	2025-10-17	2025-10-16 22:00:00+00		f	273	\N	14	236
335	2025-10-20	\N		f	178	\N	\N	\N
328	2025-10-20	2025-10-19 22:00:00+00		f	179	\N	13	282
329	2025-10-20	2025-10-19 22:00:00+00		f	165	\N	14	283
276	2025-10-17	2025-10-16 22:00:00+00		f	279	\N	14	237
331	2025-10-20	2025-10-19 22:00:00+00		f	177	\N	14	284
339	2025-10-21	\N		f	56	\N	\N	\N
341	2025-10-21	2025-11-10 23:00:00+00		f	37	\N	7	292
342	2025-10-21	\N		f	48	\N	\N	\N
332	2025-10-20	2025-10-19 22:00:00+00		f	181	\N	14	285
333	2025-10-20	2025-10-19 22:00:00+00		f	163	\N	12	286
313	2025-10-20	2025-11-10 23:00:00+00		f	161	\N	10	269
280	2025-10-17	2025-10-16 22:00:00+00		f	277	\N	12	240
336	2025-10-20	2025-10-19 22:00:00+00		f	180	\N	12	288
375	2025-10-21	2025-11-10 23:00:00+00		f	200	\N	11	323
334	2025-10-20	2025-10-19 22:00:00+00		f	170	\N	12	287
314	2025-10-20	2025-11-10 23:00:00+00		f	168	\N	10	270
366	2025-10-21	2025-11-10 23:00:00+00		f	43	\N	3	314
349	2025-10-21	\N		f	40	\N	\N	\N
338	2025-10-21	2025-10-20 22:00:00+00		f	46	\N	5	290
319	2025-10-20	2025-11-10 23:00:00+00		f	173	\N	11	275
340	2025-10-21	2025-10-20 22:00:00+00		f	57	\N	5	291
279	2025-10-17	2025-11-10 23:00:00+00		f	272	\N	12	239
343	2025-10-21	2025-10-20 22:00:00+00		f	53	\N	7	293
345	2025-10-21	2025-10-20 22:00:00+00		f	39	\N	9	295
344	2025-10-21	2025-10-20 22:00:00+00		f	58	\N	7	294
360	2025-10-21	\N		f	64	\N	\N	\N
347	2025-10-21	2025-10-20 22:00:00+00		f	51	\N	9	297
351	2025-10-21	2025-10-20 22:00:00+00		f	54	\N	6	300
352	2025-10-21	2025-10-20 22:00:00+00		f	62	\N	6	301
353	2025-10-21	2025-10-20 22:00:00+00		f	38	\N	8	302
354	2025-10-21	2025-10-20 22:00:00+00		f	45	\N	8	303
356	2025-10-21	2025-10-20 22:00:00+00		f	59	\N	8	305
358	2025-10-21	2025-10-20 22:00:00+00		f	42	\N	4	307
357	2025-10-21	2025-10-20 22:00:00+00		f	34	\N	4	306
380	2025-10-21	\N		f	208	\N	\N	\N
383	2025-10-21	\N		f	202	\N	\N	\N
359	2025-10-21	2025-10-20 22:00:00+00		f	55	\N	4	308
361	2025-10-21	2025-10-20 22:00:00+00		f	35	\N	2	309
386	2025-10-21	\N		f	196	\N	\N	\N
362	2025-10-21	2025-10-20 22:00:00+00		f	47	\N	2	310
389	2025-10-21	\N		f	190	\N	\N	\N
364	2025-10-21	2025-10-20 22:00:00+00		f	60	\N	2	312
365	2025-10-21	2025-10-20 22:00:00+00		f	36	\N	3	313
393	2025-10-22	2025-11-10 23:00:00+00		f	65	\N	5	337
490	2025-10-23	2025-10-22 22:00:00+00		f	241	\N	15	421
491	2025-10-23	2025-10-22 22:00:00+00		f	247	\N	15	422
394	2025-10-22	2025-10-21 22:00:00+00		f	76	\N	5	338
495	2025-10-23	2025-10-22 22:00:00+00		f	246	\N	13	424
395	2025-10-22	2025-10-21 22:00:00+00		f	85	\N	5	339
399	2025-10-22	\N		f	88	\N	\N	\N
396	2025-10-22	2025-10-21 22:00:00+00		f	95	\N	5	340
498	2025-10-23	2025-11-10 23:00:00+00		f	242	\N	14	427
497	2025-10-23	2025-10-22 22:00:00+00		f	236	\N	14	426
429	2025-10-22	2025-11-10 23:00:00+00		f	212	\N	11	368
397	2025-10-22	2025-10-21 22:00:00+00		f	69	\N	7	341
499	2025-10-23	2025-10-22 22:00:00+00		f	245	\N	14	428
400	2025-10-22	2025-10-21 22:00:00+00		f	91	\N	7	343
401	2025-10-22	2025-10-21 22:00:00+00		f	71	\N	9	344
439	2025-10-22	2025-11-10 23:00:00+00		f	224	\N	13	375
409	2025-10-22	\N		f	72	\N	\N	\N
403	2025-10-22	2025-10-21 22:00:00+00		f	87	\N	9	346
504	2025-10-23	2025-10-22 22:00:00+00		f	251	\N	12	432
402	2025-10-22	2025-10-21 22:00:00+00		f	78	\N	9	345
404	2025-10-22	2025-10-21 22:00:00+00		f	90	\N	9	347
505	2025-10-24	2025-10-23 22:00:00+00		f	135	\N	5	433
507	2025-10-24	2025-10-23 22:00:00+00		f	145	\N	5	434
405	2025-10-22	2025-10-21 22:00:00+00		f	66	\N	6	348
406	2025-10-22	2025-10-21 22:00:00+00		f	73	\N	6	349
508	2025-10-24	2025-10-23 22:00:00+00		f	156	\N	5	435
416	2025-10-22	\N		f	96	\N	\N	\N
510	2025-10-24	2025-10-23 22:00:00+00		f	138	\N	7	436
418	2025-10-22	\N		f	80	\N	\N	\N
408	2025-10-22	2025-10-21 22:00:00+00		f	89	\N	6	351
410	2025-10-22	2025-10-21 22:00:00+00		f	74	\N	8	352
411	2025-10-22	2025-10-21 22:00:00+00		f	82	\N	8	353
511	2025-10-24	2025-10-23 22:00:00+00		f	151	\N	7	437
456	2025-10-23	2025-11-10 23:00:00+00		f	124	\N	7	391
412	2025-10-22	2025-10-21 22:00:00+00		f	93	\N	8	354
413	2025-10-22	2025-10-21 22:00:00+00		f	67	\N	4	355
478	2025-10-23	2025-11-10 23:00:00+00		f	111	\N	3	411
414	2025-10-22	2025-10-21 22:00:00+00		f	79	\N	4	356
428	2025-10-22	\N		f	232	\N	\N	\N
516	2025-10-24	2025-10-23 22:00:00+00		f	153	\N	9	442
430	2025-10-22	\N		f	220	\N	\N	\N
415	2025-10-22	2025-10-21 22:00:00+00		f	86	\N	4	357
517	2025-10-24	2025-10-23 22:00:00+00		f	130	\N	6	443
433	2025-10-22	\N		f	214	\N	\N	\N
518	2025-10-24	2025-10-23 22:00:00+00		f	137	\N	6	444
435	2025-10-22	\N		f	226	\N	\N	\N
419	2025-10-22	2025-10-21 22:00:00+00		f	83	\N	2	359
519	2025-10-24	2025-10-23 22:00:00+00		f	149	\N	6	445
420	2025-10-22	2025-10-21 22:00:00+00		f	94	\N	2	360
520	2025-10-24	2025-10-23 22:00:00+00		f	158	\N	6	446
484	2025-10-23	2025-11-10 23:00:00+00		f	254	\N	10	416
421	2025-10-22	2025-10-21 22:00:00+00		f	68	\N	3	361
489	2025-10-23	2025-11-10 23:00:00+00		f	237	\N	15	420
500	2025-10-23	2025-11-10 23:00:00+00		f	255	\N	14	429
515	2025-10-24	2025-11-10 23:00:00+00		f	148	\N	9	441
461	2025-10-23	2025-11-10 23:00:00+00		f	101	\N	6	395
496	2025-10-23	2025-11-10 23:00:00+00		f	253	\N	13	425
423	2025-10-22	2025-10-21 22:00:00+00		f	84	\N	3	363
392	2025-10-21	2025-11-10 23:00:00+00		f	204	\N	12	336
457	2025-10-23	2025-11-10 23:00:00+00		f	100	\N	9	392
424	2025-10-22	2025-10-21 22:00:00+00		f	92	\N	3	364
512	2025-10-24	2025-11-10 23:00:00+00		f	157	\N	7	438
514	2025-10-24	2025-11-10 23:00:00+00		f	142	\N	9	440
425	2025-10-22	2025-10-21 22:00:00+00		f	210	\N	10	365
422	2025-10-22	2025-11-10 23:00:00+00		f	75	\N	3	362
441	2025-10-22	2025-11-10 23:00:00+00		f	213	\N	14	377
448	2025-10-22	2025-11-10 23:00:00+00		f	229	\N	12	384
437	2025-10-22	2025-11-10 23:00:00+00		f	211	\N	13	373
502	2025-10-23	2025-11-10 23:00:00+00		f	239	\N	12	430
427	2025-10-22	2025-10-21 22:00:00+00		f	223	\N	10	367
450	2025-10-23	2025-11-10 23:00:00+00		f	108	\N	5	386
454	2025-10-23	\N		f	112	\N	\N	\N
431	2025-10-22	2025-10-21 22:00:00+00		f	221	\N	11	369
432	2025-10-22	2025-10-21 22:00:00+00		f	228	\N	11	370
460	2025-10-23	\N		f	128	\N	\N	\N
434	2025-10-22	2025-10-21 22:00:00+00		f	217	\N	15	371
436	2025-10-22	2025-10-21 22:00:00+00		f	231	\N	15	372
469	2025-10-23	\N		f	104	\N	\N	\N
440	2025-10-22	2025-10-21 22:00:00+00		f	230	\N	13	376
442	2025-10-22	2025-10-21 22:00:00+00		f	216	\N	14	378
443	2025-10-22	2025-10-21 22:00:00+00		f	222	\N	14	379
444	2025-10-22	2025-10-21 22:00:00+00		f	227	\N	14	380
479	2025-10-23	\N		f	120	\N	\N	\N
445	2025-10-22	2025-10-21 22:00:00+00		f	209	\N	12	381
447	2025-10-22	2025-10-21 22:00:00+00		f	225	\N	12	383
449	2025-10-23	2025-10-22 22:00:00+00		f	102	\N	5	385
487	2025-10-23	\N		f	250	\N	\N	\N
451	2025-10-23	2025-10-22 22:00:00+00		f	118	\N	5	387
492	2025-10-23	\N		f	256	\N	\N	\N
452	2025-10-23	2025-10-22 22:00:00+00		f	125	\N	5	388
494	2025-10-23	\N		f	244	\N	\N	\N
453	2025-10-23	2025-10-22 22:00:00+00		f	98	\N	7	389
501	2025-10-23	\N		f	238	\N	\N	\N
458	2025-10-23	2025-10-22 22:00:00+00		f	105	\N	9	393
459	2025-10-23	2025-10-22 22:00:00+00		f	115	\N	9	394
506	2025-10-24	\N		f	144	\N	\N	\N
509	2025-10-24	\N		f	136	\N	\N	\N
462	2025-10-23	2025-10-22 22:00:00+00		f	109	\N	6	396
463	2025-10-23	2025-10-22 22:00:00+00		f	119	\N	6	397
464	2025-10-23	2025-10-22 22:00:00+00		f	126	\N	6	398
466	2025-10-23	2025-10-22 22:00:00+00		f	106	\N	8	400
467	2025-10-23	2025-10-22 22:00:00+00		f	113	\N	8	401
468	2025-10-23	2025-10-22 22:00:00+00		f	123	\N	8	402
470	2025-10-23	2025-10-22 22:00:00+00		f	107	\N	4	403
471	2025-10-23	2025-10-22 22:00:00+00		f	117	\N	4	404
473	2025-10-23	2025-10-22 22:00:00+00		f	99	\N	2	406
474	2025-10-23	2025-10-22 22:00:00+00		f	110	\N	2	407
475	2025-10-23	2025-10-22 22:00:00+00		f	114	\N	2	408
477	2025-10-23	2025-10-22 22:00:00+00		f	103	\N	3	410
480	2025-10-23	2025-10-22 22:00:00+00		f	127	\N	3	412
482	2025-10-23	2025-10-22 22:00:00+00		f	243	\N	10	414
483	2025-10-23	2025-10-22 22:00:00+00		f	248	\N	10	415
485	2025-10-23	2025-10-22 22:00:00+00		f	235	\N	11	417
488	2025-10-23	2025-10-22 22:00:00+00		f	252	\N	11	419
562	2025-10-27	2025-10-26 23:00:00+00		f	11	\N	5	482
563	2025-10-27	2025-10-26 23:00:00+00		f	20	\N	5	483
564	2025-10-27	2025-10-26 23:00:00+00		f	31	\N	5	484
565	2025-10-27	2025-10-26 23:00:00+00		f	6	\N	7	485
566	2025-10-27	2025-10-26 23:00:00+00		f	13	\N	7	486
645	2025-10-28	2025-10-27 23:00:00+00		f	36	\N	3	553
531	2025-10-24	\N		f	152	\N	\N	\N
532	2025-10-24	\N		f	160	\N	\N	\N
567	2025-10-27	2025-10-26 23:00:00+00		f	23	\N	7	487
570	2025-10-27	2025-10-26 23:00:00+00		f	10	\N	9	489
571	2025-10-27	2025-10-26 23:00:00+00		f	21	\N	9	490
572	2025-10-27	2025-10-26 23:00:00+00		f	26	\N	9	491
539	2025-10-24	\N		f	274	\N	\N	\N
540	2025-10-24	\N		f	280	\N	\N	\N
573	2025-10-27	2025-10-26 23:00:00+00		f	5	\N	6	492
575	2025-10-27	2025-10-26 23:00:00+00		f	18	\N	6	494
574	2025-10-27	2025-10-26 23:00:00+00		f	12	\N	6	493
577	2025-10-27	2025-10-26 23:00:00+00		f	7	\N	8	495
579	2025-10-27	2025-10-26 23:00:00+00		f	19	\N	8	497
550	2025-10-24	\N		f	268	\N	\N	\N
580	2025-10-27	2025-10-26 23:00:00+00		f	25	\N	8	498
581	2025-10-27	2025-10-26 23:00:00+00		f	3	\N	4	499
582	2025-10-27	2025-10-26 23:00:00+00		f	14	\N	4	500
557	2025-10-24	\N		f	262	\N	\N	\N
584	2025-10-27	2025-10-26 23:00:00+00		f	30	\N	4	501
585	2025-10-27	2025-10-26 23:00:00+00		f	1	\N	2	502
367	2025-10-21	2025-10-20 22:00:00+00		f	50	\N	3	315
630	2025-10-28	2025-11-10 23:00:00+00		f	44	\N	6	539
586	2025-10-27	2025-10-26 23:00:00+00		f	9	\N	2	503
648	2025-10-28	2025-10-27 23:00:00+00		f	63	\N	3	556
587	2025-10-27	2025-10-26 23:00:00+00		f	22	\N	2	504
649	2025-10-28	2025-10-27 23:00:00+00		f	189	\N	10	557
589	2025-10-27	2025-10-26 23:00:00+00		f	2	\N	3	506
650	2025-10-28	2025-10-27 23:00:00+00		f	191	\N	10	558
591	2025-10-27	2025-10-26 23:00:00+00		f	17	\N	3	507
569	2025-10-27	\N		f	8	\N	\N	\N
521	2025-10-24	2025-10-23 22:00:00+00		f	134	\N	8	447
646	2025-10-28	2025-11-10 23:00:00+00		f	43	\N	3	554
523	2025-10-24	2025-10-23 22:00:00+00		f	146	\N	8	449
524	2025-10-24	2025-10-23 22:00:00+00		f	159	\N	8	450
628	2025-10-28	2025-11-10 23:00:00+00		f	61	\N	9	538
606	2025-10-27	2025-11-10 23:00:00+00		f	171	\N	13	520
525	2025-10-24	2025-10-23 22:00:00+00		f	132	\N	4	451
576	2025-10-27	\N		f	32	\N	\N	\N
526	2025-10-24	2025-10-23 22:00:00+00		f	141	\N	4	452
595	2025-10-27	2025-10-26 23:00:00+00		f	174	\N	10	511
527	2025-10-24	2025-10-23 22:00:00+00		f	147	\N	4	453
593	2025-10-27	2025-11-10 23:00:00+00		f	161	\N	10	509
592	2025-10-27	2025-11-10 23:00:00+00		f	28	\N	3	508
529	2025-10-24	2025-10-23 22:00:00+00		f	129	\N	2	455
598	2025-10-27	2025-10-26 23:00:00+00		f	167	\N	11	514
583	2025-10-27	\N		f	24	\N	\N	\N
533	2025-10-24	2025-10-23 22:00:00+00		f	131	\N	3	457
534	2025-10-24	2025-10-23 22:00:00+00		f	143	\N	3	458
551	2025-10-24	2025-11-10 23:00:00+00		f	270	\N	13	472
600	2025-10-27	2025-10-26 23:00:00+00		f	183	\N	11	516
535	2025-10-24	2025-10-23 22:00:00+00		f	150	\N	3	459
602	2025-10-27	2025-10-26 23:00:00+00		f	169	\N	15	517
590	2025-10-27	\N		f	16	\N	\N	\N
536	2025-10-24	2025-10-23 22:00:00+00		f	155	\N	3	460
603	2025-10-27	2025-10-26 23:00:00+00		f	176	\N	15	518
537	2025-10-24	2025-10-23 22:00:00+00		f	257	\N	10	461
605	2025-10-27	2025-10-26 23:00:00+00		f	164	\N	13	519
538	2025-10-24	2025-10-23 22:00:00+00		f	264	\N	10	462
608	2025-10-27	2025-10-26 23:00:00+00		f	179	\N	13	522
609	2025-10-27	2025-10-26 23:00:00+00		f	165	\N	14	523
542	2025-10-24	2025-10-23 22:00:00+00		f	265	\N	11	464
611	2025-10-27	2025-10-26 23:00:00+00		f	177	\N	14	524
543	2025-10-24	2025-10-23 22:00:00+00		f	271	\N	11	465
544	2025-10-24	2025-10-23 22:00:00+00		f	276	\N	11	466
545	2025-10-24	2025-10-23 22:00:00+00		f	261	\N	15	467
601	2025-10-27	\N		f	166	\N	\N	\N
612	2025-10-27	2025-10-26 23:00:00+00		f	181	\N	14	525
546	2025-10-24	2025-10-23 22:00:00+00		f	267	\N	15	468
613	2025-10-27	2025-10-26 23:00:00+00		f	163	\N	12	526
604	2025-10-27	\N		f	184	\N	\N	\N
616	2025-10-27	2025-10-26 23:00:00+00		f	180	\N	12	528
547	2025-10-24	2025-10-23 22:00:00+00		f	269	\N	15	469
614	2025-10-27	2025-10-26 23:00:00+00		f	170	\N	12	527
548	2025-10-24	2025-10-23 22:00:00+00		f	278	\N	15	470
618	2025-10-28	2025-10-27 23:00:00+00		f	46	\N	5	530
610	2025-10-27	\N		f	172	\N	\N	\N
620	2025-10-28	2025-10-27 23:00:00+00		f	57	\N	5	531
554	2025-10-24	2025-11-10 23:00:00+00		f	266	\N	14	475
552	2025-10-24	2025-10-23 22:00:00+00		f	275	\N	13	473
553	2025-10-24	2025-10-23 22:00:00+00		f	259	\N	14	474
615	2025-10-27	\N		f	178	\N	\N	\N
623	2025-10-28	2025-10-27 23:00:00+00		f	53	\N	7	533
621	2025-10-28	2025-11-10 23:00:00+00		f	37	\N	7	532
625	2025-10-28	2025-10-27 23:00:00+00		f	39	\N	9	535
555	2025-10-24	2025-10-23 22:00:00+00		f	273	\N	14	476
619	2025-10-28	\N		f	56	\N	\N	\N
624	2025-10-28	2025-10-27 23:00:00+00		f	58	\N	7	534
556	2025-10-24	2025-10-23 22:00:00+00		f	279	\N	14	477
622	2025-10-28	\N		f	48	\N	\N	\N
558	2025-10-24	2025-10-23 22:00:00+00		f	263	\N	12	478
627	2025-10-28	2025-10-27 23:00:00+00		f	51	\N	9	537
597	2025-10-27	2025-11-10 23:00:00+00		f	162	\N	11	513
528	2025-10-24	2025-11-10 23:00:00+00		f	154	\N	4	454
560	2025-10-24	2025-10-23 22:00:00+00		f	277	\N	12	480
599	2025-10-27	2025-11-10 23:00:00+00		f	173	\N	11	515
594	2025-10-27	2025-11-10 23:00:00+00		f	168	\N	10	510
629	2025-10-28	\N		f	40	\N	\N	\N
631	2025-10-28	2025-10-27 23:00:00+00		f	54	\N	6	540
632	2025-10-28	2025-10-27 23:00:00+00		f	62	\N	6	541
633	2025-10-28	2025-10-27 23:00:00+00		f	38	\N	8	542
634	2025-10-28	2025-10-27 23:00:00+00		f	45	\N	8	543
636	2025-10-28	2025-10-27 23:00:00+00		f	59	\N	8	545
640	2025-10-28	\N		f	64	\N	\N	\N
638	2025-10-28	2025-10-27 23:00:00+00		f	42	\N	4	547
637	2025-10-28	2025-10-27 23:00:00+00		f	34	\N	4	546
639	2025-10-28	2025-10-27 23:00:00+00		f	55	\N	4	548
641	2025-10-28	2025-10-27 23:00:00+00		f	35	\N	2	549
642	2025-10-28	2025-10-27 23:00:00+00		f	47	\N	2	550
644	2025-10-28	2025-10-27 23:00:00+00		f	60	\N	2	552
281	2025-10-20	2025-10-19 22:00:00+00		f	4	\N	5	241
652	2025-10-28	2025-10-27 23:00:00+00		f	206	\N	10	560
654	2025-10-28	2025-10-27 23:00:00+00		f	193	\N	11	562
770	2025-10-30	2025-10-29 23:00:00+00		f	241	\N	15	661
771	2025-10-30	2025-10-29 23:00:00+00		f	247	\N	15	662
761	2025-10-30	2025-11-10 23:00:00+00		f	234	\N	10	653
493	2025-10-23	2025-10-22 22:00:00+00		f	233	\N	13	423
656	2025-10-28	2025-10-27 23:00:00+00		f	203	\N	11	564
773	2025-10-30	2025-10-29 23:00:00+00		f	233	\N	13	663
775	2025-10-30	2025-10-29 23:00:00+00		f	246	\N	13	664
660	2025-10-28	\N		f	208	\N	\N	\N
657	2025-10-28	2025-10-27 23:00:00+00		f	185	\N	15	565
663	2025-10-28	\N		f	202	\N	\N	\N
706	2025-10-29	2025-11-10 23:00:00+00		f	219	\N	10	606
778	2025-10-30	2025-11-10 23:00:00+00		f	242	\N	14	667
659	2025-10-28	2025-10-27 23:00:00+00		f	201	\N	15	567
777	2025-10-30	2025-10-29 23:00:00+00		f	236	\N	14	666
666	2025-10-28	\N		f	196	\N	\N	\N
661	2025-10-28	2025-10-27 23:00:00+00		f	187	\N	13	568
665	2025-10-28	2025-11-10 23:00:00+00		f	186	\N	14	571
669	2025-10-28	\N		f	190	\N	\N	\N
780	2025-10-30	2025-11-10 23:00:00+00		f	255	\N	14	669
779	2025-10-30	2025-10-29 23:00:00+00		f	245	\N	14	668
667	2025-10-28	2025-10-27 23:00:00+00		f	198	\N	14	572
658	2025-10-28	2025-11-10 23:00:00+00		f	192	\N	15	566
668	2025-10-28	2025-10-27 23:00:00+00		f	205	\N	14	573
719	2025-10-29	2025-11-10 23:00:00+00		f	224	\N	13	615
664	2025-10-28	2025-11-10 23:00:00+00		f	207	\N	13	570
670	2025-10-28	2025-10-27 23:00:00+00		f	194	\N	12	574
697	2025-10-29	2025-11-10 23:00:00+00		f	70	\N	2	598
758	2025-10-30	2025-11-10 23:00:00+00		f	111	\N	3	651
679	2025-10-29	\N		f	88	\N	\N	\N
776	2025-10-30	2025-11-10 23:00:00+00		f	253	\N	13	665
655	2025-10-28	2025-11-10 23:00:00+00		f	200	\N	11	563
671	2025-10-28	2025-10-27 23:00:00+00		f	199	\N	12	575
673	2025-10-29	2025-11-10 23:00:00+00		f	65	\N	5	577
737	2025-10-30	2025-11-10 23:00:00+00		f	100	\N	9	632
736	2025-10-30	2025-11-10 23:00:00+00		f	124	\N	7	631
702	2025-10-29	2025-11-10 23:00:00+00		f	75	\N	3	602
674	2025-10-29	2025-10-28 23:00:00+00		f	76	\N	5	578
741	2025-10-30	2025-11-10 23:00:00+00		f	101	\N	6	635
675	2025-10-29	2025-10-28 23:00:00+00		f	85	\N	5	579
717	2025-10-29	2025-11-10 23:00:00+00		f	211	\N	13	613
730	2025-10-30	2025-11-10 23:00:00+00		f	108	\N	5	626
676	2025-10-29	2025-10-28 23:00:00+00		f	95	\N	5	580
689	2025-10-29	\N		f	72	\N	\N	\N
677	2025-10-29	2025-10-28 23:00:00+00		f	69	\N	7	581
678	2025-10-29	2025-10-28 23:00:00+00		f	77	\N	7	582
696	2025-10-29	\N		f	96	\N	\N	\N
680	2025-10-29	2025-10-28 23:00:00+00		f	91	\N	7	583
698	2025-10-29	\N		f	80	\N	\N	\N
683	2025-10-29	2025-10-28 23:00:00+00		f	87	\N	9	586
682	2025-10-29	2025-10-28 23:00:00+00		f	78	\N	9	585
684	2025-10-29	2025-10-28 23:00:00+00		f	90	\N	9	587
685	2025-10-29	2025-10-28 23:00:00+00		f	66	\N	6	588
686	2025-10-29	2025-10-28 23:00:00+00		f	73	\N	6	589
687	2025-10-29	2025-10-28 23:00:00+00		f	81	\N	6	590
708	2025-10-29	\N		f	232	\N	\N	\N
688	2025-10-29	2025-10-28 23:00:00+00		f	89	\N	6	591
710	2025-10-29	\N		f	220	\N	\N	\N
690	2025-10-29	2025-10-28 23:00:00+00		f	74	\N	8	592
713	2025-10-29	\N		f	214	\N	\N	\N
692	2025-10-29	2025-10-28 23:00:00+00		f	93	\N	8	594
715	2025-10-29	\N		f	226	\N	\N	\N
693	2025-10-29	2025-10-28 23:00:00+00		f	67	\N	4	595
694	2025-10-29	2025-10-28 23:00:00+00		f	79	\N	4	596
695	2025-10-29	2025-10-28 23:00:00+00		f	86	\N	4	597
699	2025-10-29	2025-10-28 23:00:00+00		f	83	\N	2	599
701	2025-10-29	2025-10-28 23:00:00+00		f	68	\N	3	601
703	2025-10-29	2025-10-28 23:00:00+00		f	84	\N	3	603
734	2025-10-30	\N		f	112	\N	\N	\N
704	2025-10-29	2025-10-28 23:00:00+00		f	92	\N	3	604
705	2025-10-29	2025-10-28 23:00:00+00		f	210	\N	10	605
740	2025-10-30	\N		f	128	\N	\N	\N
707	2025-10-29	2025-10-28 23:00:00+00		f	223	\N	10	607
711	2025-10-29	2025-10-28 23:00:00+00		f	221	\N	11	609
712	2025-10-29	2025-10-28 23:00:00+00		f	228	\N	11	610
749	2025-10-30	\N		f	104	\N	\N	\N
714	2025-10-29	2025-10-28 23:00:00+00		f	217	\N	15	611
716	2025-10-29	2025-10-28 23:00:00+00		f	231	\N	15	612
718	2025-10-29	2025-10-28 23:00:00+00		f	218	\N	13	614
759	2025-10-30	\N		f	120	\N	\N	\N
720	2025-10-29	2025-10-28 23:00:00+00		f	230	\N	13	616
722	2025-10-29	2025-10-28 23:00:00+00		f	216	\N	14	618
723	2025-10-29	2025-10-28 23:00:00+00		f	222	\N	14	619
724	2025-10-29	2025-10-28 23:00:00+00		f	227	\N	14	620
767	2025-10-30	\N		f	250	\N	\N	\N
725	2025-10-29	2025-10-28 23:00:00+00		f	209	\N	12	621
726	2025-10-29	2025-10-28 23:00:00+00		f	215	\N	12	622
727	2025-10-29	2025-10-28 23:00:00+00		f	225	\N	12	623
772	2025-10-30	\N		f	256	\N	\N	\N
774	2025-10-30	\N		f	244	\N	\N	\N
729	2025-10-30	2025-10-29 23:00:00+00		f	102	\N	5	625
731	2025-10-30	2025-10-29 23:00:00+00		f	118	\N	5	627
732	2025-10-30	2025-10-29 23:00:00+00		f	125	\N	5	628
733	2025-10-30	2025-10-29 23:00:00+00		f	98	\N	7	629
738	2025-10-30	2025-10-29 23:00:00+00		f	105	\N	9	633
742	2025-10-30	2025-10-29 23:00:00+00		f	109	\N	6	636
743	2025-10-30	2025-10-29 23:00:00+00		f	119	\N	6	637
744	2025-10-30	2025-10-29 23:00:00+00		f	126	\N	6	638
745	2025-10-30	2025-10-29 23:00:00+00		f	97	\N	8	639
747	2025-10-30	2025-10-29 23:00:00+00		f	113	\N	8	641
748	2025-10-30	2025-10-29 23:00:00+00		f	123	\N	8	642
750	2025-10-30	2025-10-29 23:00:00+00		f	107	\N	4	643
752	2025-10-30	2025-10-29 23:00:00+00		f	122	\N	4	645
753	2025-10-30	2025-10-29 23:00:00+00		f	99	\N	2	646
754	2025-10-30	2025-10-29 23:00:00+00		f	110	\N	2	647
756	2025-10-30	2025-10-29 23:00:00+00		f	121	\N	2	649
757	2025-10-30	2025-10-29 23:00:00+00		f	103	\N	3	650
762	2025-10-30	2025-10-29 23:00:00+00		f	243	\N	10	654
763	2025-10-30	2025-10-29 23:00:00+00		f	248	\N	10	655
765	2025-10-30	2025-10-29 23:00:00+00		f	235	\N	11	657
766	2025-10-30	2025-10-29 23:00:00+00		f	240	\N	11	658
781	2025-10-30	\N		f	238	\N	\N	\N
561	2025-10-27	2025-10-26 23:00:00+00		f	4	\N	5	481
842	2025-11-03	2025-11-02 23:00:00+00		f	11	\N	5	722
843	2025-11-03	2025-11-02 23:00:00+00		f	20	\N	5	723
786	2025-10-31	\N		f	144	\N	\N	\N
845	2025-11-03	2025-11-02 23:00:00+00		f	6	\N	7	725
789	2025-10-31	\N		f	136	\N	\N	\N
846	2025-11-03	2025-11-02 23:00:00+00		f	13	\N	7	726
847	2025-11-03	2025-11-02 23:00:00+00		f	23	\N	7	727
848	2025-11-03	2025-11-02 23:00:00+00		f	29	\N	7	728
850	2025-11-03	2025-11-02 23:00:00+00		f	10	\N	9	729
851	2025-11-03	2025-11-02 23:00:00+00		f	21	\N	9	730
647	2025-10-28	2025-10-27 23:00:00+00		f	50	\N	3	555
853	2025-11-03	2025-11-02 23:00:00+00		f	5	\N	6	732
855	2025-11-03	2025-11-02 23:00:00+00		f	18	\N	6	734
854	2025-11-03	2025-11-02 23:00:00+00		f	12	\N	6	733
857	2025-11-03	2025-11-02 23:00:00+00		f	7	\N	8	735
858	2025-11-03	2025-11-02 23:00:00+00		f	15	\N	8	736
859	2025-11-03	2025-11-02 23:00:00+00		f	19	\N	8	737
860	2025-11-03	2025-11-02 23:00:00+00		f	25	\N	8	738
811	2025-10-31	\N		f	152	\N	\N	\N
812	2025-10-31	\N		f	160	\N	\N	\N
862	2025-11-03	2025-11-02 23:00:00+00		f	14	\N	4	740
864	2025-11-03	2025-11-02 23:00:00+00		f	30	\N	4	741
819	2025-10-31	\N		f	274	\N	\N	\N
820	2025-10-31	\N		f	280	\N	\N	\N
865	2025-11-03	2025-11-02 23:00:00+00		f	1	\N	2	742
866	2025-11-03	2025-11-02 23:00:00+00		f	9	\N	2	743
867	2025-11-03	2025-11-02 23:00:00+00		f	22	\N	2	744
868	2025-11-03	2025-11-02 23:00:00+00		f	27	\N	2	745
869	2025-11-03	2025-11-02 23:00:00+00		f	2	\N	3	746
830	2025-10-31	\N		f	268	\N	\N	\N
794	2025-10-31	2025-11-10 23:00:00+00		f	142	\N	9	680
795	2025-10-31	2025-11-10 23:00:00+00		f	148	\N	9	681
886	2025-11-03	2025-11-10 23:00:00+00		f	171	\N	13	760
837	2025-10-31	\N		f	262	\N	\N	\N
875	2025-11-03	2025-11-02 23:00:00+00		f	174	\N	10	751
876	2025-11-03	2025-11-02 23:00:00+00		f	182	\N	10	752
839	2025-10-31	2025-11-10 23:00:00+00		f	272	\N	12	719
872	2025-11-03	2025-11-10 23:00:00+00		f	28	\N	3	748
784	2025-10-30	2025-10-29 23:00:00+00		f	251	\N	12	672
878	2025-11-03	2025-11-02 23:00:00+00		f	167	\N	11	754
785	2025-10-31	2025-10-30 23:00:00+00		f	135	\N	5	673
787	2025-10-31	2025-10-30 23:00:00+00		f	145	\N	5	674
880	2025-11-03	2025-11-02 23:00:00+00		f	183	\N	11	756
788	2025-10-31	2025-10-30 23:00:00+00		f	156	\N	5	675
849	2025-11-03	\N		f	8	\N	\N	\N
882	2025-11-03	2025-11-02 23:00:00+00		f	169	\N	15	757
790	2025-10-31	2025-10-30 23:00:00+00		f	138	\N	7	676
883	2025-11-03	2025-11-02 23:00:00+00		f	176	\N	15	758
885	2025-11-03	2025-11-02 23:00:00+00		f	164	\N	13	759
791	2025-10-31	2025-10-30 23:00:00+00		f	151	\N	7	677
793	2025-10-31	2025-10-30 23:00:00+00		f	133	\N	9	679
856	2025-11-03	\N		f	32	\N	\N	\N
887	2025-11-03	2025-11-02 23:00:00+00		f	175	\N	13	761
888	2025-11-03	2025-11-02 23:00:00+00		f	179	\N	13	762
908	2025-11-04	2025-11-10 23:00:00+00		f	61	\N	9	778
889	2025-11-03	2025-11-02 23:00:00+00		f	165	\N	14	763
796	2025-10-31	2025-10-30 23:00:00+00		f	153	\N	9	682
863	2025-11-03	\N		f	24	\N	\N	\N
892	2025-11-03	2025-11-02 23:00:00+00		f	181	\N	14	765
797	2025-10-31	2025-10-30 23:00:00+00		f	130	\N	6	683
893	2025-11-03	2025-11-02 23:00:00+00		f	163	\N	12	766
798	2025-10-31	2025-10-30 23:00:00+00		f	137	\N	6	684
896	2025-11-03	2025-11-02 23:00:00+00		f	180	\N	12	768
799	2025-10-31	2025-10-30 23:00:00+00		f	149	\N	6	685
894	2025-11-03	2025-11-02 23:00:00+00		f	170	\N	12	767
801	2025-10-31	2025-10-30 23:00:00+00		f	134	\N	8	687
870	2025-11-03	\N		f	16	\N	\N	\N
873	2025-11-03	2025-11-10 23:00:00+00		f	161	\N	10	749
802	2025-10-31	2025-10-30 23:00:00+00		f	139	\N	8	688
898	2025-11-04	2025-11-03 23:00:00+00		f	46	\N	5	770
900	2025-11-04	2025-11-03 23:00:00+00		f	57	\N	5	771
803	2025-10-31	2025-10-30 23:00:00+00		f	146	\N	8	689
804	2025-10-31	2025-10-30 23:00:00+00		f	159	\N	8	690
903	2025-11-04	2025-11-03 23:00:00+00		f	53	\N	7	773
805	2025-10-31	2025-10-30 23:00:00+00		f	132	\N	4	691
905	2025-11-04	2025-11-03 23:00:00+00		f	39	\N	9	775
806	2025-10-31	2025-10-30 23:00:00+00		f	141	\N	4	692
904	2025-11-04	2025-11-03 23:00:00+00		f	58	\N	7	774
881	2025-11-03	\N		f	166	\N	\N	\N
807	2025-10-31	2025-10-30 23:00:00+00		f	147	\N	4	693
906	2025-11-04	2025-11-03 23:00:00+00		f	41	\N	9	776
809	2025-10-31	2025-10-30 23:00:00+00		f	129	\N	2	695
884	2025-11-03	\N		f	184	\N	\N	\N
907	2025-11-04	2025-11-03 23:00:00+00		f	51	\N	9	777
810	2025-10-31	2025-10-30 23:00:00+00		f	140	\N	2	696
897	2025-11-04	2025-11-10 23:00:00+00		f	33	\N	5	769
813	2025-10-31	2025-10-30 23:00:00+00		f	131	\N	3	697
814	2025-10-31	2025-10-30 23:00:00+00		f	143	\N	3	698
815	2025-10-31	2025-10-30 23:00:00+00		f	150	\N	3	699
890	2025-11-03	\N		f	172	\N	\N	\N
816	2025-10-31	2025-10-30 23:00:00+00		f	155	\N	3	700
817	2025-10-31	2025-10-30 23:00:00+00		f	257	\N	10	701
821	2025-10-31	2025-10-30 23:00:00+00		f	260	\N	11	703
822	2025-10-31	2025-10-30 23:00:00+00		f	265	\N	11	704
895	2025-11-03	\N		f	178	\N	\N	\N
823	2025-10-31	2025-10-30 23:00:00+00		f	271	\N	11	705
824	2025-10-31	2025-10-30 23:00:00+00		f	276	\N	11	706
825	2025-10-31	2025-10-30 23:00:00+00		f	261	\N	15	707
826	2025-10-31	2025-10-30 23:00:00+00		f	267	\N	15	708
899	2025-11-04	\N		f	56	\N	\N	\N
827	2025-10-31	2025-10-30 23:00:00+00		f	269	\N	15	709
829	2025-10-31	2025-10-30 23:00:00+00		f	258	\N	13	711
902	2025-11-04	\N		f	48	\N	\N	\N
834	2025-10-31	2025-11-10 23:00:00+00		f	266	\N	14	715
832	2025-10-31	2025-10-30 23:00:00+00		f	275	\N	13	713
833	2025-10-31	2025-10-30 23:00:00+00		f	259	\N	14	714
783	2025-10-30	2025-11-10 23:00:00+00		f	249	\N	12	671
835	2025-10-31	2025-10-30 23:00:00+00		f	273	\N	14	716
836	2025-10-31	2025-10-30 23:00:00+00		f	279	\N	14	717
909	2025-11-04	\N		f	40	\N	\N	\N
877	2025-11-03	2025-11-10 23:00:00+00		f	162	\N	11	753
840	2025-10-31	2025-10-30 23:00:00+00		f	277	\N	12	720
874	2025-11-03	2025-11-10 23:00:00+00		f	168	\N	10	750
831	2025-10-31	2025-11-10 23:00:00+00		f	270	\N	13	712
912	2025-11-04	2025-11-03 23:00:00+00		f	62	\N	6	781
925	2025-11-04	2025-11-03 23:00:00+00		f	36	\N	3	793
913	2025-11-04	2025-11-03 23:00:00+00		f	38	\N	8	782
927	2025-11-04	2025-11-03 23:00:00+00		f	50	\N	3	795
914	2025-11-04	2025-11-03 23:00:00+00		f	45	\N	8	783
928	2025-11-04	2025-11-03 23:00:00+00		f	63	\N	3	796
929	2025-11-04	2025-11-03 23:00:00+00		f	189	\N	10	797
915	2025-11-04	2025-11-03 23:00:00+00		f	49	\N	8	784
916	2025-11-04	2025-11-03 23:00:00+00		f	59	\N	8	785
920	2025-11-04	\N		f	64	\N	\N	\N
930	2025-11-04	2025-11-03 23:00:00+00		f	191	\N	10	798
918	2025-11-04	2025-11-03 23:00:00+00		f	42	\N	4	787
931	2025-11-04	2025-11-03 23:00:00+00		f	197	\N	10	799
932	2025-11-04	2025-11-03 23:00:00+00		f	206	\N	10	800
919	2025-11-04	2025-11-03 23:00:00+00		f	55	\N	4	788
921	2025-11-04	2025-11-03 23:00:00+00		f	35	\N	2	789
1068	2025-11-07	2025-11-06 23:00:00+00		f	156	\N	5	915
922	2025-11-04	2025-11-03 23:00:00+00		f	47	\N	2	790
938	2025-11-04	2025-11-10 23:00:00+00		f	192	\N	15	806
986	2025-11-05	2025-11-10 23:00:00+00		f	219	\N	10	846
923	2025-11-04	2025-11-03 23:00:00+00		f	52	\N	2	791
999	2025-11-05	2025-11-10 23:00:00+00		f	224	\N	13	855
977	2025-11-05	2025-11-10 23:00:00+00		f	70	\N	2	838
924	2025-11-04	2025-11-03 23:00:00+00		f	60	\N	2	792
1058	2025-11-06	2025-11-10 23:00:00+00		f	242	\N	14	907
933	2025-11-04	2025-11-03 23:00:00+00		f	188	\N	11	801
952	2025-11-04	2025-11-10 23:00:00+00		f	204	\N	12	816
934	2025-11-04	2025-11-03 23:00:00+00		f	193	\N	11	802
1017	2025-11-06	2025-11-10 23:00:00+00		f	100	\N	9	872
1015	2025-11-06	2025-11-10 23:00:00+00		f	116	\N	7	870
1008	2025-11-05	2025-11-10 23:00:00+00		f	229	\N	12	864
936	2025-11-04	2025-11-03 23:00:00+00		f	203	\N	11	804
997	2025-11-05	2025-11-10 23:00:00+00		f	211	\N	13	853
945	2025-11-04	2025-11-10 23:00:00+00		f	186	\N	14	811
937	2025-11-04	2025-11-03 23:00:00+00		f	185	\N	15	805
989	2025-11-05	2025-11-10 23:00:00+00		f	212	\N	11	848
940	2025-11-04	\N		f	208	\N	\N	\N
223	2025-10-16	2025-11-10 23:00:00+00		f	249	\N	12	191
503	2025-10-23	2025-11-10 23:00:00+00		f	249	\N	12	431
953	2025-11-05	2025-11-10 23:00:00+00		f	65	\N	5	817
943	2025-11-04	\N		f	202	\N	\N	\N
939	2025-11-04	2025-11-03 23:00:00+00		f	201	\N	15	807
941	2025-11-04	2025-11-03 23:00:00+00		f	187	\N	13	808
946	2025-11-04	\N		f	196	\N	\N	\N
942	2025-11-04	2025-11-03 23:00:00+00		f	195	\N	13	809
949	2025-11-04	\N		f	190	\N	\N	\N
947	2025-11-04	2025-11-03 23:00:00+00		f	198	\N	14	812
948	2025-11-04	2025-11-03 23:00:00+00		f	205	\N	14	813
950	2025-11-04	2025-11-03 23:00:00+00		f	194	\N	12	814
959	2025-11-05	\N		f	88	\N	\N	\N
951	2025-11-04	2025-11-03 23:00:00+00		f	199	\N	12	815
955	2025-11-05	2025-11-04 23:00:00+00		f	85	\N	5	819
956	2025-11-05	2025-11-04 23:00:00+00		f	95	\N	5	820
969	2025-11-05	\N		f	72	\N	\N	\N
957	2025-11-05	2025-11-04 23:00:00+00		f	69	\N	7	821
958	2025-11-05	2025-11-04 23:00:00+00		f	77	\N	7	822
976	2025-11-05	\N		f	96	\N	\N	\N
960	2025-11-05	2025-11-04 23:00:00+00		f	91	\N	7	823
978	2025-11-05	\N		f	80	\N	\N	\N
961	2025-11-05	2025-11-04 23:00:00+00		f	71	\N	9	824
963	2025-11-05	2025-11-04 23:00:00+00		f	87	\N	9	826
962	2025-11-05	2025-11-04 23:00:00+00		f	78	\N	9	825
965	2025-11-05	2025-11-04 23:00:00+00		f	66	\N	6	828
966	2025-11-05	2025-11-04 23:00:00+00		f	73	\N	6	829
967	2025-11-05	2025-11-04 23:00:00+00		f	81	\N	6	830
988	2025-11-05	\N		f	232	\N	\N	\N
968	2025-11-05	2025-11-04 23:00:00+00		f	89	\N	6	831
990	2025-11-05	\N		f	220	\N	\N	\N
970	2025-11-05	2025-11-04 23:00:00+00		f	74	\N	8	832
971	2025-11-05	2025-11-04 23:00:00+00		f	82	\N	8	833
993	2025-11-05	\N		f	214	\N	\N	\N
995	2025-11-05	\N		f	226	\N	\N	\N
973	2025-11-05	2025-11-04 23:00:00+00		f	67	\N	4	835
974	2025-11-05	2025-11-04 23:00:00+00		f	79	\N	4	836
975	2025-11-05	2025-11-04 23:00:00+00		f	86	\N	4	837
979	2025-11-05	2025-11-04 23:00:00+00		f	83	\N	2	839
980	2025-11-05	2025-11-04 23:00:00+00		f	94	\N	2	840
981	2025-11-05	2025-11-04 23:00:00+00		f	68	\N	3	841
983	2025-11-05	2025-11-04 23:00:00+00		f	84	\N	3	843
1014	2025-11-06	\N		f	112	\N	\N	\N
984	2025-11-05	2025-11-04 23:00:00+00		f	92	\N	3	844
985	2025-11-05	2025-11-04 23:00:00+00		f	210	\N	10	845
1020	2025-11-06	\N		f	128	\N	\N	\N
987	2025-11-05	2025-11-04 23:00:00+00		f	223	\N	10	847
991	2025-11-05	2025-11-04 23:00:00+00		f	221	\N	11	849
1029	2025-11-06	\N		f	104	\N	\N	\N
994	2025-11-05	2025-11-04 23:00:00+00		f	217	\N	15	851
996	2025-11-05	2025-11-04 23:00:00+00		f	231	\N	15	852
998	2025-11-05	2025-11-04 23:00:00+00		f	218	\N	13	854
1039	2025-11-06	\N		f	120	\N	\N	\N
1000	2025-11-05	2025-11-04 23:00:00+00		f	230	\N	13	856
1002	2025-11-05	2025-11-04 23:00:00+00		f	216	\N	14	858
1003	2025-11-05	2025-11-04 23:00:00+00		f	222	\N	14	859
1004	2025-11-05	2025-11-04 23:00:00+00		f	227	\N	14	860
1007	2025-11-05	2025-11-04 23:00:00+00		f	225	\N	12	863
1005	2025-11-05	2025-11-04 23:00:00+00		f	209	\N	12	861
1009	2025-11-06	2025-11-05 23:00:00+00		f	102	\N	5	865
1011	2025-11-06	2025-11-05 23:00:00+00		f	118	\N	5	867
1012	2025-11-06	2025-11-05 23:00:00+00		f	125	\N	5	868
1013	2025-11-06	2025-11-05 23:00:00+00		f	98	\N	7	869
1018	2025-11-06	2025-11-05 23:00:00+00		f	105	\N	9	873
1019	2025-11-06	2025-11-05 23:00:00+00		f	115	\N	9	874
1022	2025-11-06	2025-11-05 23:00:00+00		f	109	\N	6	876
1023	2025-11-06	2025-11-05 23:00:00+00		f	119	\N	6	877
1024	2025-11-06	2025-11-05 23:00:00+00		f	126	\N	6	878
1025	2025-11-06	2025-11-05 23:00:00+00		f	97	\N	8	879
1026	2025-11-06	2025-11-05 23:00:00+00		f	106	\N	8	880
1028	2025-11-06	2025-11-05 23:00:00+00		f	123	\N	8	882
1030	2025-11-06	2025-11-05 23:00:00+00		f	107	\N	4	883
1031	2025-11-06	2025-11-05 23:00:00+00		f	117	\N	4	884
1033	2025-11-06	2025-11-05 23:00:00+00		f	99	\N	2	886
1034	2025-11-06	2025-11-05 23:00:00+00		f	110	\N	2	887
841	2025-11-03	2025-11-02 23:00:00+00		f	4	\N	5	721
1153	2025-11-10	2025-11-10 23:00:00+00		f	161	\N	10	989
90	2025-10-14	2025-10-13 22:00:00+00		f	191	\N	10	78
1123	2025-11-10	2025-11-09 23:00:00+00		f	20	\N	5	963
1050	2025-11-06	2025-11-05 23:00:00+00		f	241	\N	15	901
1124	2025-11-10	2025-11-09 23:00:00+00		f	31	\N	5	964
1051	2025-11-06	2025-11-05 23:00:00+00		f	247	\N	15	902
1125	2025-11-10	2025-11-09 23:00:00+00		f	6	\N	7	965
1047	2025-11-06	\N		f	250	\N	\N	\N
1053	2025-11-06	2025-11-05 23:00:00+00		f	233	\N	13	903
1126	2025-11-10	2025-11-09 23:00:00+00		f	13	\N	7	966
1055	2025-11-06	2025-11-05 23:00:00+00		f	246	\N	13	904
1052	2025-11-06	\N		f	256	\N	\N	\N
1127	2025-11-10	2025-11-09 23:00:00+00		f	23	\N	7	967
1054	2025-11-06	\N		f	244	\N	\N	\N
1128	2025-11-10	2025-11-09 23:00:00+00		f	29	\N	7	968
1130	2025-11-10	2025-11-09 23:00:00+00		f	10	\N	9	969
1132	2025-11-10	2025-11-09 23:00:00+00		f	26	\N	9	971
1133	2025-11-10	2025-11-09 23:00:00+00		f	5	\N	6	972
1061	2025-11-06	\N		f	238	\N	\N	\N
1135	2025-11-10	2025-11-09 23:00:00+00		f	18	\N	6	974
1134	2025-11-10	2025-11-09 23:00:00+00		f	12	\N	6	973
1066	2025-11-07	\N		f	144	\N	\N	\N
1137	2025-11-10	2025-11-09 23:00:00+00		f	7	\N	8	975
1069	2025-11-07	\N		f	136	\N	\N	\N
1138	2025-11-10	2025-11-09 23:00:00+00		f	15	\N	8	976
1139	2025-11-10	2025-11-09 23:00:00+00		f	19	\N	8	977
1141	2025-11-10	2025-11-09 23:00:00+00		f	3	\N	4	979
1142	2025-11-10	2025-11-09 23:00:00+00		f	14	\N	4	980
1144	2025-11-10	2025-11-09 23:00:00+00		f	30	\N	4	981
1145	2025-11-10	2025-11-09 23:00:00+00		f	1	\N	2	982
1146	2025-11-10	2025-11-09 23:00:00+00		f	9	\N	2	983
1147	2025-11-10	2025-11-09 23:00:00+00		f	22	\N	2	984
1148	2025-11-10	2025-11-09 23:00:00+00		f	27	\N	2	985
1042	2025-11-06	2025-11-05 23:00:00+00		f	243	\N	10	894
1151	2025-11-10	2025-11-09 23:00:00+00		f	17	\N	3	987
1091	2025-11-07	\N		f	152	\N	\N	\N
1092	2025-11-07	\N		f	160	\N	\N	\N
1074	2025-11-07	2025-11-10 23:00:00+00		f	142	\N	9	920
1063	2025-11-06	2025-11-10 23:00:00+00		f	249	\N	12	911
1166	2025-11-10	2025-11-10 23:00:00+00		f	171	\N	13	1000
1099	2025-11-07	\N		f	274	\N	\N	\N
1100	2025-11-07	\N		f	280	\N	\N	\N
1155	2025-11-10	2025-11-09 23:00:00+00		f	174	\N	10	991
1156	2025-11-10	2025-11-09 23:00:00+00		f	182	\N	10	992
1072	2025-11-07	2025-11-10 23:00:00+00		f	157	\N	7	918
1158	2025-11-10	2025-11-09 23:00:00+00		f	167	\N	11	994
1160	2025-11-10	2025-11-09 23:00:00+00		f	183	\N	11	996
1110	2025-11-07	\N		f	268	\N	\N	\N
1162	2025-11-10	2025-11-09 23:00:00+00		f	169	\N	15	997
1163	2025-11-10	2025-11-09 23:00:00+00		f	176	\N	15	998
1165	2025-11-10	2025-11-09 23:00:00+00		f	164	\N	13	999
1117	2025-11-07	\N		f	262	\N	\N	\N
1167	2025-11-10	2025-11-09 23:00:00+00		f	175	\N	13	1001
1169	2025-11-10	2025-11-09 23:00:00+00		f	165	\N	14	1003
1043	2025-11-06	2025-11-05 23:00:00+00		f	248	\N	10	895
1045	2025-11-06	2025-11-05 23:00:00+00		f	235	\N	11	897
1046	2025-11-06	2025-11-05 23:00:00+00		f	240	\N	11	898
1154	2025-11-10	2025-11-10 23:00:00+00		f	168	\N	10	990
1057	2025-11-06	2025-11-05 23:00:00+00		f	236	\N	14	906
1059	2025-11-06	2025-11-05 23:00:00+00		f	245	\N	14	908
1129	2025-11-10	\N		f	8	\N	\N	\N
1060	2025-11-06	2025-11-10 23:00:00+00		f	255	\N	14	909
1044	2025-11-06	2025-11-10 23:00:00+00		f	254	\N	10	896
1064	2025-11-06	2025-11-05 23:00:00+00		f	251	\N	12	912
1065	2025-11-07	2025-11-06 23:00:00+00		f	135	\N	5	913
1067	2025-11-07	2025-11-06 23:00:00+00		f	145	\N	5	914
1070	2025-11-07	2025-11-06 23:00:00+00		f	138	\N	7	916
1136	2025-11-10	\N		f	32	\N	\N	\N
1071	2025-11-07	2025-11-06 23:00:00+00		f	151	\N	7	917
1152	2025-11-10	2025-11-10 23:00:00+00		f	28	\N	3	988
1073	2025-11-07	2025-11-06 23:00:00+00		f	133	\N	9	919
1157	2025-11-10	2025-11-10 23:00:00+00		f	162	\N	11	993
1076	2025-11-07	2025-11-06 23:00:00+00		f	153	\N	9	922
1143	2025-11-10	\N		f	24	\N	\N	\N
1078	2025-11-07	2025-11-06 23:00:00+00		f	137	\N	6	924
1079	2025-11-07	2025-11-06 23:00:00+00		f	149	\N	6	925
1080	2025-11-07	2025-11-06 23:00:00+00		f	158	\N	6	926
1081	2025-11-07	2025-11-06 23:00:00+00		f	134	\N	8	927
1082	2025-11-07	2025-11-06 23:00:00+00		f	139	\N	8	928
1083	2025-11-07	2025-11-06 23:00:00+00		f	146	\N	8	929
1084	2025-11-07	2025-11-06 23:00:00+00		f	159	\N	8	930
1086	2025-11-07	2025-11-06 23:00:00+00		f	141	\N	4	932
1150	2025-11-10	\N		f	16	\N	\N	\N
1087	2025-11-07	2025-11-06 23:00:00+00		f	147	\N	4	933
1049	2025-11-06	2025-11-10 23:00:00+00		f	237	\N	15	900
1089	2025-11-07	2025-11-06 23:00:00+00		f	129	\N	2	935
1090	2025-11-07	2025-11-06 23:00:00+00		f	140	\N	2	936
1093	2025-11-07	2025-11-06 23:00:00+00		f	131	\N	3	937
1094	2025-11-07	2025-11-06 23:00:00+00		f	143	\N	3	938
1096	2025-11-07	2025-11-06 23:00:00+00		f	155	\N	3	940
1097	2025-11-07	2025-11-06 23:00:00+00		f	257	\N	10	941
1098	2025-11-07	2025-11-06 23:00:00+00		f	264	\N	10	942
1101	2025-11-07	2025-11-06 23:00:00+00		f	260	\N	11	943
1102	2025-11-07	2025-11-06 23:00:00+00		f	265	\N	11	944
1161	2025-11-10	\N		f	166	\N	\N	\N
1103	2025-11-07	2025-11-06 23:00:00+00		f	271	\N	11	945
1104	2025-11-07	2025-11-06 23:00:00+00		f	276	\N	11	946
1105	2025-11-07	2025-11-06 23:00:00+00		f	261	\N	15	947
1164	2025-11-10	\N		f	184	\N	\N	\N
1107	2025-11-07	2025-11-06 23:00:00+00		f	269	\N	15	949
1108	2025-11-07	2025-11-06 23:00:00+00		f	278	\N	15	950
1109	2025-11-07	2025-11-06 23:00:00+00		f	258	\N	13	951
1062	2025-11-06	2025-11-10 23:00:00+00		f	239	\N	12	910
1112	2025-11-07	2025-11-06 23:00:00+00		f	275	\N	13	953
1113	2025-11-07	2025-11-06 23:00:00+00		f	259	\N	14	954
1170	2025-11-10	\N		f	172	\N	\N	\N
1115	2025-11-07	2025-11-06 23:00:00+00		f	273	\N	14	956
1116	2025-11-07	2025-11-06 23:00:00+00		f	279	\N	14	957
1118	2025-11-07	2025-11-06 23:00:00+00		f	263	\N	12	958
1088	2025-11-07	2025-11-10 23:00:00+00		f	154	\N	4	934
1120	2025-11-07	2025-11-06 23:00:00+00		f	277	\N	12	960
1075	2025-11-07	2025-11-10 23:00:00+00		f	148	\N	9	921
1056	2025-11-06	2025-11-10 23:00:00+00		f	253	\N	13	905
1111	2025-11-07	2025-11-10 23:00:00+00		f	270	\N	13	952
1121	2025-11-10	2025-11-09 23:00:00+00		f	4	\N	5	961
1173	2025-11-10	2025-11-09 23:00:00+00		f	163	\N	12	1006
1175	2025-11-10	\N		f	178	\N	\N	\N
1176	2025-11-10	2025-11-09 23:00:00+00		f	180	\N	12	1008
1177	2025-11-11	\N		f	33	\N	\N	1009
1174	2025-11-10	2025-11-09 23:00:00+00		f	170	\N	12	1007
1178	2025-11-11	\N		f	46	\N	\N	1010
1179	2025-11-11	\N		f	56	\N	\N	\N
1180	2025-11-11	\N		f	57	\N	\N	1011
1181	2025-11-11	\N		f	37	\N	\N	1012
1182	2025-11-11	\N		f	48	\N	\N	\N
1183	2025-11-11	\N		f	53	\N	\N	1013
1184	2025-11-11	\N		f	58	\N	\N	1014
1185	2025-11-11	\N		f	39	\N	\N	1015
1186	2025-11-11	\N		f	41	\N	\N	1016
1187	2025-11-11	\N		f	51	\N	\N	1017
1188	2025-11-11	\N		f	61	\N	\N	1018
1189	2025-11-11	\N		f	40	\N	\N	\N
1190	2025-11-11	\N		f	44	\N	\N	1019
1191	2025-11-11	\N		f	54	\N	\N	1020
1192	2025-11-11	\N		f	62	\N	\N	1021
1193	2025-11-11	\N		f	38	\N	\N	1022
1194	2025-11-11	\N		f	45	\N	\N	1023
1195	2025-11-11	\N		f	49	\N	\N	1024
1196	2025-11-11	\N		f	59	\N	\N	1025
1197	2025-11-11	\N		f	34	\N	\N	1026
1198	2025-11-11	\N		f	42	\N	\N	1027
1199	2025-11-11	\N		f	55	\N	\N	1028
1200	2025-11-11	\N		f	64	\N	\N	\N
1201	2025-11-11	\N		f	35	\N	\N	1029
1202	2025-11-11	\N		f	47	\N	\N	1030
1203	2025-11-11	\N		f	52	\N	\N	1031
1204	2025-11-11	\N		f	60	\N	\N	1032
1205	2025-11-11	\N		f	36	\N	\N	1033
1206	2025-11-11	\N		f	43	\N	\N	1034
1207	2025-11-11	\N		f	50	\N	\N	1035
1208	2025-11-11	\N		f	63	\N	\N	1036
1209	2025-11-11	\N		f	189	\N	\N	1037
1210	2025-11-11	\N		f	191	\N	\N	1038
1211	2025-11-11	\N		f	197	\N	\N	1039
1212	2025-11-11	\N		f	206	\N	\N	1040
1213	2025-11-11	\N		f	188	\N	\N	1041
1214	2025-11-11	\N		f	193	\N	\N	1042
1215	2025-11-11	\N		f	200	\N	\N	1043
1216	2025-11-11	\N		f	203	\N	\N	1044
1217	2025-11-11	\N		f	185	\N	\N	1045
1218	2025-11-11	\N		f	192	\N	\N	1046
1219	2025-11-11	\N		f	201	\N	\N	1047
1220	2025-11-11	\N		f	208	\N	\N	\N
1221	2025-11-11	\N		f	187	\N	\N	1048
1222	2025-11-11	\N		f	195	\N	\N	1049
1223	2025-11-11	\N		f	202	\N	\N	\N
1224	2025-11-11	\N		f	207	\N	\N	1050
1225	2025-11-11	\N		f	186	\N	\N	1051
1226	2025-11-11	\N		f	196	\N	\N	\N
1227	2025-11-11	\N		f	198	\N	\N	1052
1228	2025-11-11	\N		f	205	\N	\N	1053
1229	2025-11-11	\N		f	190	\N	\N	\N
1230	2025-11-11	\N		f	194	\N	\N	1054
1231	2025-11-11	\N		f	199	\N	\N	1055
1232	2025-11-11	\N		f	204	\N	\N	1056
1233	2025-11-12	\N		f	65	\N	\N	1057
1234	2025-11-12	\N		f	76	\N	\N	1058
1235	2025-11-12	\N		f	85	\N	\N	1059
1236	2025-11-12	\N		f	95	\N	\N	1060
1237	2025-11-12	\N		f	69	\N	\N	1061
1238	2025-11-12	\N		f	77	\N	\N	1062
1239	2025-11-12	\N		f	88	\N	\N	\N
1240	2025-11-12	\N		f	91	\N	\N	1063
1241	2025-11-12	\N		f	71	\N	\N	1064
1242	2025-11-12	\N		f	78	\N	\N	1065
1243	2025-11-12	\N		f	87	\N	\N	1066
1244	2025-11-12	\N		f	90	\N	\N	1067
1245	2025-11-12	\N		f	66	\N	\N	1068
1246	2025-11-12	\N		f	73	\N	\N	1069
1247	2025-11-12	\N		f	81	\N	\N	1070
1248	2025-11-12	\N		f	89	\N	\N	1071
1249	2025-11-12	\N		f	72	\N	\N	\N
1250	2025-11-12	\N		f	74	\N	\N	1072
1251	2025-11-12	\N		f	82	\N	\N	1073
1252	2025-11-12	\N		f	93	\N	\N	1074
1253	2025-11-12	\N		f	67	\N	\N	1075
1254	2025-11-12	\N		f	79	\N	\N	1076
1255	2025-11-12	\N		f	86	\N	\N	1077
1256	2025-11-12	\N		f	96	\N	\N	\N
1257	2025-11-12	\N		f	70	\N	\N	1078
1258	2025-11-12	\N		f	80	\N	\N	\N
1259	2025-11-12	\N		f	83	\N	\N	1079
1260	2025-11-12	\N		f	94	\N	\N	1080
1261	2025-11-12	\N		f	68	\N	\N	1081
1262	2025-11-12	\N		f	75	\N	\N	1082
1263	2025-11-12	\N		f	84	\N	\N	1083
1264	2025-11-12	\N		f	92	\N	\N	1084
1265	2025-11-12	\N		f	210	\N	\N	1085
1266	2025-11-12	\N		f	219	\N	\N	1086
1267	2025-11-12	\N		f	223	\N	\N	1087
1268	2025-11-12	\N		f	232	\N	\N	\N
1269	2025-11-12	\N		f	212	\N	\N	1088
1270	2025-11-12	\N		f	220	\N	\N	\N
1271	2025-11-12	\N		f	221	\N	\N	1089
1272	2025-11-12	\N		f	228	\N	\N	1090
1273	2025-11-12	\N		f	214	\N	\N	\N
1274	2025-11-12	\N		f	217	\N	\N	1091
1275	2025-11-12	\N		f	226	\N	\N	\N
1276	2025-11-12	\N		f	231	\N	\N	1092
1277	2025-11-12	\N		f	211	\N	\N	1093
1278	2025-11-12	\N		f	218	\N	\N	1094
1279	2025-11-12	\N		f	224	\N	\N	1095
1280	2025-11-12	\N		f	230	\N	\N	1096
1281	2025-11-12	\N		f	213	\N	\N	1097
1282	2025-11-12	\N		f	216	\N	\N	1098
1283	2025-11-12	\N		f	222	\N	\N	1099
1284	2025-11-12	\N		f	227	\N	\N	1100
1285	2025-11-12	\N		f	209	\N	\N	1101
1286	2025-11-12	\N		f	215	\N	\N	1102
1287	2025-11-12	\N		f	225	\N	\N	1103
1288	2025-11-12	\N		f	229	\N	\N	1104
1289	2025-11-13	\N		f	102	\N	\N	1105
1290	2025-11-13	\N		f	108	\N	\N	1106
1291	2025-11-13	\N		f	118	\N	\N	1107
1292	2025-11-13	\N		f	125	\N	\N	1108
1293	2025-11-13	\N		f	98	\N	\N	1109
1294	2025-11-13	\N		f	112	\N	\N	\N
1295	2025-11-13	\N		f	116	\N	\N	1110
1296	2025-11-13	\N		f	124	\N	\N	1111
1297	2025-11-13	\N		f	100	\N	\N	1112
1298	2025-11-13	\N		f	105	\N	\N	1113
1299	2025-11-13	\N		f	115	\N	\N	1114
1300	2025-11-13	\N		f	128	\N	\N	\N
1301	2025-11-13	\N		f	101	\N	\N	1115
1302	2025-11-13	\N		f	109	\N	\N	1116
1303	2025-11-13	\N		f	119	\N	\N	1117
1304	2025-11-13	\N		f	126	\N	\N	1118
1305	2025-11-13	\N		f	97	\N	\N	1119
1306	2025-11-13	\N		f	106	\N	\N	1120
1307	2025-11-13	\N		f	113	\N	\N	1121
1308	2025-11-13	\N		f	123	\N	\N	1122
1309	2025-11-13	\N		f	104	\N	\N	\N
1310	2025-11-13	\N		f	107	\N	\N	1123
1311	2025-11-13	\N		f	117	\N	\N	1124
1312	2025-11-13	\N		f	122	\N	\N	1125
1313	2025-11-13	\N		f	99	\N	\N	1126
1314	2025-11-13	\N		f	110	\N	\N	1127
1315	2025-11-13	\N		f	114	\N	\N	1128
1316	2025-11-13	\N		f	121	\N	\N	1129
1317	2025-11-13	\N		f	103	\N	\N	1130
1318	2025-11-13	\N		f	111	\N	\N	1131
1319	2025-11-13	\N		f	120	\N	\N	\N
1320	2025-11-13	\N		f	127	\N	\N	1132
1321	2025-11-13	\N		f	234	\N	\N	1133
1322	2025-11-13	\N		f	243	\N	\N	1134
1323	2025-11-13	\N		f	248	\N	\N	1135
1324	2025-11-13	\N		f	254	\N	\N	1136
1325	2025-11-13	\N		f	235	\N	\N	1137
1326	2025-11-13	\N		f	240	\N	\N	1138
1327	2025-11-13	\N		f	250	\N	\N	\N
1328	2025-11-13	\N		f	252	\N	\N	1139
1329	2025-11-13	\N		f	237	\N	\N	1140
1330	2025-11-13	\N		f	241	\N	\N	1141
1331	2025-11-13	\N		f	247	\N	\N	1142
1332	2025-11-13	\N		f	256	\N	\N	\N
1333	2025-11-13	\N		f	233	\N	\N	1143
1334	2025-11-13	\N		f	244	\N	\N	\N
1335	2025-11-13	\N		f	246	\N	\N	1144
1336	2025-11-13	\N		f	253	\N	\N	1145
1337	2025-11-13	\N		f	236	\N	\N	1146
1338	2025-11-13	\N		f	242	\N	\N	1147
1339	2025-11-13	\N		f	245	\N	\N	1148
1340	2025-11-13	\N		f	255	\N	\N	1149
1341	2025-11-13	\N		f	238	\N	\N	\N
1342	2025-11-13	\N		f	239	\N	\N	1150
1343	2025-11-13	\N		f	249	\N	\N	1151
1344	2025-11-13	\N		f	251	\N	\N	1152
1345	2025-11-14	\N		f	135	\N	\N	1153
1346	2025-11-14	\N		f	144	\N	\N	\N
1347	2025-11-14	\N		f	145	\N	\N	1154
1348	2025-11-14	\N		f	156	\N	\N	1155
1349	2025-11-14	\N		f	136	\N	\N	\N
1350	2025-11-14	\N		f	138	\N	\N	1156
1351	2025-11-14	\N		f	151	\N	\N	1157
1352	2025-11-14	\N		f	157	\N	\N	1158
1353	2025-11-14	\N		f	133	\N	\N	1159
1354	2025-11-14	\N		f	142	\N	\N	1160
1355	2025-11-14	\N		f	148	\N	\N	1161
1356	2025-11-14	\N		f	153	\N	\N	1162
1357	2025-11-14	\N		f	130	\N	\N	1163
1358	2025-11-14	\N		f	137	\N	\N	1164
1359	2025-11-14	\N		f	149	\N	\N	1165
1360	2025-11-14	\N		f	158	\N	\N	1166
1361	2025-11-14	\N		f	134	\N	\N	1167
1362	2025-11-14	\N		f	139	\N	\N	1168
1363	2025-11-14	\N		f	146	\N	\N	1169
1364	2025-11-14	\N		f	159	\N	\N	1170
1365	2025-11-14	\N		f	132	\N	\N	1171
1366	2025-11-14	\N		f	141	\N	\N	1172
1367	2025-11-14	\N		f	147	\N	\N	1173
1368	2025-11-14	\N		f	154	\N	\N	1174
1369	2025-11-14	\N		f	129	\N	\N	1175
1370	2025-11-14	\N		f	140	\N	\N	1176
1371	2025-11-14	\N		f	152	\N	\N	\N
1372	2025-11-14	\N		f	160	\N	\N	\N
1373	2025-11-14	\N		f	131	\N	\N	1177
1374	2025-11-14	\N		f	143	\N	\N	1178
1375	2025-11-14	\N		f	150	\N	\N	1179
1376	2025-11-14	\N		f	155	\N	\N	1180
1377	2025-11-14	\N		f	257	\N	\N	1181
1378	2025-11-14	\N		f	264	\N	\N	1182
1379	2025-11-14	\N		f	274	\N	\N	\N
1380	2025-11-14	\N		f	280	\N	\N	\N
1381	2025-11-14	\N		f	260	\N	\N	1183
1382	2025-11-14	\N		f	265	\N	\N	1184
1383	2025-11-14	\N		f	271	\N	\N	1185
1384	2025-11-14	\N		f	276	\N	\N	1186
1385	2025-11-14	\N		f	261	\N	\N	1187
1386	2025-11-14	\N		f	267	\N	\N	1188
1387	2025-11-14	\N		f	269	\N	\N	1189
1388	2025-11-14	\N		f	278	\N	\N	1190
1389	2025-11-14	\N		f	258	\N	\N	1191
1390	2025-11-14	\N		f	268	\N	\N	\N
1391	2025-11-14	\N		f	270	\N	\N	1192
1392	2025-11-14	\N		f	275	\N	\N	1193
1393	2025-11-14	\N		f	259	\N	\N	1194
1394	2025-11-14	\N		f	266	\N	\N	1195
1395	2025-11-14	\N		f	273	\N	\N	1196
1396	2025-11-14	\N		f	279	\N	\N	1197
1397	2025-11-14	\N		f	262	\N	\N	\N
1398	2025-11-14	\N		f	263	\N	\N	1198
1399	2025-11-14	\N		f	272	\N	\N	1199
1400	2025-11-14	\N		f	277	\N	\N	1200
1401	2025-11-17	\N		f	4	\N	\N	1201
1402	2025-11-17	\N		f	11	\N	\N	1202
1403	2025-11-17	\N		f	20	\N	\N	1203
1404	2025-11-17	\N		f	31	\N	\N	1204
1405	2025-11-17	\N		f	6	\N	\N	1205
1406	2025-11-17	\N		f	13	\N	\N	1206
1407	2025-11-17	\N		f	23	\N	\N	1207
1408	2025-11-17	\N		f	29	\N	\N	1208
1409	2025-11-17	\N		f	8	\N	\N	\N
1410	2025-11-17	\N		f	10	\N	\N	1209
1411	2025-11-17	\N		f	21	\N	\N	1210
1412	2025-11-17	\N		f	26	\N	\N	1211
1413	2025-11-17	\N		f	5	\N	\N	1212
1414	2025-11-17	\N		f	12	\N	\N	1213
1415	2025-11-17	\N		f	18	\N	\N	1214
1416	2025-11-17	\N		f	32	\N	\N	\N
1417	2025-11-17	\N		f	7	\N	\N	1215
1418	2025-11-17	\N		f	15	\N	\N	1216
1419	2025-11-17	\N		f	19	\N	\N	1217
1420	2025-11-17	\N		f	25	\N	\N	1218
1421	2025-11-17	\N		f	3	\N	\N	1219
1422	2025-11-17	\N		f	14	\N	\N	1220
1423	2025-11-17	\N		f	24	\N	\N	\N
1424	2025-11-17	\N		f	30	\N	\N	1221
1425	2025-11-17	\N		f	1	\N	\N	1222
1426	2025-11-17	\N		f	9	\N	\N	1223
1427	2025-11-17	\N		f	22	\N	\N	1224
1428	2025-11-17	\N		f	27	\N	\N	1225
1429	2025-11-17	\N		f	2	\N	\N	1226
1430	2025-11-17	\N		f	16	\N	\N	\N
1122	2025-11-10	2025-11-09 23:00:00+00		f	11	\N	5	962
1431	2025-11-17	\N		f	17	\N	\N	1227
1432	2025-11-17	\N		f	28	\N	\N	1228
1433	2025-11-17	\N		f	161	\N	\N	1229
1434	2025-11-17	\N		f	168	\N	\N	1230
1435	2025-11-17	\N		f	174	\N	\N	1231
1436	2025-11-17	\N		f	182	\N	\N	1232
1437	2025-11-17	\N		f	162	\N	\N	1233
1438	2025-11-17	\N		f	167	\N	\N	1234
1439	2025-11-17	\N		f	173	\N	\N	1235
1440	2025-11-17	\N		f	183	\N	\N	1236
1441	2025-11-17	\N		f	166	\N	\N	\N
1442	2025-11-17	\N		f	169	\N	\N	1237
1443	2025-11-17	\N		f	176	\N	\N	1238
1444	2025-11-17	\N		f	184	\N	\N	\N
1445	2025-11-17	\N		f	164	\N	\N	1239
1446	2025-11-17	\N		f	171	\N	\N	1240
1447	2025-11-17	\N		f	175	\N	\N	1241
1448	2025-11-17	\N		f	179	\N	\N	1242
1449	2025-11-17	\N		f	165	\N	\N	1243
1450	2025-11-17	\N		f	172	\N	\N	\N
1451	2025-11-17	\N		f	177	\N	\N	1244
1452	2025-11-17	\N		f	181	\N	\N	1245
1453	2025-11-17	\N		f	163	\N	\N	1246
1454	2025-11-17	\N		f	170	\N	\N	1247
1455	2025-11-17	\N		f	178	\N	\N	\N
1456	2025-11-17	\N		f	180	\N	\N	1248
1457	2025-11-18	\N		f	33	\N	\N	1249
1458	2025-11-18	\N		f	46	\N	\N	1250
1459	2025-11-18	\N		f	56	\N	\N	\N
1460	2025-11-18	\N		f	57	\N	\N	1251
1461	2025-11-18	\N		f	37	\N	\N	1252
1462	2025-11-18	\N		f	48	\N	\N	\N
1463	2025-11-18	\N		f	53	\N	\N	1253
1464	2025-11-18	\N		f	58	\N	\N	1254
1465	2025-11-18	\N		f	39	\N	\N	1255
1466	2025-11-18	\N		f	41	\N	\N	1256
1467	2025-11-18	\N		f	51	\N	\N	1257
1468	2025-11-18	\N		f	61	\N	\N	1258
1469	2025-11-18	\N		f	40	\N	\N	\N
1470	2025-11-18	\N		f	44	\N	\N	1259
1471	2025-11-18	\N		f	54	\N	\N	1260
1472	2025-11-18	\N		f	62	\N	\N	1261
1473	2025-11-18	\N		f	38	\N	\N	1262
1474	2025-11-18	\N		f	45	\N	\N	1263
1475	2025-11-18	\N		f	49	\N	\N	1264
1476	2025-11-18	\N		f	59	\N	\N	1265
1477	2025-11-18	\N		f	34	\N	\N	1266
1478	2025-11-18	\N		f	42	\N	\N	1267
1479	2025-11-18	\N		f	55	\N	\N	1268
1480	2025-11-18	\N		f	64	\N	\N	\N
1481	2025-11-18	\N		f	35	\N	\N	1269
1482	2025-11-18	\N		f	47	\N	\N	1270
1483	2025-11-18	\N		f	52	\N	\N	1271
1484	2025-11-18	\N		f	60	\N	\N	1272
1485	2025-11-18	\N		f	36	\N	\N	1273
1486	2025-11-18	\N		f	43	\N	\N	1274
1487	2025-11-18	\N		f	50	\N	\N	1275
1488	2025-11-18	\N		f	63	\N	\N	1276
1489	2025-11-18	\N		f	189	\N	\N	1277
1490	2025-11-18	\N		f	191	\N	\N	1278
1491	2025-11-18	\N		f	197	\N	\N	1279
1492	2025-11-18	\N		f	206	\N	\N	1280
1493	2025-11-18	\N		f	188	\N	\N	1281
1494	2025-11-18	\N		f	193	\N	\N	1282
1495	2025-11-18	\N		f	200	\N	\N	1283
1496	2025-11-18	\N		f	203	\N	\N	1284
1497	2025-11-18	\N		f	185	\N	\N	1285
1498	2025-11-18	\N		f	192	\N	\N	1286
1499	2025-11-18	\N		f	201	\N	\N	1287
1500	2025-11-18	\N		f	208	\N	\N	\N
1501	2025-11-18	\N		f	187	\N	\N	1288
1502	2025-11-18	\N		f	195	\N	\N	1289
1503	2025-11-18	\N		f	202	\N	\N	\N
1504	2025-11-18	\N		f	207	\N	\N	1290
1505	2025-11-18	\N		f	186	\N	\N	1291
1506	2025-11-18	\N		f	196	\N	\N	\N
1507	2025-11-18	\N		f	198	\N	\N	1292
1508	2025-11-18	\N		f	205	\N	\N	1293
1509	2025-11-18	\N		f	190	\N	\N	\N
1510	2025-11-18	\N		f	194	\N	\N	1294
1511	2025-11-18	\N		f	199	\N	\N	1295
1512	2025-11-18	\N		f	204	\N	\N	1296
1513	2025-11-19	\N		f	65	\N	\N	1297
1514	2025-11-19	\N		f	76	\N	\N	1298
1515	2025-11-19	\N		f	85	\N	\N	1299
1516	2025-11-19	\N		f	95	\N	\N	1300
1517	2025-11-19	\N		f	69	\N	\N	1301
1518	2025-11-19	\N		f	77	\N	\N	1302
1519	2025-11-19	\N		f	88	\N	\N	\N
1520	2025-11-19	\N		f	91	\N	\N	1303
1521	2025-11-19	\N		f	71	\N	\N	1304
1522	2025-11-19	\N		f	78	\N	\N	1305
1523	2025-11-19	\N		f	87	\N	\N	1306
1524	2025-11-19	\N		f	90	\N	\N	1307
1525	2025-11-19	\N		f	66	\N	\N	1308
1526	2025-11-19	\N		f	73	\N	\N	1309
1527	2025-11-19	\N		f	81	\N	\N	1310
1528	2025-11-19	\N		f	89	\N	\N	1311
1529	2025-11-19	\N		f	72	\N	\N	\N
1530	2025-11-19	\N		f	74	\N	\N	1312
1531	2025-11-19	\N		f	82	\N	\N	1313
1532	2025-11-19	\N		f	93	\N	\N	1314
1533	2025-11-19	\N		f	67	\N	\N	1315
1534	2025-11-19	\N		f	79	\N	\N	1316
1535	2025-11-19	\N		f	86	\N	\N	1317
1536	2025-11-19	\N		f	96	\N	\N	\N
1537	2025-11-19	\N		f	70	\N	\N	1318
1538	2025-11-19	\N		f	80	\N	\N	\N
1539	2025-11-19	\N		f	83	\N	\N	1319
1540	2025-11-19	\N		f	94	\N	\N	1320
1541	2025-11-19	\N		f	68	\N	\N	1321
1542	2025-11-19	\N		f	75	\N	\N	1322
1543	2025-11-19	\N		f	84	\N	\N	1323
1544	2025-11-19	\N		f	92	\N	\N	1324
1545	2025-11-19	\N		f	210	\N	\N	1325
1546	2025-11-19	\N		f	219	\N	\N	1326
1547	2025-11-19	\N		f	223	\N	\N	1327
1548	2025-11-19	\N		f	232	\N	\N	\N
1549	2025-11-19	\N		f	212	\N	\N	1328
1550	2025-11-19	\N		f	220	\N	\N	\N
1551	2025-11-19	\N		f	221	\N	\N	1329
1552	2025-11-19	\N		f	228	\N	\N	1330
1553	2025-11-19	\N		f	214	\N	\N	\N
1554	2025-11-19	\N		f	217	\N	\N	1331
1555	2025-11-19	\N		f	226	\N	\N	\N
1556	2025-11-19	\N		f	231	\N	\N	1332
1557	2025-11-19	\N		f	211	\N	\N	1333
1558	2025-11-19	\N		f	218	\N	\N	1334
1559	2025-11-19	\N		f	224	\N	\N	1335
1560	2025-11-19	\N		f	230	\N	\N	1336
1561	2025-11-19	\N		f	213	\N	\N	1337
844	2025-11-03	2025-11-02 23:00:00+00		f	31	\N	5	724
1562	2025-11-19	\N		f	216	\N	\N	1338
8	2025-10-13	2025-10-12 22:00:00+00		f	29	\N	7	8
1563	2025-11-19	\N		f	222	\N	\N	1339
288	2025-10-20	2025-10-19 22:00:00+00		f	29	\N	7	248
1564	2025-11-19	\N		f	227	\N	\N	1340
568	2025-10-27	2025-10-26 23:00:00+00		f	29	\N	7	488
1565	2025-11-19	\N		f	209	\N	\N	1341
1566	2025-11-19	\N		f	215	\N	\N	1342
1567	2025-11-19	\N		f	225	\N	\N	1343
1131	2025-11-10	2025-11-09 23:00:00+00		f	21	\N	9	970
1568	2025-11-19	\N		f	229	\N	\N	1344
1569	2025-11-20	\N		f	102	\N	\N	1345
852	2025-11-03	2025-11-02 23:00:00+00		f	26	\N	9	731
1570	2025-11-20	\N		f	108	\N	\N	1346
18	2025-10-13	2025-10-12 22:00:00+00		f	15	\N	8	16
1571	2025-11-20	\N		f	118	\N	\N	1347
1572	2025-11-20	\N		f	125	\N	\N	1348
298	2025-10-20	2025-10-19 22:00:00+00		f	15	\N	8	256
1573	2025-11-20	\N		f	98	\N	\N	1349
1574	2025-11-20	\N		f	112	\N	\N	\N
1575	2025-11-20	\N		f	116	\N	\N	1350
578	2025-10-27	2025-10-26 23:00:00+00		f	15	\N	8	496
1576	2025-11-20	\N		f	124	\N	\N	1351
1577	2025-11-20	\N		f	100	\N	\N	1352
1578	2025-11-20	\N		f	105	\N	\N	1353
1579	2025-11-20	\N		f	115	\N	\N	1354
1580	2025-11-20	\N		f	128	\N	\N	\N
1581	2025-11-20	\N		f	101	\N	\N	1355
1582	2025-11-20	\N		f	109	\N	\N	1356
1583	2025-11-20	\N		f	119	\N	\N	1357
1584	2025-11-20	\N		f	126	\N	\N	1358
1585	2025-11-20	\N		f	97	\N	\N	1359
1586	2025-11-20	\N		f	106	\N	\N	1360
1587	2025-11-20	\N		f	113	\N	\N	1361
1588	2025-11-20	\N		f	123	\N	\N	1362
1589	2025-11-20	\N		f	104	\N	\N	\N
1590	2025-11-20	\N		f	107	\N	\N	1363
1591	2025-11-20	\N		f	117	\N	\N	1364
1592	2025-11-20	\N		f	122	\N	\N	1365
1593	2025-11-20	\N		f	99	\N	\N	1366
1594	2025-11-20	\N		f	110	\N	\N	1367
1595	2025-11-20	\N		f	114	\N	\N	1368
1596	2025-11-20	\N		f	121	\N	\N	1369
1597	2025-11-20	\N		f	103	\N	\N	1370
1598	2025-11-20	\N		f	111	\N	\N	1371
1599	2025-11-20	\N		f	120	\N	\N	\N
1600	2025-11-20	\N		f	127	\N	\N	1372
1601	2025-11-20	\N		f	234	\N	\N	1373
1602	2025-11-20	\N		f	243	\N	\N	1374
1603	2025-11-20	\N		f	248	\N	\N	1375
1604	2025-11-20	\N		f	254	\N	\N	1376
1605	2025-11-20	\N		f	235	\N	\N	1377
1606	2025-11-20	\N		f	240	\N	\N	1378
1607	2025-11-20	\N		f	250	\N	\N	\N
1608	2025-11-20	\N		f	252	\N	\N	1379
1609	2025-11-20	\N		f	237	\N	\N	1380
1610	2025-11-20	\N		f	241	\N	\N	1381
1611	2025-11-20	\N		f	247	\N	\N	1382
1612	2025-11-20	\N		f	256	\N	\N	\N
1613	2025-11-20	\N		f	233	\N	\N	1383
1614	2025-11-20	\N		f	244	\N	\N	\N
1615	2025-11-20	\N		f	246	\N	\N	1384
1616	2025-11-20	\N		f	253	\N	\N	1385
1617	2025-11-20	\N		f	236	\N	\N	1386
1618	2025-11-20	\N		f	242	\N	\N	1387
1619	2025-11-20	\N		f	245	\N	\N	1388
1620	2025-11-20	\N		f	255	\N	\N	1389
1621	2025-11-20	\N		f	238	\N	\N	\N
1622	2025-11-20	\N		f	239	\N	\N	1390
1623	2025-11-20	\N		f	249	\N	\N	1391
1624	2025-11-20	\N		f	251	\N	\N	1392
1625	2025-11-21	\N		f	135	\N	\N	1393
1626	2025-11-21	\N		f	144	\N	\N	\N
1627	2025-11-21	\N		f	145	\N	\N	1394
1628	2025-11-21	\N		f	156	\N	\N	1395
1629	2025-11-21	\N		f	136	\N	\N	\N
1630	2025-11-21	\N		f	138	\N	\N	1396
1631	2025-11-21	\N		f	151	\N	\N	1397
1632	2025-11-21	\N		f	157	\N	\N	1398
1633	2025-11-21	\N		f	133	\N	\N	1399
1634	2025-11-21	\N		f	142	\N	\N	1400
1635	2025-11-21	\N		f	148	\N	\N	1401
1636	2025-11-21	\N		f	153	\N	\N	1402
1637	2025-11-21	\N		f	130	\N	\N	1403
1638	2025-11-21	\N		f	137	\N	\N	1404
1639	2025-11-21	\N		f	149	\N	\N	1405
1640	2025-11-21	\N		f	158	\N	\N	1406
1641	2025-11-21	\N		f	134	\N	\N	1407
1642	2025-11-21	\N		f	139	\N	\N	1408
1643	2025-11-21	\N		f	146	\N	\N	1409
1644	2025-11-21	\N		f	159	\N	\N	1410
1645	2025-11-21	\N		f	132	\N	\N	1411
1646	2025-11-21	\N		f	141	\N	\N	1412
1647	2025-11-21	\N		f	147	\N	\N	1413
1648	2025-11-21	\N		f	154	\N	\N	1414
1649	2025-11-21	\N		f	129	\N	\N	1415
1650	2025-11-21	\N		f	140	\N	\N	1416
1651	2025-11-21	\N		f	152	\N	\N	\N
1652	2025-11-21	\N		f	160	\N	\N	\N
1653	2025-11-21	\N		f	131	\N	\N	1417
1654	2025-11-21	\N		f	143	\N	\N	1418
1655	2025-11-21	\N		f	150	\N	\N	1419
1656	2025-11-21	\N		f	155	\N	\N	1420
1657	2025-11-21	\N		f	257	\N	\N	1421
1658	2025-11-21	\N		f	264	\N	\N	1422
1659	2025-11-21	\N		f	274	\N	\N	\N
1660	2025-11-21	\N		f	280	\N	\N	\N
1661	2025-11-21	\N		f	260	\N	\N	1423
1662	2025-11-21	\N		f	265	\N	\N	1424
1663	2025-11-21	\N		f	271	\N	\N	1425
1664	2025-11-21	\N		f	276	\N	\N	1426
1665	2025-11-21	\N		f	261	\N	\N	1427
1666	2025-11-21	\N		f	267	\N	\N	1428
1667	2025-11-21	\N		f	269	\N	\N	1429
1668	2025-11-21	\N		f	278	\N	\N	1430
1669	2025-11-21	\N		f	258	\N	\N	1431
1670	2025-11-21	\N		f	268	\N	\N	\N
1671	2025-11-21	\N		f	270	\N	\N	1432
1672	2025-11-21	\N		f	275	\N	\N	1433
1673	2025-11-21	\N		f	259	\N	\N	1434
1674	2025-11-21	\N		f	266	\N	\N	1435
1675	2025-11-21	\N		f	273	\N	\N	1436
1676	2025-11-21	\N		f	279	\N	\N	1437
1677	2025-11-21	\N		f	262	\N	\N	\N
1678	2025-11-21	\N		f	263	\N	\N	1438
1679	2025-11-21	\N		f	272	\N	\N	1439
1680	2025-11-21	\N		f	277	\N	\N	1440
1140	2025-11-10	2025-11-09 23:00:00+00		f	25	\N	8	978
861	2025-11-03	2025-11-02 23:00:00+00		f	3	\N	4	739
370	2025-10-21	2025-10-20 22:00:00+00		f	191	\N	10	318
28	2025-10-13	2025-10-12 22:00:00+00		f	27	\N	2	25
879	2025-11-03	2025-11-10 23:00:00+00		f	173	\N	11	755
308	2025-10-20	2025-10-19 22:00:00+00		f	27	\N	2	265
651	2025-10-28	2025-10-27 23:00:00+00		f	197	\N	10	559
588	2025-10-27	2025-10-26 23:00:00+00		f	27	\N	2	505
1149	2025-11-10	2025-11-09 23:00:00+00		f	2	\N	3	986
871	2025-11-03	2025-11-02 23:00:00+00		f	17	\N	3	747
36	2025-10-13	2025-10-12 22:00:00+00		f	182	\N	10	32
316	2025-10-20	2025-10-19 22:00:00+00		f	182	\N	10	272
596	2025-10-27	2025-10-26 23:00:00+00		f	182	\N	10	512
1159	2025-11-10	2025-11-10 23:00:00+00		f	173	\N	11	995
1037	2025-11-06	2025-11-05 23:00:00+00		f	103	\N	3	890
728	2025-10-29	2025-11-10 23:00:00+00		f	229	\N	12	624
653	2025-10-28	2025-10-27 23:00:00+00		f	188	\N	11	561
47	2025-10-13	2025-10-12 22:00:00+00		f	175	\N	13	41
327	2025-10-20	2025-10-19 22:00:00+00		f	175	\N	13	281
163	2025-10-15	2025-10-14 22:00:00+00		f	222	\N	14	139
607	2025-10-27	2025-10-26 23:00:00+00		f	175	\N	13	521
1168	2025-11-10	2025-11-09 23:00:00+00		f	179	\N	13	1002
891	2025-11-03	2025-11-02 23:00:00+00		f	177	\N	14	764
1171	2025-11-10	2025-11-09 23:00:00+00		f	177	\N	14	1004
1172	2025-11-10	2025-11-09 23:00:00+00		f	181	\N	14	1005
481	2025-10-23	2025-11-10 23:00:00+00		f	234	\N	10	413
617	2025-10-28	2025-11-10 23:00:00+00		f	33	\N	5	529
378	2025-10-21	2025-11-10 23:00:00+00		f	192	\N	15	326
417	2025-10-22	2025-11-10 23:00:00+00		f	70	\N	2	358
426	2025-10-22	2025-11-10 23:00:00+00		f	219	\N	10	366
808	2025-10-31	2025-11-10 23:00:00+00		f	154	\N	4	694
1010	2025-11-06	2025-11-10 23:00:00+00		f	108	\N	5	866
66	2025-10-14	2025-10-13 22:00:00+00		f	41	\N	9	56
346	2025-10-21	2025-10-20 22:00:00+00		f	41	\N	9	296
626	2025-10-28	2025-10-27 23:00:00+00		f	41	\N	9	536
446	2025-10-22	2025-10-21 22:00:00+00		f	215	\N	12	382
1001	2025-11-05	2025-11-10 23:00:00+00		f	213	\N	14	857
662	2025-10-28	2025-10-27 23:00:00+00		f	195	\N	13	569
911	2025-11-04	2025-11-03 23:00:00+00		f	54	\N	6	780
75	2025-10-14	2025-10-13 22:00:00+00		f	49	\N	8	64
355	2025-10-21	2025-10-20 22:00:00+00		f	49	\N	8	304
635	2025-10-28	2025-10-27 23:00:00+00		f	49	\N	8	544
917	2025-11-04	2025-11-03 23:00:00+00		f	34	\N	4	786
83	2025-10-14	2025-10-13 22:00:00+00		f	52	\N	2	71
363	2025-10-21	2025-10-20 22:00:00+00		f	52	\N	2	311
643	2025-10-28	2025-10-27 23:00:00+00		f	52	\N	2	551
110	2025-10-14	2025-10-13 22:00:00+00		f	194	\N	12	94
390	2025-10-21	2025-10-20 22:00:00+00		f	194	\N	12	334
1006	2025-11-05	2025-11-04 23:00:00+00		f	215	\N	12	862
391	2025-10-21	2025-10-20 22:00:00+00		f	199	\N	12	335
935	2025-11-04	2025-11-10 23:00:00+00		f	200	\N	11	803
472	2025-10-23	2025-10-22 22:00:00+00		f	122	\N	4	405
954	2025-11-05	2025-11-04 23:00:00+00		f	76	\N	5	818
118	2025-10-15	2025-10-14 22:00:00+00		f	77	\N	7	102
398	2025-10-22	2025-10-21 22:00:00+00		f	77	\N	7	342
681	2025-10-29	2025-10-28 23:00:00+00		f	71	\N	9	584
964	2025-11-05	2025-11-04 23:00:00+00		f	90	\N	9	827
721	2025-10-29	2025-11-10 23:00:00+00		f	213	\N	14	617
127	2025-10-15	2025-10-14 22:00:00+00		f	81	\N	6	110
407	2025-10-22	2025-10-21 22:00:00+00		f	81	\N	6	350
131	2025-10-15	2025-10-14 22:00:00+00		f	82	\N	8	113
691	2025-10-29	2025-10-28 23:00:00+00		f	82	\N	8	593
972	2025-11-05	2025-11-04 23:00:00+00		f	93	\N	8	834
133	2025-10-15	2025-10-14 22:00:00+00		f	67	\N	4	115
198	2025-10-16	2025-11-10 23:00:00+00		f	111	\N	3	171
700	2025-10-29	2025-10-28 23:00:00+00		f	94	\N	2	600
455	2025-10-23	2025-11-10 23:00:00+00		f	116	\N	7	390
143	2025-10-15	2025-10-14 22:00:00+00		f	84	\N	3	123
769	2025-10-30	2025-11-10 23:00:00+00		f	237	\N	15	660
992	2025-11-05	2025-11-04 23:00:00+00		f	228	\N	11	850
154	2025-10-15	2025-10-14 22:00:00+00		f	217	\N	15	131
171	2025-10-16	2025-10-15 22:00:00+00		f	118	\N	5	147
438	2025-10-22	2025-10-21 22:00:00+00		f	218	\N	13	374
709	2025-10-29	2025-11-10 23:00:00+00		f	212	\N	11	608
735	2025-10-30	2025-11-10 23:00:00+00		f	116	\N	7	630
1032	2025-11-06	2025-11-05 23:00:00+00		f	122	\N	4	885
181	2025-10-16	2025-11-10 23:00:00+00		f	101	\N	6	155
739	2025-10-30	2025-10-29 23:00:00+00		f	115	\N	9	634
1021	2025-11-06	2025-11-10 23:00:00+00		f	101	\N	6	875
910	2025-11-04	2025-11-10 23:00:00+00		f	44	\N	6	779
465	2025-10-23	2025-10-22 22:00:00+00		f	97	\N	8	399
746	2025-10-30	2025-10-29 23:00:00+00		f	106	\N	8	640
1038	2025-11-06	2025-11-10 23:00:00+00		f	111	\N	3	891
755	2025-10-30	2025-10-29 23:00:00+00		f	114	\N	2	648
1027	2025-11-06	2025-11-05 23:00:00+00		f	113	\N	8	881
190	2025-10-16	2025-10-15 22:00:00+00		f	107	\N	4	163
751	2025-10-30	2025-10-29 23:00:00+00		f	117	\N	4	644
1035	2025-11-06	2025-11-05 23:00:00+00		f	114	\N	2	888
476	2025-10-23	2025-10-22 22:00:00+00		f	121	\N	2	409
1036	2025-11-06	2025-11-05 23:00:00+00		f	121	\N	2	889
672	2025-10-28	2025-11-10 23:00:00+00		f	204	\N	12	576
760	2025-10-30	2025-10-29 23:00:00+00		f	127	\N	3	652
1040	2025-11-06	2025-11-05 23:00:00+00		f	127	\N	3	892
486	2025-10-23	2025-10-22 22:00:00+00		f	240	\N	11	418
1041	2025-11-06	2025-11-10 23:00:00+00		f	234	\N	10	893
206	2025-10-16	2025-10-15 22:00:00+00		f	240	\N	11	178
768	2025-10-30	2025-10-29 23:00:00+00		f	252	\N	11	659
1048	2025-11-06	2025-11-05 23:00:00+00		f	252	\N	11	899
944	2025-11-04	2025-11-10 23:00:00+00		f	207	\N	13	810
233	2025-10-17	2025-10-16 22:00:00+00		f	133	\N	9	199
513	2025-10-24	2025-10-23 22:00:00+00		f	133	\N	9	439
1077	2025-11-07	2025-11-06 23:00:00+00		f	130	\N	6	923
800	2025-10-31	2025-10-30 23:00:00+00		f	158	\N	6	686
242	2025-10-17	2025-10-16 22:00:00+00		f	139	\N	8	208
522	2025-10-24	2025-10-23 22:00:00+00		f	139	\N	8	448
1085	2025-11-07	2025-11-06 23:00:00+00		f	132	\N	4	931
250	2025-10-17	2025-10-16 22:00:00+00		f	140	\N	2	216
530	2025-10-24	2025-10-23 22:00:00+00		f	140	\N	2	456
98	2025-10-14	2025-11-10 23:00:00+00		f	192	\N	15	86
337	2025-10-21	2025-11-10 23:00:00+00		f	33	\N	5	289
1016	2025-11-06	2025-11-10 23:00:00+00		f	124	\N	7	871
982	2025-11-05	2025-11-10 23:00:00+00		f	75	\N	3	842
764	2025-10-30	2025-11-10 23:00:00+00		f	254	\N	10	656
901	2025-11-04	2025-11-10 23:00:00+00		f	37	\N	7	772
1095	2025-11-07	2025-11-06 23:00:00+00		f	150	\N	3	939
818	2025-10-31	2025-10-30 23:00:00+00		f	264	\N	10	702
261	2025-10-17	2025-10-16 22:00:00+00		f	260	\N	11	223
541	2025-10-24	2025-10-23 22:00:00+00		f	260	\N	11	463
1106	2025-11-07	2025-11-06 23:00:00+00		f	267	\N	15	948
268	2025-10-17	2025-10-16 22:00:00+00		f	278	\N	15	230
828	2025-10-31	2025-10-30 23:00:00+00		f	278	\N	15	710
549	2025-10-24	2025-10-23 22:00:00+00		f	258	\N	13	471
278	2025-10-17	2025-10-16 22:00:00+00		f	263	\N	12	238
838	2025-10-31	2025-10-30 23:00:00+00		f	263	\N	12	718
57	2025-10-14	2025-11-10 23:00:00+00		f	33	\N	5	49
792	2025-10-31	2025-11-10 23:00:00+00		f	157	\N	7	678
1114	2025-11-07	2025-11-10 23:00:00+00		f	266	\N	14	955
559	2025-10-24	2025-11-10 23:00:00+00		f	272	\N	12	479
1119	2025-11-07	2025-11-10 23:00:00+00		f	272	\N	12	959
782	2025-10-30	2025-11-10 23:00:00+00		f	239	\N	12	670
\.


--
-- Data for Name: presencia_nohadeseralaula; Type: TABLE DATA; Schema: public; Owner: demo_user
--

COPY public.presencia_nohadeseralaula (id, motiu, control_id, sancio_id, sortida_id) FROM stdin;
\.


--
-- Data for Name: relacioFamilies_docattach; Type: TABLE DATA; Schema: public; Owner: demo_user
--

COPY public."relacioFamilies_docattach" (id, fitxer, email_id) FROM stdin;
\.


--
-- Data for Name: relacioFamilies_emailpendent; Type: TABLE DATA; Schema: public; Owner: demo_user
--

COPY public."relacioFamilies_emailpendent" (id, subject, message, fromemail, toemail) FROM stdin;
\.


--
-- Data for Name: relacioFamilies_responsable; Type: TABLE DATA; Schema: public; Owner: demo_user
--

COPY public."relacioFamilies_responsable" (id, dni, nom, cognoms, parentiu, localitat, municipi, cp, adreca, telefon, correu, data_alta, data_baixa, correu_relacio_familia, periodicitat_faltes, periodicitat_incidencies, motiu_bloqueig, user_associat_id) FROM stdin;
15	71497015M	Javier	Sabate Galindo	Mare	L'Armentera	Albanyà	69696	c/ de l'aviador Javier Sabate Galindo	+34 XXXXLLL	javier@mailintaor.com	2025-11-11	\N		1	t	No sol·licitat	38
2	74041138W	Oriol	Oliva Collado	Pare	L'Armentera	Albanyà	89987	c/ de l'aviador Oriol Oliva Collado	+34 XXXXLLL	oriol@mailintaor.com	2025-11-11	\N		1	t	No sol·licitat	18
1	70823772Y	Iker	Ferrer Rivas	Mare	L'Armentera	Albanyà	24721	c/ de l'aviador Izan Calvo Nieto	+34 XXXXXXX	iker@mailintaor.com	2025-11-11	\N		1	t	No sol·licitat	17
23	75306520A	Carlota	Gutierrez Gracia	Pare	L'Armentera	Albanyà	24775	c/ de l'aviador Carlota Gutierrez Gracia	+34 XXXXLLL	carlota@mailintaor.com	2025-11-11	\N		1	t	No sol·licitat	50
4	76066076P	Javier	Pastor Mateu	Pare	L'Armentera	Albanyà	01346	c/ de l'aviador Javier Pastor Mateu	+34 XXXXLLL	javier@mailintaor.com	2025-11-11	\N		1	t	No sol·licitat	21
36	78068712F	Queralt	Cabrera Marco	Mare	L'Armentera	Albanyà	99056	c/ de l'aviador Queralt Cabrera Marco	+34 XXXXLLL	queralt@mailintaor.com	2025-11-11	\N		1	t	No sol·licitat	69
6	78579872F	Carlota	Blasco Pascual	Pare	L'Armentera	Albanyà	07292	c/ de l'aviador Carlota Blasco Pascual	+34 XXXXLLL	carlota@mailintaor.com	2025-11-11	\N		1	t	No sol·licitat	24
8	73056468G	Joan	Carreras Marcos	Pare	L'Armentera	Albanyà	04884	c/ de l'aviador Joan Carreras Marcos	+34 XXXXLLL	joan@mailintaor.com	2025-11-11	\N		1	t	No sol·licitat	27
9	72263340Y	Ainhoa	Ortiz Capdevila	Pare	L'Armentera	Albanyà	77222	c/ de l'aviador Arlet Arias Linares	+34 XXXXXXX	ainhoa@mailintaor.com	2025-11-11	\N		1	t	No sol·licitat	29
10	71182608A	Arlet	Arias Linares	Pare	L'Armentera	Albanyà	56298	c/ de l'aviador Arlet Arias Linares	+34 XXXXLLL	arlet@mailintaor.com	2025-11-11	\N		1	t	No sol·licitat	30
11	77508992W	Iris	Contreras Pages	Mare	L'Armentera	Albanyà	10615	c/ de l'aviador Javier Valle Dominguez	+34 XXXXXXX	iris@mailintaor.com	2025-11-11	\N		1	t	No sol·licitat	32
12	71390855A	Javier	Valle Dominguez	Mare	L'Armentera	Albanyà	76827	c/ de l'aviador Javier Valle Dominguez	+34 XXXXLLL	javier@mailintaor.com	2025-11-11	\N		1	t	No sol·licitat	33
16	75881602G	Miguel	Montoya Farre	Mare	L'Armentera	Albanyà	37292	c/ de l'aviador Miguel Montoya Farre	+34 XXXXLLL	miguel@mailintaor.com	2025-11-11	\N		1	t	No sol·licitat	39
17	75754795N	Anna	Rivas Mir	Pare	L'Armentera	Albanyà	50964	c/ de l'aviador Adriana Dominguez Gallego	+34 XXXXXXX	anna@mailintaor.com	2025-11-11	\N		1	t	No sol·licitat	41
18	73585364P	Adriana	Dominguez Gallego	Pare	L'Armentera	Albanyà	47359	c/ de l'aviador Adriana Dominguez Gallego	+34 XXXXLLL	adriana@mailintaor.com	2025-11-11	\N		1	t	No sol·licitat	42
19	76267136X	Judit	Carreras Delgado	Mare	L'Armentera	Albanyà	93037	c/ de l'aviador Naiara Jurado Paredes	+34 XXXXXXX	judit@mailintaor.com	2025-11-11	\N		1	t	No sol·licitat	44
20	75054944A	Naiara	Jurado Paredes	Mare	L'Armentera	Albanyà	33640	c/ de l'aviador Naiara Jurado Paredes	+34 XXXXLLL	naiara@mailintaor.com	2025-11-11	\N		1	t	No sol·licitat	45
21	76531841D	Ainara	Collado Farre	Pare	L'Armentera	Albanyà	17957	c/ de l'aviador Carla Cortes Camacho	+34 XXXXXXX	ainara@mailintaor.com	2025-11-11	\N		1	t	No sol·licitat	47
22	70034928W	Carla	Cortes Camacho	Pare	L'Armentera	Albanyà	07361	c/ de l'aviador Carla Cortes Camacho	+34 XXXXLLL	carla@mailintaor.com	2025-11-11	\N		1	t	No sol·licitat	48
27	70283433N	Abril	Serra Hidalgo	Pare	L'Armentera	Albanyà	55778	c/ de l'aviador Diego Espinosa Carbonell	+34 XXXXXXX	abril@mailintaor.com	2025-11-11	\N		1	t	No sol·licitat	56
28	70746144R	Diego	Espinosa Carbonell	Pare	L'Armentera	Albanyà	29839	c/ de l'aviador Diego Espinosa Carbonell	+34 XXXXLLL	diego@mailintaor.com	2025-11-11	\N		1	t	No sol·licitat	57
29	77545765B	Rayan	Montoya Llorens	Mare	L'Armentera	Albanyà	43391	c/ de l'aviador Sergio Salvador Vives	+34 XXXXXXX	rayan@mailintaor.com	2025-11-11	\N		1	t	No sol·licitat	59
31	73764460A	Ivet	Luna Cortes	Mare	L'Armentera	Albanyà	76901	c/ de l'aviador Lola Bautista Soria	+34 XXXXXXX	ivet@mailintaor.com	2025-11-11	\N		1	t	No sol·licitat	62
34	72062779D	Albert	Requena Morales	Mare	L'Armentera	Albanyà	34548	c/ de l'aviador Albert Requena Morales	+34 XXXXLLL	albert@mailintaor.com	2025-11-11	\N		1	t	No sol·licitat	66
35	70242692T	Naia	Reyes Mateu	Pare	L'Armentera	Albanyà	89009	c/ de l'aviador Guillem Heredia Camps	+34 XXXXXXX	naia@mailintaor.com	2025-11-11	\N		1	t	No sol·licitat	68
33	70768291D	Lola	Juan Royo	Pare	L'Armentera	Albanyà	51226	c/ de l'aviador Lola Juan Royo	+34 XXXXLLL	lola@mailintaor.com	2025-11-11	\N		1	t	No sol·licitat	65
24	75289233Y	Daniela	Montes Serra	Mare	L'Armentera	Albanyà	09559	c/ de l'aviador Daniela Montes Serra	+34 XXXXLLL	daniela@mailintaor.com	2025-11-11	\N		1	t	No sol·licitat	51
3	70048643W	Diego	Martinez Oliva	Pare	L'Armentera	Albanyà	48319	c/ de l'aviador Jordi Arroyo Robles	+34 XXXXXXX	diego@mailintaor.com	2025-11-11	\N		1	t	No sol·licitat	20
14	74533373M	Jordi	Arroyo Robles	Pare	L'Armentera	Albanyà	10249	c/ de l'aviador Jordi Arroyo Robles	+34 XXXXLLL	jordi@mailintaor.com	2025-11-11	\N		1	t	No sol·licitat	36
13	79873568P	Diego	Guerrero Galindo	Mare	L'Armentera	Albanyà	97217	c/ de l'aviador Quim Castillo Izquierdo	+34 XXXXXXX	diego@mailintaor.com	2025-11-11	\N		1	t	No sol·licitat	35
7	75005023W	Sergi	Roca Ordoñez	Mare	L'Armentera	Albanyà	62693	c/ de l'aviador Marwa Dalmau Aparicio	+34 XXXXXXX	sergi@mailintaor.com	2025-11-11	\N		1	t	No sol·licitat	26
5	72640885M	Adriana	Valles Alsina	Mare	L'Armentera	Albanyà	80703	c/ de l'aviador Guillem Carmona Mir	+34 XXXXXXX	adriana@mailintaor.com	2025-11-11	\N		1	t	No sol·licitat	23
32	78827051G	Laura	Palau Roldan	Mare	L'Armentera	Albanyà	84656	c/ de l'aviador Lluc Carrillo Cabello	+34 XXXXXXX	laura@mailintaor.com	2025-11-11	\N		1	t	No sol·licitat	63
30	71772642Y	Lluc	Pascual Soria	Pare	L'Armentera	Albanyà	07054	c/ de l'aviador Lluc Pascual Soria	+34 XXXXLLL	lluc@mailintaor.com	2025-11-11	\N		1	t	No sol·licitat	60
26	70058197R	Elsa	Reyes Moreno	Pare	L'Armentera	Albanyà	48208	c/ de l'aviador Elsa Reyes Moreno	+34 XXXXLLL	elsa@mailintaor.com	2025-11-11	\N		1	t	No sol·licitat	54
25	79594776R	Joana	Herrera Capdevila	Mare	L'Armentera	Albanyà	24340	c/ de l'aviador Lluc Pascual Soria	+34 XXXXXXX	joana@mailintaor.com	2025-11-11	\N		1	t	No sol·licitat	53
37	76253682B	Mario	Maldonado Cardenas	Mare	L'Armentera	Albanyà	21723	c/ de l'aviador Mar Ros Moya	+34 XXXXXXX	mario@mailintaor.com	2025-11-11	\N		1	t	No sol·licitat	71
238	75536094X	Alan	Gonzalez Prat	Mare	L'Armentera	Albanyà	02613	c/ de l'aviador Alan Gonzalez Prat	+34 XXXXLLL	alan@mailintaor.com	2025-11-11	\N		1	t	No sol·licitat	398
38	70871840T	Mar	Ros Moya	Pare	L'Armentera	Albanyà	36947	c/ de l'aviador Mar Ros Moya	+34 XXXXLLL	mar@mailintaor.com	2025-11-11	\N		1	t	No sol·licitat	72
62	73127114P	Samuel	Bueno Quesada	Pare	L'Armentera	Albanyà	75545	c/ de l'aviador Helena Jurado Iglesias	+34 XXXXXXX	samuel@mailintaor.com	2025-11-11	\N		1	t	No sol·licitat	108
43	73315675G	Izan	Calvo Nieto	Mare	L'Armentera	Albanyà	06690	c/ de l'aviador Izan Calvo Nieto	+34 XXXXLLL	izan@mailintaor.com	2025-11-11	\N		1	t	No sol·licitat	80
44	76022382F	Oriol	Diez Delgado	Mare	L'Armentera	Albanyà	02836	c/ de l'aviador Oriol Diez Delgado	+34 XXXXLLL	oriol@mailintaor.com	2025-11-11	\N		1	t	No sol·licitat	81
41	73903254D	Carla	Guillen Sancho	Pare	L'Armentera	Albanyà	04651	c/ de l'aviador Carlos Sala Gonzalez	+34 XXXXXXX	carla@mailintaor.com	2025-11-11	\N		1	t	No sol·licitat	77
61	75094934M	Jaume	Crespo Paredes	Pare	L'Armentera	Albanyà	48329	c/ de l'aviador Rayan Galindo Guzman	+34 XXXXXXX	jaume@mailintaor.com	2025-11-11	\N		1	t	No sol·licitat	107
48	79271061N	José	Abad Sala	Pare	L'Armentera	Albanyà	93652	c/ de l'aviador José Abad Sala	+34 XXXXLLL	jose@mailintaor.com	2025-11-11	\N		1	t	No sol·licitat	87
72	71161623T	Salma	Llorens Dalmau	Mare	L'Armentera	Albanyà	91375	c/ de l'aviador Salma Llorens Dalmau	+34 XXXXLLL	salma@mailintaor.com	2025-11-11	\N		1	t	No sol·licitat	123
46	79345479M	Iker	Paredes Pereira	Pare	L'Armentera	Albanyà	70085	c/ de l'aviador Arnau Casas Contreras	+34 XXXXXXX	iker@mailintaor.com	2025-11-11	\N		1	t	No sol·licitat	84
45	73476661B	Erik	Heredia Silva	Pare	L'Armentera	Albanyà	66520	c/ de l'aviador Roger Camps Juan	+34 XXXXXXX	erik@mailintaor.com	2025-11-11	\N		1	t	No sol·licitat	83
47	70197868T	David	Lopez Egea	Mare	L'Armentera	Albanyà	56086	c/ de l'aviador Ivet Merino Roca	+34 XXXXXXX	david@mailintaor.com	2025-11-11	\N		1	t	No sol·licitat	86
49	75122638Y	Biel	Mora Segura	Mare	L'Armentera	Albanyà	78019	c/ de l'aviador Mar Casado Rubio	+34 XXXXXXX	biel@mailintaor.com	2025-11-11	\N		1	t	No sol·licitat	89
51	71908915T	Martina	Avila Aguilera	Pare	L'Armentera	Albanyà	63457	c/ de l'aviador Lluc Casado Vidal	+34 XXXXXXX	martina@mailintaor.com	2025-11-11	\N		1	t	No sol·licitat	92
52	77144579M	Lluc	Casado Vidal	Mare	L'Armentera	Albanyà	08449	c/ de l'aviador Lluc Casado Vidal	+34 XXXXLLL	lluc@mailintaor.com	2025-11-11	\N		1	t	No sol·licitat	93
53	72128802M	Daniel	Jimenez Vidal	Pare	L'Armentera	Albanyà	50139	c/ de l'aviador Adrián Ramos Molina	+34 XXXXXXX	daniel@mailintaor.com	2025-11-11	\N		1	t	No sol·licitat	95
55	73129920Y	Xavi	Prat Moya	Pare	L'Armentera	Albanyà	09856	c/ de l'aviador Roc Gallego Alarcon	+34 XXXXXXX	xavi@mailintaor.com	2025-11-11	\N		1	t	No sol·licitat	98
56	70422233B	Roc	Gallego Alarcon	Mare	L'Armentera	Albanyà	68677	c/ de l'aviador Roc Gallego Alarcon	+34 XXXXLLL	roc@mailintaor.com	2025-11-11	\N		1	t	No sol·licitat	99
58	77086517R	Eva	Costa Vera	Pare	L'Armentera	Albanyà	02227	c/ de l'aviador Eva Costa Vera	+34 XXXXLLL	eva@mailintaor.com	2025-11-11	\N		1	t	No sol·licitat	102
59	75061933B	Bruno	Grau Silva	Pare	L'Armentera	Albanyà	21636	c/ de l'aviador Blanca Sans Andres	+34 XXXXXXX	bruno@mailintaor.com	2025-11-11	\N		1	t	No sol·licitat	104
60	71099922X	Blanca	Sans Andres	Pare	L'Armentera	Albanyà	46883	c/ de l'aviador Blanca Sans Andres	+34 XXXXLLL	blanca@mailintaor.com	2025-11-11	\N		1	t	No sol·licitat	105
63	75869231D	Quim	Caballero Bosch	Pare	L'Armentera	Albanyà	08916	c/ de l'aviador Alexandra Manzano Pla	+34 XXXXXXX	quim@mailintaor.com	2025-11-11	\N		1	t	No sol·licitat	110
64	79272741W	Alexandra	Manzano Pla	Pare	L'Armentera	Albanyà	40610	c/ de l'aviador Alexandra Manzano Pla	+34 XXXXLLL	alexandra@mailintaor.com	2025-11-11	\N		1	t	No sol·licitat	111
65	70625429G	Anna	Nieto Nieto	Pare	L'Armentera	Albanyà	56407	c/ de l'aviador Pablo Heredia Gonzalez	+34 XXXXXXX	anna@mailintaor.com	2025-11-11	\N		1	t	No sol·licitat	113
66	73910965B	Pablo	Heredia Gonzalez	Pare	L'Armentera	Albanyà	30685	c/ de l'aviador Pablo Heredia Gonzalez	+34 XXXXLLL	pablo@mailintaor.com	2025-11-11	\N		1	t	No sol·licitat	114
68	73168669W	Sergi	Reina Serra	Mare	L'Armentera	Albanyà	28296	c/ de l'aviador Sergi Reina Serra	+34 XXXXLLL	sergi@mailintaor.com	2025-11-11	\N		1	t	No sol·licitat	117
69	73305291F	Ayman	Marti Ros	Pare	L'Armentera	Albanyà	11482	c/ de l'aviador Carlota Cruz Herrera	+34 XXXXXXX	ayman@mailintaor.com	2025-11-11	\N		1	t	No sol·licitat	119
70	77929418P	Carlota	Cruz Herrera	Pare	L'Armentera	Albanyà	75669	c/ de l'aviador Carlota Cruz Herrera	+34 XXXXLLL	carlota@mailintaor.com	2025-11-11	\N		1	t	No sol·licitat	120
71	75591409X	Aya	Nadal Coll	Mare	L'Armentera	Albanyà	92087	c/ de l'aviador Ana Bueno Carbonell	+34 XXXXXXX	aya@mailintaor.com	2025-11-11	\N		1	t	No sol·licitat	122
73	74865122F	Andrea	Martin Castro	Mare	L'Armentera	Albanyà	66272	c/ de l'aviador Leyre Santos Roca	+34 XXXXXXX	andrea@mailintaor.com	2025-11-11	\N		1	t	No sol·licitat	125
54	75220738P	Rayan	Esteban Murillo	Mare	L'Armentera	Albanyà	64431	c/ de l'aviador Rayan Esteban Murillo	+34 XXXXLLL	rayan@mailintaor.com	2025-11-11	\N		1	t	No sol·licitat	96
50	77072203T	Guillem	Blanch Prieto	Mare	L'Armentera	Albanyà	24076	c/ de l'aviador Guillem Blanch Prieto	+34 XXXXLLL	guillem@mailintaor.com	2025-11-11	\N		1	t	No sol·licitat	90
40	72683611T	Álvaro	Sabate Lopez	Mare	L'Armentera	Albanyà	94062	c/ de l'aviador Lola Juan Royo	+34 XXXXXXX	alvaro@mailintaor.com	2025-11-11	\N		1	t	No sol·licitat	75
67	78686520A	Marc	Esteve Herrera	Pare	L'Armentera	Albanyà	54436	c/ de l'aviador Daniela Montes Serra	+34 XXXXXXX	marc@mailintaor.com	2025-11-11	\N		1	t	No sol·licitat	116
39	77944208G	Inés	Torres Codina	Pare	L'Armentera	Albanyà	37212	c/ de l'aviador Lola Marquez Escobar	+34 XXXXXXX	ines@mailintaor.com	2025-11-11	\N		1	t	No sol·licitat	74
42	70743179T	Lucas	Contreras Hernandez	Pare	L'Armentera	Albanyà	23314	c/ de l'aviador Lucas Contreras Hernandez	+34 XXXXLLL	lucas@mailintaor.com	2025-11-11	\N		1	t	No sol·licitat	78
74	77962315W	Leyre	Santos Roca	Mare	L'Armentera	Albanyà	85080	c/ de l'aviador Leyre Santos Roca	+34 XXXXLLL	leyre@mailintaor.com	2025-11-11	\N		1	t	No sol·licitat	126
105	77141805T	Aleix	Ordoñez Parra	Mare	L'Armentera	Albanyà	69518	c/ de l'aviador Aleix Ordoñez Parra	+34 XXXXLLL	aleix@mailintaor.com	2025-11-11	\N		1	t	No sol·licitat	173
94	77657526B	Rayan	Calderon Valverde	Pare	L'Armentera	Albanyà	40848	c/ de l'aviador Alan Mesa Bermudez	+34 XXXXXXX	rayan@mailintaor.com	2025-11-11	\N		1	t	No sol·licitat	156
79	72070430A	Blanca	Carrillo Segura	Pare	L'Armentera	Albanyà	61006	c/ de l'aviador Blanca Carrillo Segura	+34 XXXXLLL	blanca@mailintaor.com	2025-11-11	\N		1	t	No sol·licitat	134
76	75042644R	David	Hurtado Prats	Pare	L'Armentera	Albanyà	87321	c/ de l'aviador David Hurtado Prats	+34 XXXXLLL	david@mailintaor.com	2025-11-11	\N		1	t	No sol·licitat	129
110	72405823D	Samuel	Benitez Bonet	Mare	L'Armentera	Albanyà	92545	c/ de l'aviador Samuel Benitez Bonet	+34 XXXXLLL	samuel@mailintaor.com	2025-11-11	\N		1	t	No sol·licitat	180
77	73957588A	Abril	Millan Pons	Mare	L'Armentera	Albanyà	34340	c/ de l'aviador Javier Parra Soler	+34 XXXXXXX	abril@mailintaor.com	2025-11-11	\N		1	t	No sol·licitat	131
97	79145135G	Ana	Gimeno Carmona	Mare	L'Armentera	Albanyà	44698	c/ de l'aviador Jordi Escudero Bueno	+34 XXXXXXX	ana@mailintaor.com	2025-11-11	\N		1	t	No sol·licitat	161
78	71642592P	Javier	Parra Soler	Mare	L'Armentera	Albanyà	68970	c/ de l'aviador Javier Parra Soler	+34 XXXXLLL	javier@mailintaor.com	2025-11-11	\N		1	t	No sol·licitat	132
99	79343185N	Leire	Fernandez Asensio	Pare	L'Armentera	Albanyà	98428	c/ de l'aviador Queralt Martin Planas	+34 XXXXXXX	leire@mailintaor.com	2025-11-11	\N		1	t	No sol·licitat	164
80	79105564M	Gerard	Casas Navarro	Mare	L'Armentera	Albanyà	71087	c/ de l'aviador Gerard Casas Navarro	+34 XXXXLLL	gerard@mailintaor.com	2025-11-11	\N		1	t	No sol·licitat	135
82	71900013A	Aitor	Medina Alsina	Pare	L'Armentera	Albanyà	38524	c/ de l'aviador Aitor Medina Alsina	+34 XXXXLLL	aitor@mailintaor.com	2025-11-11	\N		1	t	No sol·licitat	138
84	78337992M	Martí	Garriga Lopez	Pare	L'Armentera	Albanyà	42523	c/ de l'aviador Martí Garriga Lopez	+34 XXXXLLL	marti@mailintaor.com	2025-11-11	\N		1	t	No sol·licitat	141
86	74630150X	Iker	Peña Andres	Mare	L'Armentera	Albanyà	98892	c/ de l'aviador Iker Peña Andres	+34 XXXXLLL	iker@mailintaor.com	2025-11-11	\N		1	t	No sol·licitat	144
87	71066062W	Paula	Soto Carrillo	Pare	L'Armentera	Albanyà	45267	c/ de l'aviador Alexandra Padilla Calderon	+34 XXXXXXX	paula@mailintaor.com	2025-11-11	\N		1	t	No sol·licitat	146
90	73030951Y	Hugo	Borras Soler	Mare	L'Armentera	Albanyà	52127	c/ de l'aviador Hugo Borras Soler	+34 XXXXLLL	hugo@mailintaor.com	2025-11-11	\N		1	t	No sol·licitat	150
91	77681710W	Blanca	Planas Egea	Mare	L'Armentera	Albanyà	30451	c/ de l'aviador Nil Bosch Vazquez	+34 XXXXXXX	blanca@mailintaor.com	2025-11-11	\N		1	t	No sol·licitat	152
92	75840826D	Nil	Bosch Vazquez	Pare	L'Armentera	Albanyà	24762	c/ de l'aviador Nil Bosch Vazquez	+34 XXXXLLL	nil@mailintaor.com	2025-11-11	\N		1	t	No sol·licitat	153
93	75580418G	Rayan	Gallego Blasco	Pare	L'Armentera	Albanyà	51686	c/ de l'aviador Ona Cabrera Miranda	+34 XXXXXXX	rayan@mailintaor.com	2025-11-11	\N		1	t	No sol·licitat	155
96	74720267B	Pau	Garriga Jurado	Pare	L'Armentera	Albanyà	29265	c/ de l'aviador Pau Garriga Jurado	+34 XXXXLLL	pau@mailintaor.com	2025-11-11	\N		1	t	No sol·licitat	159
98	79380186W	Aleix	Cano Cano	Pare	L'Armentera	Albanyà	32770	c/ de l'aviador Aleix Cano Cano	+34 XXXXLLL	aleix@mailintaor.com	2025-11-11	\N		1	t	No sol·licitat	162
101	73910019R	Bruno	Rovira Nadal	Mare	L'Armentera	Albanyà	09040	c/ de l'aviador Lucas Reyes Morales	+34 XXXXXXX	bruno@mailintaor.com	2025-11-11	\N		1	t	No sol·licitat	167
102	77878082D	Lucas	Reyes Morales	Pare	L'Armentera	Albanyà	65258	c/ de l'aviador Lucas Reyes Morales	+34 XXXXLLL	lucas@mailintaor.com	2025-11-11	\N		1	t	No sol·licitat	168
104	75930444M	Rayan	Capdevila Diez	Pare	L'Armentera	Albanyà	55580	c/ de l'aviador Rayan Capdevila Diez	+34 XXXXLLL	rayan@mailintaor.com	2025-11-11	\N		1	t	No sol·licitat	171
108	74837440W	Aitor	Mata Mendez	Pare	L'Armentera	Albanyà	18060	c/ de l'aviador Aitor Mata Mendez	+34 XXXXLLL	aitor@mailintaor.com	2025-11-11	\N		1	t	No sol·licitat	177
109	72036530F	Nil	Ortiz Gallardo	Mare	L'Armentera	Albanyà	12947	c/ de l'aviador Elsa Torrent Segura	+34 XXXXXXX	nil@mailintaor.com	2025-11-11	\N		1	t	No sol·licitat	179
106	77190644B	Naia	Oliva Ros	Mare	L'Armentera	Albanyà	28434	c/ de l'aviador Guillem Blanch Prieto	+34 XXXXXXX	naia@mailintaor.com	2025-11-11	\N		1	t	No sol·licitat	174
88	71221399W	Joan	Contreras Blasco	Pare	L'Armentera	Albanyà	76342	c/ de l'aviador Joan Contreras Blasco	+34 XXXXLLL	joan@mailintaor.com	2025-11-11	\N		1	t	No sol·licitat	147
85	70171784F	Lluc	Carrillo Cabello	Pare	L'Armentera	Albanyà	11035	c/ de l'aviador Lluc Carrillo Cabello	+34 XXXXLLL	lluc@mailintaor.com	2025-11-11	\N		1	t	No sol·licitat	143
103	79141010T	Adriana	Pujol Montes	Pare	L'Armentera	Albanyà	56172	c/ de l'aviador Alan Ros Rivas	+34 XXXXXXX	adriana@mailintaor.com	2025-11-11	\N		1	t	No sol·licitat	170
107	72460713T	Alan	Ros Rivas	Mare	L'Armentera	Albanyà	55027	c/ de l'aviador Alan Ros Rivas	+34 XXXXLLL	alan@mailintaor.com	2025-11-11	\N		1	t	No sol·licitat	176
81	75863853T	Quim	Castillo Izquierdo	Mare	L'Armentera	Albanyà	54319	c/ de l'aviador Quim Castillo Izquierdo	+34 XXXXLLL	quim@mailintaor.com	2025-11-11	\N		1	t	No sol·licitat	137
83	77246411P	Roc	Ventura Fuentes	Mare	L'Armentera	Albanyà	16027	c/ de l'aviador Jaume Puig Heredia	+34 XXXXXXX	roc@mailintaor.com	2025-11-11	\N		1	t	No sol·licitat	140
100	79676134M	Judith	Mata Pujol	Pare	L'Armentera	Albanyà	90664	c/ de l'aviador Judith Mata Pujol	+34 XXXXLLL	judith@mailintaor.com	2025-11-11	\N		1	t	No sol·licitat	165
89	79180106M	Gabriel	Santamaria Soriano	Mare	L'Armentera	Albanyà	19599	c/ de l'aviador Ismael Rodriguez Bosch	+34 XXXXXXX	gabriel@mailintaor.com	2025-11-11	\N		1	t	No sol·licitat	149
75	75217189P	Ismael	Rodriguez Bosch	Pare	L'Armentera	Albanyà	13615	c/ de l'aviador Ismael Rodriguez Bosch	+34 XXXXLLL	ismael@mailintaor.com	2025-11-11	\N		1	t	No sol·licitat	128
111	76682646R	Ariadna	Salas Gallego	Pare	L'Armentera	Albanyà	48129	c/ de l'aviador Aleix Guerrero Garrido	+34 XXXXXXX	ariadna@mailintaor.com	2025-11-11	\N		1	t	No sol·licitat	182
127	72408268X	Valentina	Comas Muñoz	Pare	L'Armentera	Albanyà	72820	c/ de l'aviador Ivet Sancho Perez	+34 XXXXXXX	valentina@mailintaor.com	2025-11-11	\N		1	t	No sol·licitat	206
113	76931947R	Jaume	Luna Sanchez	Pare	L'Armentera	Albanyà	30808	c/ de l'aviador Alexandra Contreras Ibañez	+34 XXXXXXX	jaume@mailintaor.com	2025-11-11	\N		1	t	No sol·licitat	185
118	74453900R	Alan	Mesa Bermudez	Mare	L'Armentera	Albanyà	51129	c/ de l'aviador Alan Mesa Bermudez	+34 XXXXLLL	alan@mailintaor.com	2025-11-11	\N		1	t	No sol·licitat	192
115	71794575P	Arlet	Planas Sans	Pare	L'Armentera	Albanyà	37056	c/ de l'aviador Emma Gracia Asensio	+34 XXXXXXX	arlet@mailintaor.com	2025-11-11	\N		1	t	No sol·licitat	188
147	70958988D	Ona	Rueda Ortiz	Mare	L'Armentera	Albanyà	34335	c/ de l'aviador Malak Oliva Millan	+34 XXXXXXX	ona@mailintaor.com	2025-11-11	\N		1	t	No sol·licitat	236
146	77066575R	Lucía	Lazaro Sole	Pare	L'Armentera	Albanyà	92728	c/ de l'aviador Javier Sabate Galindo	+34 XXXXXXX	lucia@mailintaor.com	2025-11-11	\N		1	t	No sol·licitat	234
117	72985662D	Erik	Campos Montes	Mare	L'Armentera	Albanyà	62072	c/ de l'aviador Marina Rico Comas	+34 XXXXXXX	erik@mailintaor.com	2025-11-11	\N		1	t	No sol·licitat	191
114	70490597P	Inés	Pardo Bernal	Mare	L'Armentera	Albanyà	83150	c/ de l'aviador Inés Pardo Bernal	+34 XXXXLLL	ines@mailintaor.com	2025-11-11	\N		1	t	No sol·licitat	186
121	78342439Y	Pol	Benitez Morales	Mare	L'Armentera	Albanyà	03724	c/ de l'aviador Mario Escobar Vidal	+34 XXXXXXX	pol@mailintaor.com	2025-11-11	\N		1	t	No sol·licitat	197
119	73732697N	Leire	Aranda Maldonado	Pare	L'Armentera	Albanyà	63963	c/ de l'aviador Ismael Merino Serrano	+34 XXXXXXX	leire@mailintaor.com	2025-11-11	\N		1	t	No sol·licitat	194
145	79115255B	Mario	Escobar Vidal	Pare	L'Armentera	Albanyà	68152	c/ de l'aviador Mario Escobar Vidal	+34 XXXXLLL	mario@mailintaor.com	2025-11-11	\N		1	t	No sol·licitat	233
120	70355035X	Ismael	Merino Serrano	Pare	L'Armentera	Albanyà	22416	c/ de l'aviador Ismael Merino Serrano	+34 XXXXLLL	ismael@mailintaor.com	2025-11-11	\N		1	t	No sol·licitat	195
140	72891228F	Miquel	Blanco Garcia	Pare	L'Armentera	Albanyà	21059	c/ de l'aviador Judith Mateo Contreras	+34 XXXXXXX	miquel@mailintaor.com	2025-11-11	\N		1	t	No sol·licitat	225
137	75487488B	Antonio	Contreras Carbonell	Pare	L'Armentera	Albanyà	83748	c/ de l'aviador Antonio Contreras Carbonell	+34 XXXXLLL	antonio@mailintaor.com	2025-11-11	\N		1	t	No sol·licitat	221
122	74235511N	Jana	Mateu Mesa	Mare	L'Armentera	Albanyà	04093	c/ de l'aviador Jana Mateu Mesa	+34 XXXXLLL	jana@mailintaor.com	2025-11-11	\N		1	t	No sol·licitat	198
112	74577680P	Judith	Mateo Contreras	Mare	L'Armentera	Albanyà	68676	c/ de l'aviador Judith Mateo Contreras	+34 XXXXLLL	judith@mailintaor.com	2025-11-11	\N		1	t	No sol·licitat	183
123	74200038A	Adriana	Farre Alcaraz	Pare	L'Armentera	Albanyà	76123	c/ de l'aviador Andrea Lorenzo Martin	+34 XXXXXXX	adriana@mailintaor.com	2025-11-11	\N		1	t	No sol·licitat	200
124	77782979R	David	Bernal Miralles	Mare	L'Armentera	Albanyà	14452	c/ de l'aviador David Bernal Miralles	+34 XXXXLLL	david@mailintaor.com	2025-11-11	\N		1	t	No sol·licitat	201
131	79152035R	Guillem	Collado Piñol	Mare	L'Armentera	Albanyà	11785	c/ de l'aviador Emma Benitez Pacheco	+34 XXXXXXX	guillem@mailintaor.com	2025-11-11	\N		1	t	No sol·licitat	212
125	70582427Y	Lucía	Saez Cuevas	Mare	L'Armentera	Albanyà	06387	c/ de l'aviador Lola Navas Nadal	+34 XXXXXXX	lucia@mailintaor.com	2025-11-11	\N		1	t	No sol·licitat	203
126	74668866N	Lola	Navas Nadal	Pare	L'Armentera	Albanyà	56874	c/ de l'aviador Lola Navas Nadal	+34 XXXXLLL	lola@mailintaor.com	2025-11-11	\N		1	t	No sol·licitat	204
128	79555012G	Sergi	Ortiz Oliver	Pare	L'Armentera	Albanyà	84132	c/ de l'aviador Sergi Ortiz Oliver	+34 XXXXLLL	sergi@mailintaor.com	2025-11-11	\N		1	t	No sol·licitat	207
129	70565172W	Emma	Roca Castells	Mare	L'Armentera	Albanyà	66792	c/ de l'aviador Mohamed Moreno Lopez	+34 XXXXXXX	emma@mailintaor.com	2025-11-11	\N		1	t	No sol·licitat	209
134	78227799T	Iris	Prat Bueno	Pare	L'Armentera	Albanyà	15331	c/ de l'aviador Iris Prat Bueno	+34 XXXXLLL	iris@mailintaor.com	2025-11-11	\N		1	t	No sol·licitat	216
135	71750897X	Marina	Escobar Murillo	Pare	L'Armentera	Albanyà	97277	c/ de l'aviador Miquel Soler Merino	+34 XXXXXXX	marina@mailintaor.com	2025-11-11	\N		1	t	No sol·licitat	218
136	78157964R	Miquel	Soler Merino	Pare	L'Armentera	Albanyà	33540	c/ de l'aviador Miquel Soler Merino	+34 XXXXLLL	miquel@mailintaor.com	2025-11-11	\N		1	t	No sol·licitat	219
138	72969495R	Jan	Cano Silva	Mare	L'Armentera	Albanyà	82029	c/ de l'aviador Jan Cano Silva	+34 XXXXLLL	jan@mailintaor.com	2025-11-11	\N		1	t	No sol·licitat	222
139	70562251Y	Lola	Blanch Pascual	Mare	L'Armentera	Albanyà	63760	c/ de l'aviador Javier Espinosa Ramon	+34 XXXXXXX	lola@mailintaor.com	2025-11-11	\N		1	t	No sol·licitat	224
143	79044791F	Roc	Dalmau Calvo	Mare	L'Armentera	Albanyà	57252	c/ de l'aviador Iker Palau Gallardo	+34 XXXXXXX	roc@mailintaor.com	2025-11-11	\N		1	t	No sol·licitat	230
144	76063867D	Iker	Palau Gallardo	Mare	L'Armentera	Albanyà	89628	c/ de l'aviador Iker Palau Gallardo	+34 XXXXLLL	iker@mailintaor.com	2025-11-11	\N		1	t	No sol·licitat	231
116	73404813R	Marwa	Dalmau Aparicio	Mare	L'Armentera	Albanyà	33690	c/ de l'aviador Marwa Dalmau Aparicio	+34 XXXXLLL	marwa@mailintaor.com	2025-11-11	\N		1	t	No sol·licitat	189
133	74393786N	Leire	Aguilera Casanova	Mare	L'Armentera	Albanyà	11180	c/ de l'aviador Leire Aguilera Casanova	+34 XXXXLLL	leire@mailintaor.com	2025-11-11	\N		1	t	No sol·licitat	215
132	77504377W	Jana	Rojas Mesa	Mare	L'Armentera	Albanyà	65404	c/ de l'aviador Berta Segura Pascual	+34 XXXXXXX	jana@mailintaor.com	2025-11-11	\N		1	t	No sol·licitat	213
130	72853958P	Malak	Tomas Prieto	Pare	L'Armentera	Albanyà	50354	c/ de l'aviador Leire Andreu Egea	+34 XXXXXXX	malak@mailintaor.com	2025-11-11	\N		1	t	No sol·licitat	210
142	75954128A	Jaume	Puig Heredia	Mare	L'Armentera	Albanyà	86513	c/ de l'aviador Jaume Puig Heredia	+34 XXXXLLL	jaume@mailintaor.com	2025-11-11	\N		1	t	No sol·licitat	228
148	71743790R	Berta	Santiago Duran	Pare	L'Armentera	Albanyà	30282	c/ de l'aviador Berta Santiago Duran	+34 XXXXLLL	berta@mailintaor.com	2025-11-11	\N		1	t	No sol·licitat	237
150	77514334R	Helena	Jurado Iglesias	Mare	L'Armentera	Albanyà	35400	c/ de l'aviador Helena Jurado Iglesias	+34 XXXXLLL	helena@mailintaor.com	2025-11-11	\N		1	t	No sol·licitat	240
152	76548512R	Laura	Juan Gracia	Mare	L'Armentera	Albanyà	98188	c/ de l'aviador Laura Juan Gracia	+34 XXXXLLL	laura@mailintaor.com	2025-11-11	\N		1	t	No sol·licitat	243
149	78501236P	Dídac	Carmona Galvez	Pare	L'Armentera	Albanyà	87314	c/ de l'aviador Queralt Cabrera Marco	+34 XXXXXXX	didac@mailintaor.com	2025-11-11	\N		1	t	No sol·licitat	239
151	71796413T	Gabriel	Miro Pla	Pare	L'Armentera	Albanyà	10173	c/ de l'aviador Ariadna Molina Marcos	+34 XXXXXXX	gabriel@mailintaor.com	2025-11-11	\N		1	t	No sol·licitat	242
178	78924809W	Malak	Egea Sans	Pare	L'Armentera	Albanyà	36236	c/ de l'aviador Inés Pardo Bernal	+34 XXXXXXX	malak@mailintaor.com	2025-11-11	\N		1	t	No sol·licitat	290
153	78744480D	Lucía	Galindo Rivas	Pare	L'Armentera	Albanyà	56472	c/ de l'aviador Mar Gallardo Sierra	+34 XXXXXXX	lucia@mailintaor.com	2025-11-11	\N		1	t	No sol·licitat	246
176	79088897G	Jordi	Escudero Bueno	Mare	L'Armentera	Albanyà	49272	c/ de l'aviador Jordi Escudero Bueno	+34 XXXXLLL	jordi@mailintaor.com	2025-11-11	\N		1	t	No sol·licitat	287
164	71201692A	Marc	Sola Ramos	Mare	L'Armentera	Albanyà	94925	c/ de l'aviador Oriol Diez Delgado	+34 XXXXXXX	marc@mailintaor.com	2025-11-11	\N		1	t	No sol·licitat	267
155	76295692M	Miguel	Pastor Salazar	Pare	L'Armentera	Albanyà	40300	c/ de l'aviador Eloi Castells Ventura	+34 XXXXXXX	miguel@mailintaor.com	2025-11-11	\N		1	t	No sol·licitat	253
156	79810802Y	Sergio	Farre Vega	Pare	L'Armentera	Albanyà	43435	c/ de l'aviador José Abad Sala	+34 XXXXXXX	sergio@mailintaor.com	2025-11-11	\N		1	t	No sol·licitat	254
169	78468388B	Hugo	Bonet Carrillo	Mare	L'Armentera	Albanyà	47659	c/ de l'aviador Sergi Marin Garrido	+34 XXXXXXX	hugo@mailintaor.com	2025-11-11	\N		1	t	No sol·licitat	275
157	78587298X	Mohamed	Rodriguez Galan	Mare	L'Armentera	Albanyà	67094	c/ de l'aviador Marwa Jurado Alsina	+34 XXXXXXX	mohamed@mailintaor.com	2025-11-11	\N		1	t	No sol·licitat	257
180	76543027W	Adrián	Beltran Marin	Pare	L'Armentera	Albanyà	05746	c/ de l'aviador David Bernal Miralles	+34 XXXXXXX	adrian@mailintaor.com	2025-11-11	\N		1	t	No sol·licitat	293
158	72186985T	Marwa	Jurado Alsina	Mare	L'Armentera	Albanyà	06340	c/ de l'aviador Marwa Jurado Alsina	+34 XXXXLLL	marwa@mailintaor.com	2025-11-11	\N		1	t	No sol·licitat	258
170	77703905Y	Marta	Alcaraz Valero	Mare	L'Armentera	Albanyà	73741	c/ de l'aviador Marta Alcaraz Valero	+34 XXXXLLL	marta@mailintaor.com	2025-11-11	\N		1	t	No sol·licitat	276
159	70972655T	Iris	Lozano Muñoz	Mare	L'Armentera	Albanyà	33777	c/ de l'aviador Quim Ramos Ortiz	+34 XXXXXXX	iris@mailintaor.com	2025-11-11	\N		1	t	No sol·licitat	260
160	78886817D	Quim	Ramos Ortiz	Mare	L'Armentera	Albanyà	53857	c/ de l'aviador Quim Ramos Ortiz	+34 XXXXLLL	quim@mailintaor.com	2025-11-11	\N		1	t	No sol·licitat	261
161	70963418Y	Elsa	Cabello Quesada	Pare	L'Armentera	Albanyà	56729	c/ de l'aviador Nerea Llorens Manzano	+34 XXXXXXX	elsa@mailintaor.com	2025-11-11	\N		1	t	No sol·licitat	263
162	75902122X	Nerea	Llorens Manzano	Mare	L'Armentera	Albanyà	35503	c/ de l'aviador Nerea Llorens Manzano	+34 XXXXLLL	nerea@mailintaor.com	2025-11-11	\N		1	t	No sol·licitat	264
163	79608254B	Aya	Exposito Dominguez	Mare	L'Armentera	Albanyà	45845	c/ de l'aviador Mar Flores Contreras	+34 XXXXXXX	aya@mailintaor.com	2025-11-11	\N		1	t	No sol·licitat	266
165	77694174N	Lucas	Santiago Linares	Pare	L'Armentera	Albanyà	76330	c/ de l'aviador Arlet Roig Figueras	+34 XXXXXXX	lucas@mailintaor.com	2025-11-11	\N		1	t	No sol·licitat	269
166	78834379T	Arlet	Roig Figueras	Mare	L'Armentera	Albanyà	75343	c/ de l'aviador Arlet Roig Figueras	+34 XXXXLLL	arlet@mailintaor.com	2025-11-11	\N		1	t	No sol·licitat	270
167	78922871R	Antonio	Vila Carreras	Mare	L'Armentera	Albanyà	17045	c/ de l'aviador Eva Royo Linares	+34 XXXXXXX	antonio@mailintaor.com	2025-11-11	\N		1	t	No sol·licitat	272
168	70034601T	Eva	Royo Linares	Pare	L'Armentera	Albanyà	94737	c/ de l'aviador Eva Royo Linares	+34 XXXXLLL	eva@mailintaor.com	2025-11-11	\N		1	t	No sol·licitat	273
171	73195749A	Joel	Grau Roman	Mare	L'Armentera	Albanyà	00979	c/ de l'aviador Alan Guerrero Peña	+34 XXXXXXX	joel@mailintaor.com	2025-11-11	\N		1	t	No sol·licitat	278
172	73301452A	Alan	Guerrero Peña	Mare	L'Armentera	Albanyà	61774	c/ de l'aviador Alan Guerrero Peña	+34 XXXXLLL	alan@mailintaor.com	2025-11-11	\N		1	t	No sol·licitat	279
173	73739972F	Hugo	Abad Martinez	Mare	L'Armentera	Albanyà	52134	c/ de l'aviador Joan Montes Millan	+34 XXXXXXX	hugo@mailintaor.com	2025-11-11	\N		1	t	No sol·licitat	282
174	79664244X	Joan	Montes Millan	Mare	L'Armentera	Albanyà	55281	c/ de l'aviador Joan Montes Millan	+34 XXXXLLL	joan@mailintaor.com	2025-11-11	\N		1	t	No sol·licitat	283
175	77227799N	Sergio	Serra Casals	Pare	L'Armentera	Albanyà	17358	c/ de l'aviador Jana Navarro Martinez	+34 XXXXXXX	sergio@mailintaor.com	2025-11-11	\N		1	t	No sol·licitat	286
177	73031316F	Arnau	Rojas Acosta	Mare	L'Armentera	Albanyà	80854	c/ de l'aviador Hugo Vargas Planas	+34 XXXXXXX	arnau@mailintaor.com	2025-11-11	\N		1	t	No sol·licitat	289
179	73066907G	Javier	Grau Miranda	Mare	L'Armentera	Albanyà	94873	c/ de l'aviador Salma Vila Santamaria	+34 XXXXXXX	javier@mailintaor.com	2025-11-11	\N		1	t	No sol·licitat	292
181	70173086D	Leo	Castaño Jurado	Mare	L'Armentera	Albanyà	72619	c/ de l'aviador Isaac Aguilera Nieto	+34 XXXXXXX	leo@mailintaor.com	2025-11-11	\N		1	t	No sol·licitat	297
182	79813209P	Isaac	Aguilera Nieto	Pare	L'Armentera	Albanyà	02571	c/ de l'aviador Isaac Aguilera Nieto	+34 XXXXLLL	isaac@mailintaor.com	2025-11-11	\N		1	t	No sol·licitat	298
183	78646290P	Judith	Marti Cuevas	Mare	L'Armentera	Albanyà	63104	c/ de l'aviador Dídac Mendez Pla	+34 XXXXXXX	judith@mailintaor.com	2025-11-11	\N		1	t	No sol·licitat	301
154	73189595B	Blanca	Nuñez Casanova	Pare	L'Armentera	Albanyà	15145	c/ de l'aviador Elsa Reyes Moreno	+34 XXXXXXX	blanca@mailintaor.com	2025-11-11	\N		1	t	No sol·licitat	247
141	75967376G	Adam	Estrada Gracia	Pare	L'Armentera	Albanyà	62737	c/ de l'aviador Judith Mata Pujol	+34 XXXXXXX	adam@mailintaor.com	2025-11-11	\N		1	t	No sol·licitat	227
184	79698628D	Dídac	Mendez Pla	Mare	L'Armentera	Albanyà	41128	c/ de l'aviador Dídac Mendez Pla	+34 XXXXLLL	didac@mailintaor.com	2025-11-11	\N		1	t	No sol·licitat	302
239	74779376D	Aitor	Vargas Alba	Mare	L'Armentera	Albanyà	14825	c/ de l'aviador Laura Galvez Villanueva	+34 XXXXXXX	aitor@mailintaor.com	2025-11-11	\N		1	t	No sol·licitat	400
185	76737289M	Axel	Delgado Valles	Pare	L'Armentera	Albanyà	18894	c/ de l'aviador Mohamed Soler Cruz	+34 XXXXXXX	axel@mailintaor.com	2025-11-11	\N		1	t	No sol·licitat	305
191	76349193B	Daniela	Roldan Colomer	Mare	L'Armentera	Albanyà	96972	c/ de l'aviador Aitor Duran Viñas	+34 XXXXXXX	daniela@mailintaor.com	2025-11-11	\N		1	t	No sol·licitat	315
186	71208102G	Mohamed	Soler Cruz	Pare	L'Armentera	Albanyà	23958	c/ de l'aviador Mohamed Soler Cruz	+34 XXXXLLL	mohamed@mailintaor.com	2025-11-11	\N		1	t	No sol·licitat	306
208	74304550P	Rayan	Galindo Guzman	Pare	L'Armentera	Albanyà	42664	c/ de l'aviador Rayan Galindo Guzman	+34 XXXXLLL	rayan@mailintaor.com	2025-11-11	\N		1	t	No sol·licitat	342
187	76808255G	Axel	Izquierdo Guzman	Pare	L'Armentera	Albanyà	30879	c/ de l'aviador Ismael Morales Escobar	+34 XXXXXXX	axel@mailintaor.com	2025-11-11	\N		1	t	No sol·licitat	308
205	72733358D	Queralt	Martin Planas	Pare	L'Armentera	Albanyà	15332	c/ de l'aviador Queralt Martin Planas	+34 XXXXLLL	queralt@mailintaor.com	2025-11-11	\N		1	t	No sol·licitat	338
188	76551234Y	Ismael	Morales Escobar	Pare	L'Armentera	Albanyà	37562	c/ de l'aviador Ismael Morales Escobar	+34 XXXXLLL	ismael@mailintaor.com	2025-11-11	\N		1	t	No sol·licitat	309
189	77942112R	Helena	Padilla Medina	Pare	L'Armentera	Albanyà	81906	c/ de l'aviador Jordi Hernandez Valencia	+34 XXXXXXX	helena@mailintaor.com	2025-11-11	\N		1	t	No sol·licitat	311
192	75818848R	Judith	Egea Rivas	Pare	L'Armentera	Albanyà	51014	c/ de l'aviador Judith Egea Rivas	+34 XXXXLLL	judith@mailintaor.com	2025-11-11	\N		1	t	No sol·licitat	316
203	77533144T	Nora	Grau Prat	Pare	L'Armentera	Albanyà	26685	c/ de l'aviador Marta Alcaraz Valero	+34 XXXXXXX	nora@mailintaor.com	2025-11-11	\N		1	t	No sol·licitat	335
193	75711919X	Ana	Quesada Montes	Pare	L'Armentera	Albanyà	21594	c/ de l'aviador Ona Muñoz Soriano	+34 XXXXXXX	ana@mailintaor.com	2025-11-11	\N		1	t	No sol·licitat	318
194	77999792T	Ona	Muñoz Soriano	Pare	L'Armentera	Albanyà	88154	c/ de l'aviador Ona Muñoz Soriano	+34 XXXXLLL	ona@mailintaor.com	2025-11-11	\N		1	t	No sol·licitat	319
195	72500219N	Valentina	Mateo Montes	Mare	L'Armentera	Albanyà	66025	c/ de l'aviador Sergio Llorens Bernal	+34 XXXXXXX	valentina@mailintaor.com	2025-11-11	\N		1	t	No sol·licitat	321
197	73901743Y	Marcos	Diez Carbonell	Pare	L'Armentera	Albanyà	82850	c/ de l'aviador Pablo Ramirez Manzano	+34 XXXXXXX	marcos@mailintaor.com	2025-11-11	\N		1	t	No sol·licitat	324
198	76376452D	Pablo	Ramirez Manzano	Pare	L'Armentera	Albanyà	36372	c/ de l'aviador Pablo Ramirez Manzano	+34 XXXXLLL	pablo@mailintaor.com	2025-11-11	\N		1	t	No sol·licitat	325
199	76435635A	Jana	Tomas Medina	Pare	L'Armentera	Albanyà	34355	c/ de l'aviador Judith Macias Rivera	+34 XXXXXXX	jana@mailintaor.com	2025-11-11	\N		1	t	No sol·licitat	328
200	73588535F	Judith	Macias Rivera	Pare	L'Armentera	Albanyà	34887	c/ de l'aviador Judith Macias Rivera	+34 XXXXLLL	judith@mailintaor.com	2025-11-11	\N		1	t	No sol·licitat	329
201	77441824M	Valentina	Paredes Egea	Pare	L'Armentera	Albanyà	14255	c/ de l'aviador Andrea Guerra Pastor	+34 XXXXXXX	valentina@mailintaor.com	2025-11-11	\N		1	t	No sol·licitat	331
202	72272194F	Andrea	Guerra Pastor	Pare	L'Armentera	Albanyà	77462	c/ de l'aviador Andrea Guerra Pastor	+34 XXXXLLL	andrea@mailintaor.com	2025-11-11	\N		1	t	No sol·licitat	332
204	78775946W	Mohamed	Pereira Romero	Pare	L'Armentera	Albanyà	97677	c/ de l'aviador Mohamed Pereira Romero	+34 XXXXLLL	mohamed@mailintaor.com	2025-11-11	\N		1	t	No sol·licitat	336
206	70884050A	Ayman	Simon Blasco	Pare	L'Armentera	Albanyà	96286	c/ de l'aviador Ayman Simon Blasco	+34 XXXXLLL	ayman@mailintaor.com	2025-11-11	\N		1	t	No sol·licitat	339
207	74293191B	Martí	Muñoz Roig	Mare	L'Armentera	Albanyà	78125	c/ de l'aviador Pablo Iglesias Ribas	+34 XXXXXXX	marti@mailintaor.com	2025-11-11	\N		1	t	No sol·licitat	341
196	74889211F	Leire	Andreu Egea	Mare	L'Armentera	Albanyà	47334	c/ de l'aviador Leire Andreu Egea	+34 XXXXLLL	leire@mailintaor.com	2025-11-11	\N		1	t	No sol·licitat	322
209	71269246D	Ona	Valle Luna	Mare	L'Armentera	Albanyà	75330	c/ de l'aviador Carla Pla Collado	+34 XXXXXXX	ona@mailintaor.com	2025-11-11	\N		1	t	No sol·licitat	345
210	76713497A	Carla	Pla Collado	Mare	L'Armentera	Albanyà	87700	c/ de l'aviador Carla Pla Collado	+34 XXXXLLL	carla@mailintaor.com	2025-11-11	\N		1	t	No sol·licitat	346
211	71302450B	Mireia	Calvo Mateo	Pare	L'Armentera	Albanyà	40565	c/ de l'aviador Mohamed Bautista Martinez	+34 XXXXXXX	mireia@mailintaor.com	2025-11-11	\N		1	t	No sol·licitat	348
212	71842912B	Mohamed	Bautista Martinez	Pare	L'Armentera	Albanyà	45048	c/ de l'aviador Mohamed Bautista Martinez	+34 XXXXLLL	mohamed@mailintaor.com	2025-11-11	\N		1	t	No sol·licitat	349
213	75070016P	Leo	Rivas Pardo	Pare	L'Armentera	Albanyà	90015	c/ de l'aviador Valentina Sala Silva	+34 XXXXXXX	leo@mailintaor.com	2025-11-11	\N		1	t	No sol·licitat	351
214	76383031X	Valentina	Sala Silva	Mare	L'Armentera	Albanyà	14450	c/ de l'aviador Valentina Sala Silva	+34 XXXXLLL	valentina@mailintaor.com	2025-11-11	\N		1	t	No sol·licitat	352
215	77277774W	Naiara	Llorens Collado	Pare	L'Armentera	Albanyà	99758	c/ de l'aviador Lucía Castells Ribas	+34 XXXXXXX	naiara@mailintaor.com	2025-11-11	\N		1	t	No sol·licitat	354
216	71786310B	Lucía	Castells Ribas	Mare	L'Armentera	Albanyà	90970	c/ de l'aviador Lucía Castells Ribas	+34 XXXXLLL	lucia@mailintaor.com	2025-11-11	\N		1	t	No sol·licitat	355
217	78739035B	Anna	Simon Montoya	Mare	L'Armentera	Albanyà	44913	c/ de l'aviador Blanca Alarcon Oliver	+34 XXXXXXX	anna@mailintaor.com	2025-11-11	\N		1	t	No sol·licitat	357
218	77191581N	Blanca	Alarcon Oliver	Mare	L'Armentera	Albanyà	11092	c/ de l'aviador Blanca Alarcon Oliver	+34 XXXXLLL	blanca@mailintaor.com	2025-11-11	\N		1	t	No sol·licitat	358
219	79729295D	Jaume	Miranda Exposito	Pare	L'Armentera	Albanyà	15212	c/ de l'aviador Biel Palau Macias	+34 XXXXXXX	jaume@mailintaor.com	2025-11-11	\N		1	t	No sol·licitat	361
220	74875422B	Ayman	Guerra Singh	Mare	L'Armentera	Albanyà	13209	c/ de l'aviador Ayman Guerra Singh	+34 XXXXLLL	ayman@mailintaor.com	2025-11-11	\N		1	t	No sol·licitat	362
237	74434437N	Carlos	Campos Villanueva	Mare	L'Armentera	Albanyà	78222	c/ de l'aviador Alan Gonzalez Prat	+34 XXXXXXX	carlos@mailintaor.com	2025-11-11	\N		1	t	No sol·licitat	397
221	76800821Y	Miguel	Duran Galan	Pare	L'Armentera	Albanyà	71741	c/ de l'aviador Daniela Soto Lopez	+34 XXXXXXX	miguel@mailintaor.com	2025-11-11	\N		1	t	No sol·licitat	365
222	72511002M	Daniela	Soto Lopez	Pare	L'Armentera	Albanyà	22324	c/ de l'aviador Daniela Soto Lopez	+34 XXXXLLL	daniela@mailintaor.com	2025-11-11	\N		1	t	No sol·licitat	366
240	74907038B	Laura	Galvez Villanueva	Pare	L'Armentera	Albanyà	82651	c/ de l'aviador Laura Galvez Villanueva	+34 XXXXLLL	laura@mailintaor.com	2025-11-11	\N		1	t	No sol·licitat	401
223	72349350P	Roc	Esteve Ramirez	Pare	L'Armentera	Albanyà	92864	c/ de l'aviador Javier Rey Exposito	+34 XXXXXXX	roc@mailintaor.com	2025-11-11	\N		1	t	No sol·licitat	368
224	78609659B	Javier	Rey Exposito	Mare	L'Armentera	Albanyà	20593	c/ de l'aviador Javier Rey Exposito	+34 XXXXLLL	javier@mailintaor.com	2025-11-11	\N		1	t	No sol·licitat	369
225	72101234X	Salma	Roman Puig	Mare	L'Armentera	Albanyà	28432	c/ de l'aviador Ismael Puig Gutierrez	+34 XXXXXXX	salma@mailintaor.com	2025-11-11	\N		1	t	No sol·licitat	372
226	72967701R	Ismael	Puig Gutierrez	Mare	L'Armentera	Albanyà	86748	c/ de l'aviador Ismael Puig Gutierrez	+34 XXXXLLL	ismael@mailintaor.com	2025-11-11	\N		1	t	No sol·licitat	373
242	75011792B	Arnau	Crespo Pereira	Pare	L'Armentera	Albanyà	81558	c/ de l'aviador Arnau Crespo Pereira	+34 XXXXLLL	arnau@mailintaor.com	2025-11-11	\N		1	t	No sol·licitat	404
190	75070318B	Ivet	Sancho Perez	Pare	L'Armentera	Albanyà	00200	c/ de l'aviador Ivet Sancho Perez	+34 XXXXLLL	ivet@mailintaor.com	2025-11-11	\N		1	t	No sol·licitat	312
228	79982637F	Aleix	Ferre Romero	Pare	L'Armentera	Albanyà	80825	c/ de l'aviador Aleix Ferre Romero	+34 XXXXLLL	aleix@mailintaor.com	2025-11-11	\N		1	t	No sol·licitat	376
229	72888095F	Joana	Soriano Romero	Pare	L'Armentera	Albanyà	96221	c/ de l'aviador Oriol Cano Lazaro	+34 XXXXXXX	joana@mailintaor.com	2025-11-11	\N		1	t	No sol·licitat	379
230	75325965T	Oriol	Cano Lazaro	Pare	L'Armentera	Albanyà	29186	c/ de l'aviador Oriol Cano Lazaro	+34 XXXXLLL	oriol@mailintaor.com	2025-11-11	\N		1	t	No sol·licitat	380
231	76171879G	Andrea	Vicente Ventura	Mare	L'Armentera	Albanyà	06239	c/ de l'aviador Marta Bonet Bravo	+34 XXXXXXX	andrea@mailintaor.com	2025-11-11	\N		1	t	No sol·licitat	385
244	79325728R	Pablo	Vazquez Garrido	Pare	L'Armentera	Albanyà	66817	c/ de l'aviador Pablo Vazquez Garrido	+34 XXXXLLL	pablo@mailintaor.com	2025-11-11	\N		1	t	No sol·licitat	408
232	79153925Y	Marta	Bonet Bravo	Pare	L'Armentera	Albanyà	37165	c/ de l'aviador Marta Bonet Bravo	+34 XXXXLLL	marta@mailintaor.com	2025-11-11	\N		1	t	No sol·licitat	386
233	70111958F	Iris	Oliver Rubio	Pare	L'Armentera	Albanyà	21218	c/ de l'aviador Isaac Cano Arroyo	+34 XXXXXXX	iris@mailintaor.com	2025-11-11	\N		1	t	No sol·licitat	391
235	74822326F	Alejandro	Hernandez Casas	Pare	L'Armentera	Albanyà	79828	c/ de l'aviador Bruno Montero Soto	+34 XXXXXXX	alejandro@mailintaor.com	2025-11-11	\N		1	t	No sol·licitat	394
247	75282391W	Pau	Garcia Mesa	Mare	L'Armentera	Albanyà	60486	c/ de l'aviador Lucas Ruiz Valls	+34 XXXXXXX	pau@mailintaor.com	2025-11-11	\N		1	t	No sol·licitat	414
248	74461153T	Lucas	Ruiz Valls	Pare	L'Armentera	Albanyà	66871	c/ de l'aviador Lucas Ruiz Valls	+34 XXXXLLL	lucas@mailintaor.com	2025-11-11	\N		1	t	No sol·licitat	415
249	71795422X	Inés	Rosell Millan	Mare	L'Armentera	Albanyà	31308	c/ de l'aviador Valentina Herrera Castro	+34 XXXXXXX	ines@mailintaor.com	2025-11-11	\N		1	t	No sol·licitat	417
250	73767617R	Valentina	Herrera Castro	Mare	L'Armentera	Albanyà	85405	c/ de l'aviador Valentina Herrera Castro	+34 XXXXLLL	valentina@mailintaor.com	2025-11-11	\N		1	t	No sol·licitat	418
251	76397842R	Miguel	Prat Costa	Mare	L'Armentera	Albanyà	78860	c/ de l'aviador Mohamed Sabate Manzano	+34 XXXXXXX	miguel@mailintaor.com	2025-11-11	\N		1	t	No sol·licitat	420
252	78998875F	Mohamed	Sabate Manzano	Mare	L'Armentera	Albanyà	12078	c/ de l'aviador Mohamed Sabate Manzano	+34 XXXXLLL	mohamed@mailintaor.com	2025-11-11	\N		1	t	No sol·licitat	421
254	78105012B	Valentina	Pastor Calvo	Mare	L'Armentera	Albanyà	14518	c/ de l'aviador Valentina Pastor Calvo	+34 XXXXLLL	valentina@mailintaor.com	2025-11-11	\N		1	t	No sol·licitat	425
246	70569430D	Laura	Bertran Martin	Mare	L'Armentera	Albanyà	39981	c/ de l'aviador Aleix Ordoñez Parra	+34 XXXXXXX	laura@mailintaor.com	2025-11-11	\N		1	t	No sol·licitat	411
95	71569960F	Adam	Domingo Esteban	Pare	L'Armentera	Albanyà	04388	c/ de l'aviador Adriana Nieto Campos	+34 XXXXXXX	adam@mailintaor.com	2025-11-11	\N		1	t	No sol·licitat	158
245	71025808D	Adriana	Nieto Campos	Mare	L'Armentera	Albanyà	26594	c/ de l'aviador Adriana Nieto Campos	+34 XXXXLLL	adriana@mailintaor.com	2025-11-11	\N		1	t	No sol·licitat	410
255	78889234P	Alba	Valero Sancho	Pare	L'Armentera	Albanyà	30158	c/ de l'aviador Izan Ramirez Acosta	+34 XXXXXXX	alba@mailintaor.com	2025-11-11	\N		1	t	No sol·licitat	429
241	79375551P	Marina	Ruiz Prats	Pare	L'Armentera	Albanyà	43153	c/ de l'aviador Laura Juan Gracia	+34 XXXXXXX	marina@mailintaor.com	2025-11-11	\N		1	t	No sol·licitat	403
57	74066245Y	Ainhoa	Benito Andres	Mare	L'Armentera	Albanyà	40444	c/ de l'aviador Roger Figueras Mesa	+34 XXXXXXX	ainhoa@mailintaor.com	2025-11-11	\N		1	t	No sol·licitat	101
243	71429616B	Roger	Figueras Mesa	Pare	L'Armentera	Albanyà	23239	c/ de l'aviador Roger Figueras Mesa	+34 XXXXLLL	roger@mailintaor.com	2025-11-11	\N		1	t	No sol·licitat	407
227	77495453D	Aitor	Duran Viñas	Pare	L'Armentera	Albanyà	55025	c/ de l'aviador Aitor Duran Viñas	+34 XXXXLLL	aitor@mailintaor.com	2025-11-11	\N		1	t	No sol·licitat	375
234	73750621D	Nerea	Borras Peña	Pare	L'Armentera	Albanyà	09283	c/ de l'aviador Andrea Vega Rivas	+34 XXXXXXX	nerea@mailintaor.com	2025-11-11	\N		1	t	No sol·licitat	392
253	70500536W	Andrea	Vega Rivas	Pare	L'Armentera	Albanyà	40297	c/ de l'aviador Andrea Vega Rivas	+34 XXXXLLL	andrea@mailintaor.com	2025-11-11	\N		1	t	No sol·licitat	424
236	71542091X	Ferran	Ramon Busquets	Mare	L'Armentera	Albanyà	70084	c/ de l'aviador Ferran Ramon Busquets	+34 XXXXLLL	ferran@mailintaor.com	2025-11-11	\N		1	t	No sol·licitat	395
257	76430094T	Alan	Aranda Arenas	Mare	L'Armentera	Albanyà	00390	c/ de l'aviador Clara Vera Peña	+34 XXXXXXX	alan@mailintaor.com	2025-11-11	\N		1	t	No sol·licitat	432
258	79981906G	Clara	Vera Peña	Mare	L'Armentera	Albanyà	45696	c/ de l'aviador Clara Vera Peña	+34 XXXXLLL	clara@mailintaor.com	2025-11-11	\N		1	t	No sol·licitat	433
259	71924336A	Pau	Pacheco Esteve	Mare	L'Armentera	Albanyà	93541	c/ de l'aviador Nora Ramirez Salvador	+34 XXXXXXX	pau@mailintaor.com	2025-11-11	\N		1	t	No sol·licitat	435
260	79404830B	Nora	Ramirez Salvador	Mare	L'Armentera	Albanyà	69791	c/ de l'aviador Nora Ramirez Salvador	+34 XXXXLLL	nora@mailintaor.com	2025-11-11	\N		1	t	No sol·licitat	436
261	78280011G	Salma	Rey Castaño	Mare	L'Armentera	Albanyà	64503	c/ de l'aviador Ayman Cuevas Ortiz	+34 XXXXXXX	salma@mailintaor.com	2025-11-11	\N		1	t	No sol·licitat	439
262	70918927R	Ayman	Cuevas Ortiz	Pare	L'Armentera	Albanyà	29949	c/ de l'aviador Ayman Cuevas Ortiz	+34 XXXXLLL	ayman@mailintaor.com	2025-11-11	\N		1	t	No sol·licitat	440
263	78048498P	Max	Sala Escobar	Pare	L'Armentera	Albanyà	94113	c/ de l'aviador Mar Valle Santos	+34 XXXXXXX	max@mailintaor.com	2025-11-11	\N		1	t	No sol·licitat	443
264	70163858B	Mar	Valle Santos	Mare	L'Armentera	Albanyà	86565	c/ de l'aviador Mar Valle Santos	+34 XXXXLLL	mar@mailintaor.com	2025-11-11	\N		1	t	No sol·licitat	444
265	77894093G	Carla	Collado Medina	Pare	L'Armentera	Albanyà	59114	c/ de l'aviador Lucas Rivas Rosell	+34 XXXXXXX	carla@mailintaor.com	2025-11-11	\N		1	t	No sol·licitat	446
266	72374235B	Lucas	Rivas Rosell	Pare	L'Armentera	Albanyà	94556	c/ de l'aviador Lucas Rivas Rosell	+34 XXXXLLL	lucas@mailintaor.com	2025-11-11	\N		1	t	No sol·licitat	447
267	78837079D	Víctor	Roman Beltran	Pare	L'Armentera	Albanyà	15399	c/ de l'aviador David Sala Aranda	+34 XXXXXXX	victor@mailintaor.com	2025-11-11	\N		1	t	No sol·licitat	450
269	76880759F	Pau	Sanz Paredes	Mare	L'Armentera	Albanyà	94857	c/ de l'aviador Laura Maldonado Acosta	+34 XXXXXXX	pau@mailintaor.com	2025-11-11	\N		1	t	No sol·licitat	454
270	74771652F	Laura	Maldonado Acosta	Mare	L'Armentera	Albanyà	04989	c/ de l'aviador Laura Maldonado Acosta	+34 XXXXLLL	laura@mailintaor.com	2025-11-11	\N		1	t	No sol·licitat	455
271	78613223T	Gabriel	Paredes Aguilar	Mare	L'Armentera	Albanyà	97405	c/ de l'aviador Leire Murillo Pages	+34 XXXXXXX	gabriel@mailintaor.com	2025-11-11	\N		1	t	No sol·licitat	458
272	71045822A	Leire	Murillo Pages	Mare	L'Armentera	Albanyà	27467	c/ de l'aviador Leire Murillo Pages	+34 XXXXLLL	leire@mailintaor.com	2025-11-11	\N		1	t	No sol·licitat	459
273	71192964B	Naiara	Alcaraz Izquierdo	Pare	L'Armentera	Albanyà	07527	c/ de l'aviador Adrián Rios Tomas	+34 XXXXXXX	naiara@mailintaor.com	2025-11-11	\N		1	t	No sol·licitat	463
274	75425568X	Adrián	Rios Tomas	Pare	L'Armentera	Albanyà	21637	c/ de l'aviador Adrián Rios Tomas	+34 XXXXLLL	adrian@mailintaor.com	2025-11-11	\N		1	t	No sol·licitat	464
275	73777601R	Daniel	Caballero Mora	Mare	L'Armentera	Albanyà	89830	c/ de l'aviador Ayman Martinez Carreras	+34 XXXXXXX	daniel@mailintaor.com	2025-11-11	\N		1	t	No sol·licitat	467
276	74561270G	Ayman	Martinez Carreras	Mare	L'Armentera	Albanyà	25511	c/ de l'aviador Ayman Martinez Carreras	+34 XXXXLLL	ayman@mailintaor.com	2025-11-11	\N		1	t	No sol·licitat	468
277	78521700X	Joana	Garrido Murillo	Mare	L'Armentera	Albanyà	15364	c/ de l'aviador Naiara Andreu Gil	+34 XXXXXXX	joana@mailintaor.com	2025-11-11	\N		1	t	No sol·licitat	472
278	73036730T	Naiara	Andreu Gil	Mare	L'Armentera	Albanyà	79820	c/ de l'aviador Naiara Andreu Gil	+34 XXXXLLL	naiara@mailintaor.com	2025-11-11	\N		1	t	No sol·licitat	473
279	76319706P	Nil	Prats Prats	Pare	L'Armentera	Albanyà	93232	c/ de l'aviador Samuel Alonso Lorenzo	+34 XXXXXXX	nil@mailintaor.com	2025-11-11	\N		1	t	No sol·licitat	476
280	76320816T	Samuel	Alonso Lorenzo	Mare	L'Armentera	Albanyà	77374	c/ de l'aviador Samuel Alonso Lorenzo	+34 XXXXLLL	samuel@mailintaor.com	2025-11-11	\N		1	t	No sol·licitat	477
281	74818712F	Xavier	Pozo Hidalgo	Mare	L'Armentera	Albanyà	72451	c/ de l'aviador Xavi Ortiz Andreu	+34 XXXXXXX	xavier@mailintaor.com	2025-11-11	\N		1	t	No sol·licitat	479
282	73422911A	Xavi	Ortiz Andreu	Mare	L'Armentera	Albanyà	45228	c/ de l'aviador Xavi Ortiz Andreu	+34 XXXXLLL	xavi@mailintaor.com	2025-11-11	\N		1	t	No sol·licitat	480
283	73954742G	Aya	Capdevila Mateu	Pare	L'Armentera	Albanyà	19991	c/ de l'aviador Judith Sancho Ferrer	+34 XXXXXXX	aya@mailintaor.com	2025-11-11	\N		1	t	No sol·licitat	482
284	72756281T	Judith	Sancho Ferrer	Pare	L'Armentera	Albanyà	60541	c/ de l'aviador Judith Sancho Ferrer	+34 XXXXLLL	judith@mailintaor.com	2025-11-11	\N		1	t	No sol·licitat	483
285	74493942A	Jaume	Sanz Segura	Pare	L'Armentera	Albanyà	09047	c/ de l'aviador Ferran Caballero Casanova	+34 XXXXXXX	jaume@mailintaor.com	2025-11-11	\N		1	t	No sol·licitat	486
286	70618743T	Ferran	Caballero Casanova	Mare	L'Armentera	Albanyà	81875	c/ de l'aviador Ferran Caballero Casanova	+34 XXXXLLL	ferran@mailintaor.com	2025-11-11	\N		1	t	No sol·licitat	487
287	79679638N	Bernat	Gonzalez Valles	Pare	L'Armentera	Albanyà	41582	c/ de l'aviador Albert Badia Valero	+34 XXXXXXX	bernat@mailintaor.com	2025-11-11	\N		1	t	No sol·licitat	489
288	79167268B	Albert	Badia Valero	Mare	L'Armentera	Albanyà	12266	c/ de l'aviador Albert Badia Valero	+34 XXXXLLL	albert@mailintaor.com	2025-11-11	\N		1	t	No sol·licitat	490
289	73723659D	Elena	Soria Roig	Pare	L'Armentera	Albanyà	08472	c/ de l'aviador Sergi Torres Rius	+34 XXXXXXX	elena@mailintaor.com	2025-11-11	\N		1	t	No sol·licitat	492
290	77564844Y	Sergi	Torres Rius	Mare	L'Armentera	Albanyà	73549	c/ de l'aviador Sergi Torres Rius	+34 XXXXLLL	sergi@mailintaor.com	2025-11-11	\N		1	t	No sol·licitat	493
291	77494669M	Marta	Sala Valverde	Pare	L'Armentera	Albanyà	54026	c/ de l'aviador Ariadna Valero Royo	+34 XXXXXXX	marta@mailintaor.com	2025-11-11	\N		1	t	No sol·licitat	495
292	73703033R	Ariadna	Valero Royo	Pare	L'Armentera	Albanyà	45060	c/ de l'aviador Ariadna Valero Royo	+34 XXXXLLL	ariadna@mailintaor.com	2025-11-11	\N		1	t	No sol·licitat	496
268	73048942M	Axel	Paredes Villanueva	Pare	L'Armentera	Albanyà	85807	c/ de l'aviador Ferran Ramon Busquets	+34 XXXXXXX	axel@mailintaor.com	2025-11-11	\N		1	t	No sol·licitat	451
293	76889648G	Anna	Molina Montero	Pare	L'Armentera	Albanyà	78138	c/ de l'aviador Judith Egea Mesa	+34 XXXXXXX	anna@mailintaor.com	2025-11-11	\N		1	t	No sol·licitat	498
294	73967289Y	Judith	Egea Mesa	Pare	L'Armentera	Albanyà	28713	c/ de l'aviador Judith Egea Mesa	+34 XXXXLLL	judith@mailintaor.com	2025-11-11	\N		1	t	No sol·licitat	499
295	76178499F	Iker	Romero Espinosa	Mare	L'Armentera	Albanyà	39185	c/ de l'aviador José Camacho Villanueva	+34 XXXXXXX	iker@mailintaor.com	2025-11-11	\N		1	t	No sol·licitat	503
296	73046659X	José	Camacho Villanueva	Mare	L'Armentera	Albanyà	83699	c/ de l'aviador José Camacho Villanueva	+34 XXXXLLL	jose@mailintaor.com	2025-11-11	\N		1	t	No sol·licitat	504
297	73465418T	Ainara	Singh Pardo	Mare	L'Armentera	Albanyà	64224	c/ de l'aviador Ariadna Mas Vives	+34 XXXXXXX	ainara@mailintaor.com	2025-11-11	\N		1	t	No sol·licitat	507
298	71452055N	Ariadna	Mas Vives	Mare	L'Armentera	Albanyà	41507	c/ de l'aviador Ariadna Mas Vives	+34 XXXXLLL	ariadna@mailintaor.com	2025-11-11	\N		1	t	No sol·licitat	508
299	76897942G	Ferran	Avila Carbonell	Pare	L'Armentera	Albanyà	01541	c/ de l'aviador Ainhoa Collado Crespo	+34 XXXXXXX	ferran@mailintaor.com	2025-11-11	\N		1	t	No sol·licitat	510
300	79511740D	Ana	Pereira Robles	Pare	L'Armentera	Albanyà	91607	c/ de l'aviador Carlota Gutierrez Gracia	+34 XXXXXXX	ana@mailintaor.com	2025-11-11	\N		1	t	No sol·licitat	511
301	77526512B	Valentina	Marquez Ramon	Mare	L'Armentera	Albanyà	77005	c/ de l'aviador Xavier Torrent Mateo	+34 XXXXXXX	valentina@mailintaor.com	2025-11-11	\N		1	t	No sol·licitat	517
302	71945009Y	Xavier	Torrent Mateo	Pare	L'Armentera	Albanyà	79664	c/ de l'aviador Xavier Torrent Mateo	+34 XXXXLLL	xavier@mailintaor.com	2025-11-11	\N		1	t	No sol·licitat	518
303	73974049Y	Salma	Garcia Gomez	Mare	L'Armentera	Albanyà	40818	c/ de l'aviador Arlet Mora Guerrero	+34 XXXXXXX	salma@mailintaor.com	2025-11-11	\N		1	t	No sol·licitat	520
304	77231841B	Arlet	Mora Guerrero	Pare	L'Armentera	Albanyà	47795	c/ de l'aviador Arlet Mora Guerrero	+34 XXXXLLL	arlet@mailintaor.com	2025-11-11	\N		1	t	No sol·licitat	521
305	73505070W	Gerard	Cuevas Ribas	Pare	L'Armentera	Albanyà	96580	c/ de l'aviador Valentina Esteve Pallares	+34 XXXXXXX	gerard@mailintaor.com	2025-11-11	\N		1	t	No sol·licitat	523
307	77225029B	Mireia	Viñas Guillen	Pare	L'Armentera	Albanyà	44767	c/ de l'aviador Adrià Rico Lazaro	+34 XXXXXXX	mireia@mailintaor.com	2025-11-11	\N		1	t	No sol·licitat	526
308	73597281G	Adrià	Rico Lazaro	Mare	L'Armentera	Albanyà	32946	c/ de l'aviador Adrià Rico Lazaro	+34 XXXXLLL	adria@mailintaor.com	2025-11-11	\N		1	t	No sol·licitat	527
309	74191108G	Blanca	Requena Santamaria	Mare	L'Armentera	Albanyà	09855	c/ de l'aviador Joan Macias Domenech	+34 XXXXXXX	blanca@mailintaor.com	2025-11-11	\N		1	t	No sol·licitat	529
310	71383368G	Joan	Macias Domenech	Mare	L'Armentera	Albanyà	61015	c/ de l'aviador Joan Macias Domenech	+34 XXXXLLL	joan@mailintaor.com	2025-11-11	\N		1	t	No sol·licitat	530
311	73053748R	Abril	Camps Martinez	Mare	L'Armentera	Albanyà	70583	c/ de l'aviador Xavier Caballero Torres	+34 XXXXXXX	abril@mailintaor.com	2025-11-11	\N		1	t	No sol·licitat	532
312	73620562W	Xavier	Caballero Torres	Mare	L'Armentera	Albanyà	85360	c/ de l'aviador Xavier Caballero Torres	+34 XXXXLLL	xavier@mailintaor.com	2025-11-11	\N		1	t	No sol·licitat	533
313	75586900N	Eva	Ferre Bertran	Pare	L'Armentera	Albanyà	53452	c/ de l'aviador Arlet Ribera Morales	+34 XXXXXXX	eva@mailintaor.com	2025-11-11	\N		1	t	No sol·licitat	536
314	72346636B	Arlet	Ribera Morales	Mare	L'Armentera	Albanyà	74189	c/ de l'aviador Arlet Ribera Morales	+34 XXXXLLL	arlet@mailintaor.com	2025-11-11	\N		1	t	No sol·licitat	537
315	78482746G	Aitana	Herrera Mateu	Mare	L'Armentera	Albanyà	76699	c/ de l'aviador Naia Rios Comas	+34 XXXXXXX	aitana@mailintaor.com	2025-11-11	\N		1	t	No sol·licitat	539
316	75756816M	Naia	Rios Comas	Pare	L'Armentera	Albanyà	80058	c/ de l'aviador Naia Rios Comas	+34 XXXXLLL	naia@mailintaor.com	2025-11-11	\N		1	t	No sol·licitat	540
317	73907051X	Lluc	Prats Serra	Mare	L'Armentera	Albanyà	08574	c/ de l'aviador Emma Exposito Ribas	+34 XXXXXXX	lluc@mailintaor.com	2025-11-11	\N		1	t	No sol·licitat	542
318	73295904Y	Emma	Exposito Ribas	Pare	L'Armentera	Albanyà	15778	c/ de l'aviador Emma Exposito Ribas	+34 XXXXLLL	emma@mailintaor.com	2025-11-11	\N		1	t	No sol·licitat	543
319	71319883B	Noa	Farre Cuevas	Mare	L'Armentera	Albanyà	89932	c/ de l'aviador Alan Romero Luna	+34 XXXXXXX	noa@mailintaor.com	2025-11-11	\N		1	t	No sol·licitat	545
320	77817396F	Alan	Romero Luna	Mare	L'Armentera	Albanyà	44017	c/ de l'aviador Alan Romero Luna	+34 XXXXLLL	alan@mailintaor.com	2025-11-11	\N		1	t	No sol·licitat	546
321	78342661F	Ona	Rosell Vazquez	Pare	L'Armentera	Albanyà	94549	c/ de l'aviador Adriana Ponce Robles	+34 XXXXXXX	ona@mailintaor.com	2025-11-11	\N		1	t	No sol·licitat	548
322	75558670M	Adriana	Ponce Robles	Mare	L'Armentera	Albanyà	20299	c/ de l'aviador Adriana Ponce Robles	+34 XXXXLLL	adriana@mailintaor.com	2025-11-11	\N		1	t	No sol·licitat	549
323	70052262F	Quim	Esteban Robles	Pare	L'Armentera	Albanyà	45569	c/ de l'aviador Adrián Pages Montero	+34 XXXXXXX	quim@mailintaor.com	2025-11-11	\N		1	t	No sol·licitat	554
325	73907668A	Aya	Sans Domingo	Mare	L'Armentera	Albanyà	54802	c/ de l'aviador Alejandro Ribera Cruz	+34 XXXXXXX	aya@mailintaor.com	2025-11-11	\N		1	t	No sol·licitat	560
326	71268648D	Alejandro	Ribera Cruz	Mare	L'Armentera	Albanyà	64921	c/ de l'aviador Alejandro Ribera Cruz	+34 XXXXLLL	alejandro@mailintaor.com	2025-11-11	\N		1	t	No sol·licitat	561
327	76794076P	Elsa	Miro Ramos	Pare	L'Armentera	Albanyà	89620	c/ de l'aviador Jaume Torrent Prieto	+34 XXXXXXX	elsa@mailintaor.com	2025-11-11	\N		1	t	No sol·licitat	563
328	78787856G	Jaume	Torrent Prieto	Mare	L'Armentera	Albanyà	15587	c/ de l'aviador Jaume Torrent Prieto	+34 XXXXLLL	jaume@mailintaor.com	2025-11-11	\N		1	t	No sol·licitat	564
306	79695671A	Arnau	Casas Contreras	Mare	L'Armentera	Albanyà	50890	c/ de l'aviador Arnau Casas Contreras	+34 XXXXLLL	arnau@mailintaor.com	2025-11-11	\N		1	t	No sol·licitat	524
324	71277880B	Emma	Benitez Pacheco	Mare	L'Armentera	Albanyà	45954	c/ de l'aviador Emma Benitez Pacheco	+34 XXXXLLL	emma@mailintaor.com	2025-11-11	\N		1	t	No sol·licitat	555
329	71227162Y	Unai	Codina Rubio	Mare	L'Armentera	Albanyà	89759	c/ de l'aviador Abril Prats Ibañez	+34 XXXXXXX	unai@mailintaor.com	2025-11-11	\N		1	t	No sol·licitat	566
330	74284547N	Abril	Prats Ibañez	Pare	L'Armentera	Albanyà	03313	c/ de l'aviador Abril Prats Ibañez	+34 XXXXLLL	abril@mailintaor.com	2025-11-11	\N		1	t	No sol·licitat	567
331	71974732B	Sara	Bermudez Izquierdo	Pare	L'Armentera	Albanyà	93894	c/ de l'aviador Naiara Vazquez Guerrero	+34 XXXXXXX	sara@mailintaor.com	2025-11-11	\N		1	t	No sol·licitat	570
332	74406635G	Naiara	Vazquez Guerrero	Pare	L'Armentera	Albanyà	13606	c/ de l'aviador Naiara Vazquez Guerrero	+34 XXXXLLL	naiara@mailintaor.com	2025-11-11	\N		1	t	No sol·licitat	571
256	74162798P	Miguel	Medina Ibañez	Mare	L'Armentera	Albanyà	40563	c/ de l'aviador Salma Llorens Dalmau	+34 XXXXXXX	miguel@mailintaor.com	2025-11-11	\N		1	t	No sol·licitat	430
333	72632696Y	Joana	Flores Santos	Pare	L'Armentera	Albanyà	00830	c/ de l'aviador Guillem Moreno Mesa	+34 XXXXXXX	joana@mailintaor.com	2025-11-11	\N		1	t	No sol·licitat	574
334	72889796M	Guillem	Moreno Mesa	Pare	L'Armentera	Albanyà	52840	c/ de l'aviador Guillem Moreno Mesa	+34 XXXXLLL	guillem@mailintaor.com	2025-11-11	\N		1	t	No sol·licitat	575
335	70384773G	Eloi	Jurado Roig	Mare	L'Armentera	Albanyà	95712	c/ de l'aviador Joana Crespo Alarcon	+34 XXXXXXX	eloi@mailintaor.com	2025-11-11	\N		1	t	No sol·licitat	577
336	71028809F	Joana	Crespo Alarcon	Mare	L'Armentera	Albanyà	41186	c/ de l'aviador Joana Crespo Alarcon	+34 XXXXLLL	joana@mailintaor.com	2025-11-11	\N		1	t	No sol·licitat	578
\.


--
-- Data for Name: relacioFamilies_responsable_alumnes_associats; Type: TABLE DATA; Schema: public; Owner: demo_user
--

COPY public."relacioFamilies_responsable_alumnes_associats" (id, responsable_id, alumne_id) FROM stdin;
1	1	1
2	2	1
3	3	2
4	4	2
5	5	3
6	6	3
7	7	4
8	8	4
9	9	5
10	10	5
11	11	6
12	12	6
13	13	7
14	14	7
15	15	8
16	16	8
17	17	9
18	18	9
19	19	10
20	20	10
21	21	11
22	22	11
23	23	12
24	24	12
25	25	13
26	26	13
27	27	14
28	28	14
29	29	15
30	30	15
31	31	16
32	32	16
33	33	17
34	34	17
35	35	18
36	36	18
37	37	19
38	38	19
39	39	20
40	40	20
41	41	21
42	42	21
43	43	22
44	44	22
45	45	23
46	46	23
47	47	24
48	48	24
49	49	25
50	50	25
51	51	26
52	52	26
53	53	27
54	54	27
55	55	28
56	56	28
57	57	29
58	58	29
59	59	30
60	60	30
61	61	31
62	62	31
63	63	32
64	64	32
65	65	33
66	66	33
67	67	34
68	68	34
69	69	35
70	70	35
71	71	36
72	72	36
73	73	37
74	74	37
75	75	38
76	76	38
77	77	39
78	78	39
79	79	40
80	80	40
81	81	41
82	82	41
83	83	42
84	84	42
85	85	43
86	86	43
87	87	44
88	88	44
89	89	45
90	90	45
91	91	46
92	92	46
93	93	47
94	94	47
95	95	48
96	96	48
97	97	49
98	98	49
99	99	50
100	100	50
101	101	51
102	102	51
103	103	52
104	104	52
105	105	53
106	106	53
107	107	54
108	108	54
109	109	55
110	110	55
111	111	56
112	112	56
113	113	57
114	114	57
115	115	58
116	116	58
117	117	59
118	118	59
119	119	60
120	120	60
121	121	61
122	122	61
123	123	62
124	124	62
125	125	63
126	126	63
127	127	64
128	128	64
129	129	65
130	130	65
131	131	66
132	132	66
133	133	67
134	134	67
135	135	68
136	136	68
137	137	69
138	138	69
139	139	70
140	140	70
141	141	71
142	142	71
143	143	72
144	144	72
145	145	73
146	146	73
147	147	74
148	148	74
149	149	75
150	150	75
151	151	76
152	152	76
153	44	77
154	54	77
155	153	78
156	154	78
157	106	79
158	50	79
159	40	80
160	33	80
161	67	81
162	24	81
163	137	82
164	88	82
165	155	83
166	156	83
167	79	84
168	48	84
169	157	85
170	158	85
171	159	86
172	160	86
173	161	87
174	162	87
175	163	88
176	164	88
177	165	89
178	166	89
179	167	90
180	168	90
181	169	91
182	170	91
183	171	92
184	172	92
185	103	93
186	107	93
187	173	94
188	174	94
189	154	95
190	141	95
191	175	96
192	176	96
193	177	97
194	178	97
195	179	98
196	180	98
197	3	99
198	14	99
199	13	100
200	81	100
201	181	101
202	182	101
203	7	102
204	116	102
205	183	103
206	184	103
207	39	104
208	130	104
209	185	105
210	186	105
211	187	106
212	188	106
213	189	107
214	190	107
215	5	108
216	79	108
217	191	109
218	192	109
219	193	110
220	194	110
221	195	111
222	196	111
223	197	112
224	198	112
225	32	113
226	85	113
227	199	114
228	200	114
229	201	115
230	202	115
231	132	116
232	191	116
233	203	117
234	204	117
235	205	118
236	206	118
237	207	119
238	208	119
239	130	120
240	196	120
241	209	121
242	210	121
243	211	122
244	212	122
245	213	123
246	214	123
247	215	124
248	216	124
249	217	125
250	218	125
251	97	126
252	23	126
253	219	127
254	220	127
255	25	128
256	133	128
257	221	129
258	222	129
259	223	130
260	224	130
261	83	131
262	142	131
263	225	132
264	226	132
265	227	133
266	228	133
267	154	134
268	26	134
269	229	135
270	230	135
271	131	136
272	30	136
273	141	137
274	100	137
275	219	138
276	72	138
277	231	139
278	232	139
279	89	140
280	75	140
281	25	141
282	30	141
283	121	142
284	42	142
285	233	143
286	234	143
287	235	144
288	236	144
289	237	145
290	238	145
291	239	146
292	240	146
293	241	147
294	242	147
295	127	148
296	190	148
297	243	149
298	244	149
299	245	150
300	246	150
301	118	151
302	57	151
303	247	152
304	248	152
305	249	153
306	250	153
307	251	154
308	252	154
309	62	155
310	150	155
311	253	156
312	254	156
313	246	157
314	105	157
315	95	158
316	245	158
317	255	159
318	256	159
319	257	160
320	258	160
321	259	161
322	260	161
323	94	162
324	118	162
325	261	163
326	262	163
327	241	164
328	152	164
329	263	165
330	264	165
331	265	166
332	266	166
333	147	167
334	180	167
335	267	168
336	268	168
337	146	169
338	15	169
339	269	170
340	270	170
341	178	171
342	114	171
343	271	172
344	272	172
345	1	173
346	43	173
347	57	174
348	243	174
349	273	175
350	274	175
351	191	176
352	227	176
353	275	177
354	276	177
355	121	178
356	145	178
357	137	179
358	61	179
359	277	180
360	278	180
361	170	181
362	137	181
363	279	182
364	280	182
365	281	183
366	282	183
367	283	184
368	284	184
369	170	185
370	79	185
371	285	186
372	286	186
373	287	187
374	288	187
375	289	188
376	290	188
377	291	189
378	292	189
379	293	190
380	294	190
381	256	191
382	110	191
383	97	192
384	176	192
385	295	193
386	296	193
387	234	194
388	253	194
389	297	195
390	298	195
391	299	196
392	300	196
393	300	197
394	23	197
395	164	198
396	44	198
397	61	199
398	208	199
399	268	200
400	236	200
401	301	201
402	302	201
403	303	202
404	304	202
405	305	203
406	306	203
407	307	204
408	308	204
409	309	205
410	310	205
411	311	206
412	312	206
413	140	207
414	112	207
415	313	208
416	314	208
417	315	209
418	316	209
419	317	210
420	318	210
421	319	211
422	320	211
423	321	212
424	322	212
425	99	213
426	205	213
427	192	214
429	156	215
430	48	215
431	323	216
432	324	216
433	169	217
434	46	217
435	180	218
436	124	218
437	149	219
438	36	219
439	325	220
440	326	220
441	327	221
442	328	221
443	329	222
444	330	222
445	203	223
446	170	223
447	331	224
448	332	224
449	256	225
450	72	225
451	333	226
452	334	226
453	335	227
454	336	227
455	46	228
456	306	228
457	131	229
458	324	229
\.


--
-- Data for Name: sortides_notificasortida; Type: TABLE DATA; Schema: public; Owner: demo_user
--

COPY public.sortides_notificasortida (id, relacio_familia_revisada, relacio_familia_notificada, alumne_id, sortida_id) FROM stdin;
\.


--
-- Data for Name: sortides_notificasortida_notificacions_familia; Type: TABLE DATA; Schema: public; Owner: demo_user
--

COPY public.sortides_notificasortida_notificacions_familia (id, notificasortida_id, notifusuari_id) FROM stdin;
\.


--
-- Data for Name: sortides_pagament; Type: TABLE DATA; Schema: public; Owner: demo_user
--

COPY public.sortides_pagament (id, data_hora_pagament, pagament_realitzat, alumne_id, sortida_id, ordre_pagament, "dataLimit", estat, fracciona, "importParcial", quota_id, observacions) FROM stdin;
\.


--
-- Data for Name: sortides_pagament_notificacions_familia; Type: TABLE DATA; Schema: public; Owner: demo_user
--

COPY public.sortides_pagament_notificacions_familia (id, pagament_id, notifusuari_id) FROM stdin;
\.


--
-- Data for Name: sortides_quota; Type: TABLE DATA; Schema: public; Owner: demo_user
--

COPY public.sortides_quota (id, "importQuota", "dataLimit", "any", descripcio, curs_id, tipus_id, tpv_id) FROM stdin;
1	10.00	2025-12-11	2025	Material escolar	\N	1	1
2	360.00	\N	2025	Taxes cicles FP	\N	3	1
3	25.00	\N	2025	Taxa UF	\N	4	1
\.


--
-- Data for Name: sortides_sortida; Type: TABLE DATA; Schema: public; Owner: demo_user
--

COPY public.sortides_sortida (id, estat, tipus, titol, ambit, ciutat, esta_aprovada_pel_consell_escolar, comentari_organitza, data_inici, data_fi, calendari_desde, calendari_finsa, calendari_public, materia, preu_per_alumne, participacio, mitja_de_transport, empresa_de_transport, pagament_a_empresa_de_transport, pagament_a_altres_empreses, feina_per_als_alumnes_aula, programa_de_la_sortida, comentaris_interns, departament_que_organitza_id, franja_fi_id, franja_inici_id, professor_que_proposa_id, condicions_generals, termini_pagament, alumnes_a_l_aula_amb_professor_titular, estat_sincronitzacio, codi_de_barres, informacio_pagament, tipus_de_pagament, tpv_id, subtipus) FROM stdin;
\.


--
-- Data for Name: sortides_sortida_altres_professors_acompanyants; Type: TABLE DATA; Schema: public; Owner: demo_user
--

COPY public.sortides_sortida_altres_professors_acompanyants (id, sortida_id, professor_id) FROM stdin;
\.


--
-- Data for Name: sortides_sortida_alumnes_convocats; Type: TABLE DATA; Schema: public; Owner: demo_user
--

COPY public.sortides_sortida_alumnes_convocats (id, sortida_id, alumne_id) FROM stdin;
\.


--
-- Data for Name: sortides_sortida_alumnes_justificacio; Type: TABLE DATA; Schema: public; Owner: demo_user
--

COPY public.sortides_sortida_alumnes_justificacio (id, sortida_id, alumne_id) FROM stdin;
\.


--
-- Data for Name: sortides_sortida_alumnes_que_no_vindran; Type: TABLE DATA; Schema: public; Owner: demo_user
--

COPY public.sortides_sortida_alumnes_que_no_vindran (id, sortida_id, alumne_id) FROM stdin;
\.


--
-- Data for Name: sortides_sortida_professors_responsables; Type: TABLE DATA; Schema: public; Owner: demo_user
--

COPY public.sortides_sortida_professors_responsables (id, sortida_id, professor_id) FROM stdin;
\.


--
-- Data for Name: sortides_sortida_tutors_alumnes_convocats; Type: TABLE DATA; Schema: public; Owner: demo_user
--

COPY public.sortides_sortida_tutors_alumnes_convocats (id, sortida_id, professor_id) FROM stdin;
\.


--
-- Data for Name: sortides_tipusquota; Type: TABLE DATA; Schema: public; Owner: demo_user
--

COPY public.sortides_tipusquota (id, nom) FROM stdin;
1	material
2	taxes
3	taxcurs
4	uf
\.


--
-- Data for Name: sortides_tpv; Type: TABLE DATA; Schema: public; Owner: demo_user
--

COPY public.sortides_tpv (id, nom, codi, key, descripcio, "entornReal") FROM stdin;
1	centre	999008881	sq7HjrUOBfKmC576ILgskD5srU870gJ7	Pagaments al centre	f
\.


--
-- Data for Name: todo_todo; Type: TABLE DATA; Schema: public; Owner: demo_user
--

COPY public.todo_todo (id, data, tasca, informacio_adicional, estat, prioritat, enllac, propietari_id) FROM stdin;
\.


--
-- Data for Name: tutoria_actuacio; Type: TABLE DATA; Schema: public; Owner: demo_user
--

COPY public.tutoria_actuacio (id, moment_actuacio, qui_fa_actuacio, amb_qui_es_actuacio, assumpte, actuacio, alumne_id, professional_id) FROM stdin;
\.


--
-- Data for Name: tutoria_cartaabsentisme; Type: TABLE DATA; Schema: public; Owner: demo_user
--

COPY public.tutoria_cartaabsentisme (id, carta_numero, tipus_carta, faltes_fins_a_data, data_carta, faltes_incloses, carta_esborrada_moment, nfaltes, impresa, alumne_id, professor_id, faltes_des_de_data) FROM stdin;
\.


--
-- Data for Name: tutoria_resumanualalumne; Type: TABLE DATA; Schema: public; Owner: demo_user
--

COPY public.tutoria_resumanualalumne (id, curs_any_inici, text_resum, seguiment_tutorial_id) FROM stdin;
\.


--
-- Data for Name: tutoria_seguimenttutorial; Type: TABLE DATA; Schema: public; Owner: demo_user
--

COPY public.tutoria_seguimenttutorial (id, nom, cognoms, datadarreraactualitzacio, data_neixement, informacio_de_primaria, alumne_id) FROM stdin;
\.


--
-- Data for Name: tutoria_seguimenttutorialpreguntes; Type: TABLE DATA; Schema: public; Owner: demo_user
--

COPY public.tutoria_seguimenttutorialpreguntes (id, pregunta, ajuda_pregunta, es_pregunta_oberta, possibles_respostes) FROM stdin;
\.


--
-- Data for Name: tutoria_seguimenttutorialrespostes; Type: TABLE DATA; Schema: public; Owner: demo_user
--

COPY public.tutoria_seguimenttutorialrespostes (id, any_curs_academic, pregunta, resposta, ordre, "professorQueInforma", seguiment_tutorial_id) FROM stdin;
\.


--
-- Data for Name: tutoria_tutor; Type: TABLE DATA; Schema: public; Owner: demo_user
--

COPY public.tutoria_tutor (id, grup_id, professor_id) FROM stdin;
1	10	13
2	9	13
3	11	12
4	3	3
5	5	7
6	7	8
7	13	15
8	12	10
9	2	6
10	4	3
11	6	6
12	1	2
\.


--
-- Data for Name: tutoria_tutorindividualitzat; Type: TABLE DATA; Schema: public; Owner: demo_user
--

COPY public.tutoria_tutorindividualitzat (id, alumne_id, professor_id) FROM stdin;
\.


--
-- Data for Name: usuaris_abstractonetimepasswd; Type: TABLE DATA; Schema: public; Owner: demo_user
--

COPY public.usuaris_abstractonetimepasswd (id, moment_expedicio, clau, reintents, usuari_id) FROM stdin;
\.


--
-- Data for Name: usuaris_accio; Type: TABLE DATA; Schema: public; Owner: demo_user
--

COPY public.usuaris_accio (id, tipus, moment, l4, text, impersonated_from_id, usuari_id) FROM stdin;
\.


--
-- Data for Name: usuaris_dadesaddicionalsprofessor; Type: TABLE DATA; Schema: public; Owner: demo_user
--

COPY public.usuaris_dadesaddicionalsprofessor (id, "clauDeCalendari", professor_id, foto) FROM stdin;
\.


--
-- Data for Name: usuaris_departament; Type: TABLE DATA; Schema: public; Owner: demo_user
--

COPY public.usuaris_departament (id, codi, nom) FROM stdin;
\.


--
-- Data for Name: usuaris_loginusuari; Type: TABLE DATA; Schema: public; Owner: demo_user
--

COPY public.usuaris_loginusuari (id, exitos, moment, ip, usuari_id) FROM stdin;
1	t	2025-11-11 13:09:37.119597+00		7
\.


--
-- Data for Name: usuaris_notifusuari; Type: TABLE DATA; Schema: public; Owner: demo_user
--

COPY public.usuaris_notifusuari (id, moment, tipus, alumne_id, usuari_id) FROM stdin;
\.


--
-- Data for Name: usuaris_onetimepasswd; Type: TABLE DATA; Schema: public; Owner: demo_user
--

COPY public.usuaris_onetimepasswd (abstractonetimepasswd_ptr_id) FROM stdin;
\.


--
-- Data for Name: usuaris_qrportal; Type: TABLE DATA; Schema: public; Owner: demo_user
--

COPY public.usuaris_qrportal (id, moment_expedicio, moment_captura, moment_confirmat_pel_tutor, darrera_sincronitzacio, novetats_detectades_moment, clau, localitzador, es_el_token_actiu, alumne_referenciat_id, usuari_referenciat_id, numero_de_mobil) FROM stdin;
\.


--
-- Name: alumnes_alumne_id_seq; Type: SEQUENCE SET; Schema: public; Owner: demo_user
--

SELECT pg_catalog.setval('public.alumnes_alumne_id_seq', 229, true);


--
-- Name: alumnes_curs_id_seq; Type: SEQUENCE SET; Schema: public; Owner: demo_user
--

SELECT pg_catalog.setval('public.alumnes_curs_id_seq', 8, true);


--
-- Name: alumnes_dadesaddicionalsalumne_id_seq; Type: SEQUENCE SET; Schema: public; Owner: demo_user
--

SELECT pg_catalog.setval('public.alumnes_dadesaddicionalsalumne_id_seq', 1, false);


--
-- Name: alumnes_grup_id_seq; Type: SEQUENCE SET; Schema: public; Owner: demo_user
--

SELECT pg_catalog.setval('public.alumnes_grup_id_seq', 13, true);


--
-- Name: alumnes_nivell_id_seq; Type: SEQUENCE SET; Schema: public; Owner: demo_user
--

SELECT pg_catalog.setval('public.alumnes_nivell_id_seq', 4, true);


--
-- Name: assignatures_assignatura_id_seq; Type: SEQUENCE SET; Schema: public; Owner: demo_user
--

SELECT pg_catalog.setval('public.assignatures_assignatura_id_seq', 66, true);


--
-- Name: assignatures_tipusdassignatura_id_seq; Type: SEQUENCE SET; Schema: public; Owner: demo_user
--

SELECT pg_catalog.setval('public.assignatures_tipusdassignatura_id_seq', 5, true);


--
-- Name: aules_aula_disponibilitat_horaria_id_seq; Type: SEQUENCE SET; Schema: public; Owner: demo_user
--

SELECT pg_catalog.setval('public.aules_aula_disponibilitat_horaria_id_seq', 1, false);


--
-- Name: aules_aula_id_seq; Type: SEQUENCE SET; Schema: public; Owner: demo_user
--

SELECT pg_catalog.setval('public.aules_aula_id_seq', 166, true);


--
-- Name: aules_reservaaula_id_seq; Type: SEQUENCE SET; Schema: public; Owner: demo_user
--

SELECT pg_catalog.setval('public.aules_reservaaula_id_seq', 1440, true);


--
-- Name: auth_group_id_seq; Type: SEQUENCE SET; Schema: public; Owner: demo_user
--

SELECT pg_catalog.setval('public.auth_group_id_seq', 12, true);


--
-- Name: auth_group_permissions_id_seq; Type: SEQUENCE SET; Schema: public; Owner: demo_user
--

SELECT pg_catalog.setval('public.auth_group_permissions_id_seq', 1, false);


--
-- Name: auth_permission_id_seq; Type: SEQUENCE SET; Schema: public; Owner: demo_user
--

SELECT pg_catalog.setval('public.auth_permission_id_seq', 356, true);


--
-- Name: auth_user_groups_id_seq; Type: SEQUENCE SET; Schema: public; Owner: demo_user
--

SELECT pg_catalog.setval('public.auth_user_groups_id_seq', 596, true);


--
-- Name: auth_user_id_seq; Type: SEQUENCE SET; Schema: public; Owner: demo_user
--

SELECT pg_catalog.setval('public.auth_user_id_seq', 581, true);


--
-- Name: auth_user_user_permissions_id_seq; Type: SEQUENCE SET; Schema: public; Owner: demo_user
--

SELECT pg_catalog.setval('public.auth_user_user_permissions_id_seq', 1, false);


--
-- Name: avaluacioQualitativa_avaluacioqualitativa_grups_id_seq; Type: SEQUENCE SET; Schema: public; Owner: demo_user
--

SELECT pg_catalog.setval('public."avaluacioQualitativa_avaluacioqualitativa_grups_id_seq"', 1, false);


--
-- Name: avaluacioQualitativa_avaluacioqualitativa_id_seq; Type: SEQUENCE SET; Schema: public; Owner: demo_user
--

SELECT pg_catalog.setval('public."avaluacioQualitativa_avaluacioqualitativa_id_seq"', 1, false);


--
-- Name: avaluacioQualitativa_itemqualitativa_id_seq; Type: SEQUENCE SET; Schema: public; Owner: demo_user
--

SELECT pg_catalog.setval('public."avaluacioQualitativa_itemqualitativa_id_seq"', 1, false);


--
-- Name: avaluacioQualitativa_itemqualitativa_nivells_id_seq; Type: SEQUENCE SET; Schema: public; Owner: demo_user
--

SELECT pg_catalog.setval('public."avaluacioQualitativa_itemqualitativa_nivells_id_seq"', 1, false);


--
-- Name: avaluacioQualitativa_respostaavaluacioqualitativa_id_seq; Type: SEQUENCE SET; Schema: public; Owner: demo_user
--

SELECT pg_catalog.setval('public."avaluacioQualitativa_respostaavaluacioqualitativa_id_seq"', 1, false);


--
-- Name: avaluacioQualitativa_respostaavaluacioqualitativa_notifi_id_seq; Type: SEQUENCE SET; Schema: public; Owner: demo_user
--

SELECT pg_catalog.setval('public."avaluacioQualitativa_respostaavaluacioqualitativa_notifi_id_seq"', 1, false);


--
-- Name: baixes_feina_id_seq; Type: SEQUENCE SET; Schema: public; Owner: demo_user
--

SELECT pg_catalog.setval('public.baixes_feina_id_seq', 1, false);


--
-- Name: django_admin_log_id_seq; Type: SEQUENCE SET; Schema: public; Owner: demo_user
--

SELECT pg_catalog.setval('public.django_admin_log_id_seq', 1, false);


--
-- Name: django_content_type_id_seq; Type: SEQUENCE SET; Schema: public; Owner: demo_user
--

SELECT pg_catalog.setval('public.django_content_type_id_seq', 89, true);


--
-- Name: django_migrations_id_seq; Type: SEQUENCE SET; Schema: public; Owner: demo_user
--

SELECT pg_catalog.setval('public.django_migrations_id_seq', 172, true);


--
-- Name: django_site_id_seq; Type: SEQUENCE SET; Schema: public; Owner: demo_user
--

SELECT pg_catalog.setval('public.django_site_id_seq', 1, true);


--
-- Name: extEsfera_grup2aula_id_seq; Type: SEQUENCE SET; Schema: public; Owner: demo_user
--

SELECT pg_catalog.setval('public."extEsfera_grup2aula_id_seq"', 1, false);


--
-- Name: extEsfera_parametreesfera_id_seq; Type: SEQUENCE SET; Schema: public; Owner: demo_user
--

SELECT pg_catalog.setval('public."extEsfera_parametreesfera_id_seq"', 1, false);


--
-- Name: extKronowin_franja2aula_id_seq; Type: SEQUENCE SET; Schema: public; Owner: demo_user
--

SELECT pg_catalog.setval('public."extKronowin_franja2aula_id_seq"', 8, true);


--
-- Name: extKronowin_grup2aula_id_seq; Type: SEQUENCE SET; Schema: public; Owner: demo_user
--

SELECT pg_catalog.setval('public."extKronowin_grup2aula_id_seq"', 13, true);


--
-- Name: extKronowin_parametrekronowin_id_seq; Type: SEQUENCE SET; Schema: public; Owner: demo_user
--

SELECT pg_catalog.setval('public."extKronowin_parametrekronowin_id_seq"', 3, true);


--
-- Name: extPreinscripcio_nivell2aula_id_seq; Type: SEQUENCE SET; Schema: public; Owner: demo_user
--

SELECT pg_catalog.setval('public."extPreinscripcio_nivell2aula_id_seq"', 1, false);


--
-- Name: extPreinscripcio_preinscripcio_id_seq; Type: SEQUENCE SET; Schema: public; Owner: demo_user
--

SELECT pg_catalog.setval('public."extPreinscripcio_preinscripcio_id_seq"', 1, false);


--
-- Name: extSaga_grup2aula_id_seq; Type: SEQUENCE SET; Schema: public; Owner: demo_user
--

SELECT pg_catalog.setval('public."extSaga_grup2aula_id_seq"', 12, true);


--
-- Name: extSaga_parametresaga_id_seq; Type: SEQUENCE SET; Schema: public; Owner: demo_user
--

SELECT pg_catalog.setval('public."extSaga_parametresaga_id_seq"', 2, true);


--
-- Name: extUntis_agrupament_id_seq; Type: SEQUENCE SET; Schema: public; Owner: demo_user
--

SELECT pg_catalog.setval('public."extUntis_agrupament_id_seq"', 1, false);


--
-- Name: horaris_diadelasetmana_id_seq; Type: SEQUENCE SET; Schema: public; Owner: demo_user
--

SELECT pg_catalog.setval('public.horaris_diadelasetmana_id_seq', 7, true);


--
-- Name: horaris_festiu_id_seq; Type: SEQUENCE SET; Schema: public; Owner: demo_user
--

SELECT pg_catalog.setval('public.horaris_festiu_id_seq', 2, true);


--
-- Name: horaris_franjahoraria_id_seq; Type: SEQUENCE SET; Schema: public; Owner: demo_user
--

SELECT pg_catalog.setval('public.horaris_franjahoraria_id_seq', 16, true);


--
-- Name: horaris_horari_id_seq; Type: SEQUENCE SET; Schema: public; Owner: demo_user
--

SELECT pg_catalog.setval('public.horaris_horari_id_seq', 280, true);


--
-- Name: incidencies_expulsio_id_seq; Type: SEQUENCE SET; Schema: public; Owner: demo_user
--

SELECT pg_catalog.setval('public.incidencies_expulsio_id_seq', 1, false);


--
-- Name: incidencies_expulsio_notificacions_familia_id_seq; Type: SEQUENCE SET; Schema: public; Owner: demo_user
--

SELECT pg_catalog.setval('public.incidencies_expulsio_notificacions_familia_id_seq', 1, false);


--
-- Name: incidencies_frassesincidenciaaula_id_seq; Type: SEQUENCE SET; Schema: public; Owner: demo_user
--

SELECT pg_catalog.setval('public.incidencies_frassesincidenciaaula_id_seq', 8, true);


--
-- Name: incidencies_incidencia_id_seq; Type: SEQUENCE SET; Schema: public; Owner: demo_user
--

SELECT pg_catalog.setval('public.incidencies_incidencia_id_seq', 1, false);


--
-- Name: incidencies_incidencia_notificacions_familia_id_seq; Type: SEQUENCE SET; Schema: public; Owner: demo_user
--

SELECT pg_catalog.setval('public.incidencies_incidencia_notificacions_familia_id_seq', 1, false);


--
-- Name: incidencies_sancio_id_seq; Type: SEQUENCE SET; Schema: public; Owner: demo_user
--

SELECT pg_catalog.setval('public.incidencies_sancio_id_seq', 1, false);


--
-- Name: incidencies_sancio_notificacions_familia_id_seq; Type: SEQUENCE SET; Schema: public; Owner: demo_user
--

SELECT pg_catalog.setval('public.incidencies_sancio_notificacions_familia_id_seq', 1, false);


--
-- Name: incidencies_tipusincidencia_id_seq; Type: SEQUENCE SET; Schema: public; Owner: demo_user
--

SELECT pg_catalog.setval('public.incidencies_tipusincidencia_id_seq', 5, true);


--
-- Name: incidencies_tipussancio_id_seq; Type: SEQUENCE SET; Schema: public; Owner: demo_user
--

SELECT pg_catalog.setval('public.incidencies_tipussancio_id_seq', 3, true);


--
-- Name: material_recurs_disponibilitat_horaria_id_seq; Type: SEQUENCE SET; Schema: public; Owner: demo_user
--

SELECT pg_catalog.setval('public.material_recurs_disponibilitat_horaria_id_seq', 1, false);


--
-- Name: material_recurs_id_seq; Type: SEQUENCE SET; Schema: public; Owner: demo_user
--

SELECT pg_catalog.setval('public.material_recurs_id_seq', 1, false);


--
-- Name: material_reservarecurs_id_seq; Type: SEQUENCE SET; Schema: public; Owner: demo_user
--

SELECT pg_catalog.setval('public.material_reservarecurs_id_seq', 1, false);


--
-- Name: matricula_document_id_seq; Type: SEQUENCE SET; Schema: public; Owner: demo_user
--

SELECT pg_catalog.setval('public.matricula_document_id_seq', 1, false);


--
-- Name: matricula_matricula_id_seq; Type: SEQUENCE SET; Schema: public; Owner: demo_user
--

SELECT pg_catalog.setval('public.matricula_matricula_id_seq', 1, false);


--
-- Name: missatgeria_destinatari_id_seq; Type: SEQUENCE SET; Schema: public; Owner: demo_user
--

SELECT pg_catalog.setval('public.missatgeria_destinatari_id_seq', 17, true);


--
-- Name: missatgeria_detallmissatge_id_seq; Type: SEQUENCE SET; Schema: public; Owner: demo_user
--

SELECT pg_catalog.setval('public.missatgeria_detallmissatge_id_seq', 1526, true);


--
-- Name: missatgeria_missatge_id_seq; Type: SEQUENCE SET; Schema: public; Owner: demo_user
--

SELECT pg_catalog.setval('public.missatgeria_missatge_id_seq', 18, true);


--
-- Name: presencia_controlassistencia_id_seq; Type: SEQUENCE SET; Schema: public; Owner: demo_user
--

SELECT pg_catalog.setval('public.presencia_controlassistencia_id_seq', 3702, true);


--
-- Name: presencia_controlassistencia_notificacions_familia_id_seq; Type: SEQUENCE SET; Schema: public; Owner: demo_user
--

SELECT pg_catalog.setval('public.presencia_controlassistencia_notificacions_familia_id_seq', 1, false);


--
-- Name: presencia_estatcontrolassistencia_id_seq; Type: SEQUENCE SET; Schema: public; Owner: demo_user
--

SELECT pg_catalog.setval('public.presencia_estatcontrolassistencia_id_seq', 5, true);


--
-- Name: presencia_impartir_id_seq; Type: SEQUENCE SET; Schema: public; Owner: demo_user
--

SELECT pg_catalog.setval('public.presencia_impartir_id_seq', 1680, true);


--
-- Name: presencia_nohadeseralaula_id_seq; Type: SEQUENCE SET; Schema: public; Owner: demo_user
--

SELECT pg_catalog.setval('public.presencia_nohadeseralaula_id_seq', 1, false);


--
-- Name: relacioFamilies_docattach_id_seq; Type: SEQUENCE SET; Schema: public; Owner: demo_user
--

SELECT pg_catalog.setval('public."relacioFamilies_docattach_id_seq"', 1, false);


--
-- Name: relacioFamilies_emailpendent_id_seq; Type: SEQUENCE SET; Schema: public; Owner: demo_user
--

SELECT pg_catalog.setval('public."relacioFamilies_emailpendent_id_seq"', 1, false);


--
-- Name: relacioFamilies_responsable_alumnes_associats_id_seq; Type: SEQUENCE SET; Schema: public; Owner: demo_user
--

SELECT pg_catalog.setval('public."relacioFamilies_responsable_alumnes_associats_id_seq"', 458, true);


--
-- Name: relacioFamilies_responsable_id_seq; Type: SEQUENCE SET; Schema: public; Owner: demo_user
--

SELECT pg_catalog.setval('public."relacioFamilies_responsable_id_seq"', 336, true);


--
-- Name: sortides_notificasortida_id_seq; Type: SEQUENCE SET; Schema: public; Owner: demo_user
--

SELECT pg_catalog.setval('public.sortides_notificasortida_id_seq', 1, false);


--
-- Name: sortides_notificasortida_notificacions_familia_id_seq; Type: SEQUENCE SET; Schema: public; Owner: demo_user
--

SELECT pg_catalog.setval('public.sortides_notificasortida_notificacions_familia_id_seq', 1, false);


--
-- Name: sortides_pagament_id_seq; Type: SEQUENCE SET; Schema: public; Owner: demo_user
--

SELECT pg_catalog.setval('public.sortides_pagament_id_seq', 1, false);


--
-- Name: sortides_pagament_notificacions_familia_id_seq; Type: SEQUENCE SET; Schema: public; Owner: demo_user
--

SELECT pg_catalog.setval('public.sortides_pagament_notificacions_familia_id_seq', 1, false);


--
-- Name: sortides_quota_id_seq; Type: SEQUENCE SET; Schema: public; Owner: demo_user
--

SELECT pg_catalog.setval('public.sortides_quota_id_seq', 3, true);


--
-- Name: sortides_sortida_altres_professors_acompanyants_id_seq; Type: SEQUENCE SET; Schema: public; Owner: demo_user
--

SELECT pg_catalog.setval('public.sortides_sortida_altres_professors_acompanyants_id_seq', 1, false);


--
-- Name: sortides_sortida_alumnes_convocats_id_seq; Type: SEQUENCE SET; Schema: public; Owner: demo_user
--

SELECT pg_catalog.setval('public.sortides_sortida_alumnes_convocats_id_seq', 1, false);


--
-- Name: sortides_sortida_alumnes_justificacio_id_seq; Type: SEQUENCE SET; Schema: public; Owner: demo_user
--

SELECT pg_catalog.setval('public.sortides_sortida_alumnes_justificacio_id_seq', 1, false);


--
-- Name: sortides_sortida_alumnes_que_no_vindran_id_seq; Type: SEQUENCE SET; Schema: public; Owner: demo_user
--

SELECT pg_catalog.setval('public.sortides_sortida_alumnes_que_no_vindran_id_seq', 1, false);


--
-- Name: sortides_sortida_id_seq; Type: SEQUENCE SET; Schema: public; Owner: demo_user
--

SELECT pg_catalog.setval('public.sortides_sortida_id_seq', 1, false);


--
-- Name: sortides_sortida_professors_responsables_id_seq; Type: SEQUENCE SET; Schema: public; Owner: demo_user
--

SELECT pg_catalog.setval('public.sortides_sortida_professors_responsables_id_seq', 1, false);


--
-- Name: sortides_sortida_tutors_alumnes_convocats_id_seq; Type: SEQUENCE SET; Schema: public; Owner: demo_user
--

SELECT pg_catalog.setval('public.sortides_sortida_tutors_alumnes_convocats_id_seq', 1, false);


--
-- Name: sortides_tipusquota_id_seq; Type: SEQUENCE SET; Schema: public; Owner: demo_user
--

SELECT pg_catalog.setval('public.sortides_tipusquota_id_seq', 4, true);


--
-- Name: sortides_tpv_id_seq; Type: SEQUENCE SET; Schema: public; Owner: demo_user
--

SELECT pg_catalog.setval('public.sortides_tpv_id_seq', 1, true);


--
-- Name: todo_todo_id_seq; Type: SEQUENCE SET; Schema: public; Owner: demo_user
--

SELECT pg_catalog.setval('public.todo_todo_id_seq', 1, false);


--
-- Name: tutoria_actuacio_id_seq; Type: SEQUENCE SET; Schema: public; Owner: demo_user
--

SELECT pg_catalog.setval('public.tutoria_actuacio_id_seq', 1, false);


--
-- Name: tutoria_cartaabsentisme_id_seq; Type: SEQUENCE SET; Schema: public; Owner: demo_user
--

SELECT pg_catalog.setval('public.tutoria_cartaabsentisme_id_seq', 1, false);


--
-- Name: tutoria_resumanualalumne_id_seq; Type: SEQUENCE SET; Schema: public; Owner: demo_user
--

SELECT pg_catalog.setval('public.tutoria_resumanualalumne_id_seq', 1, false);


--
-- Name: tutoria_seguimenttutorial_id_seq; Type: SEQUENCE SET; Schema: public; Owner: demo_user
--

SELECT pg_catalog.setval('public.tutoria_seguimenttutorial_id_seq', 1, false);


--
-- Name: tutoria_seguimenttutorialpreguntes_id_seq; Type: SEQUENCE SET; Schema: public; Owner: demo_user
--

SELECT pg_catalog.setval('public.tutoria_seguimenttutorialpreguntes_id_seq', 1, false);


--
-- Name: tutoria_seguimenttutorialrespostes_id_seq; Type: SEQUENCE SET; Schema: public; Owner: demo_user
--

SELECT pg_catalog.setval('public.tutoria_seguimenttutorialrespostes_id_seq', 1, false);


--
-- Name: tutoria_tutor_id_seq; Type: SEQUENCE SET; Schema: public; Owner: demo_user
--

SELECT pg_catalog.setval('public.tutoria_tutor_id_seq', 12, true);


--
-- Name: tutoria_tutorindividualitzat_id_seq; Type: SEQUENCE SET; Schema: public; Owner: demo_user
--

SELECT pg_catalog.setval('public.tutoria_tutorindividualitzat_id_seq', 1, false);


--
-- Name: usuaris_abstractonetimepasswd_id_seq; Type: SEQUENCE SET; Schema: public; Owner: demo_user
--

SELECT pg_catalog.setval('public.usuaris_abstractonetimepasswd_id_seq', 1, false);


--
-- Name: usuaris_accio_id_seq; Type: SEQUENCE SET; Schema: public; Owner: demo_user
--

SELECT pg_catalog.setval('public.usuaris_accio_id_seq', 1, false);


--
-- Name: usuaris_dadesaddicionalsprofessor_id_seq; Type: SEQUENCE SET; Schema: public; Owner: demo_user
--

SELECT pg_catalog.setval('public.usuaris_dadesaddicionalsprofessor_id_seq', 1, false);


--
-- Name: usuaris_departament_id_seq; Type: SEQUENCE SET; Schema: public; Owner: demo_user
--

SELECT pg_catalog.setval('public.usuaris_departament_id_seq', 1, false);


--
-- Name: usuaris_loginusuari_id_seq; Type: SEQUENCE SET; Schema: public; Owner: demo_user
--

SELECT pg_catalog.setval('public.usuaris_loginusuari_id_seq', 1, true);


--
-- Name: usuaris_notifusuari_id_seq; Type: SEQUENCE SET; Schema: public; Owner: demo_user
--

SELECT pg_catalog.setval('public.usuaris_notifusuari_id_seq', 1, false);


--
-- Name: usuaris_qrportal_id_seq; Type: SEQUENCE SET; Schema: public; Owner: demo_user
--

SELECT pg_catalog.setval('public.usuaris_qrportal_id_seq', 1, false);


--
-- Name: horaris_franjahoraria Franjes úniques; Type: CONSTRAINT; Schema: public; Owner: demo_user
--

ALTER TABLE ONLY public.horaris_franjahoraria
    ADD CONSTRAINT "Franjes úniques" UNIQUE (hora_inici, hora_fi);


--
-- Name: alumnes_alumne alumnes_alumne_pkey; Type: CONSTRAINT; Schema: public; Owner: demo_user
--

ALTER TABLE ONLY public.alumnes_alumne
    ADD CONSTRAINT alumnes_alumne_pkey PRIMARY KEY (id);


--
-- Name: alumnes_alumne alumnes_alumne_user_associat_id_key; Type: CONSTRAINT; Schema: public; Owner: demo_user
--

ALTER TABLE ONLY public.alumnes_alumne
    ADD CONSTRAINT alumnes_alumne_user_associat_id_key UNIQUE (user_associat_id);


--
-- Name: alumnes_curs alumnes_curs_nivell_id_nom_curs_2bdb3184_uniq; Type: CONSTRAINT; Schema: public; Owner: demo_user
--

ALTER TABLE ONLY public.alumnes_curs
    ADD CONSTRAINT alumnes_curs_nivell_id_nom_curs_2bdb3184_uniq UNIQUE (nivell_id, nom_curs);


--
-- Name: alumnes_curs alumnes_curs_nom_curs_complert_key; Type: CONSTRAINT; Schema: public; Owner: demo_user
--

ALTER TABLE ONLY public.alumnes_curs
    ADD CONSTRAINT alumnes_curs_nom_curs_complert_key UNIQUE (nom_curs_complert);


--
-- Name: alumnes_curs alumnes_curs_pkey; Type: CONSTRAINT; Schema: public; Owner: demo_user
--

ALTER TABLE ONLY public.alumnes_curs
    ADD CONSTRAINT alumnes_curs_pkey PRIMARY KEY (id);


--
-- Name: alumnes_dadesaddicionalsalumne alumnes_dadesaddicionalsalumne_alumne_id_label_400026d5_uniq; Type: CONSTRAINT; Schema: public; Owner: demo_user
--

ALTER TABLE ONLY public.alumnes_dadesaddicionalsalumne
    ADD CONSTRAINT alumnes_dadesaddicionalsalumne_alumne_id_label_400026d5_uniq UNIQUE (alumne_id, label);


--
-- Name: alumnes_dadesaddicionalsalumne alumnes_dadesaddicionalsalumne_pkey; Type: CONSTRAINT; Schema: public; Owner: demo_user
--

ALTER TABLE ONLY public.alumnes_dadesaddicionalsalumne
    ADD CONSTRAINT alumnes_dadesaddicionalsalumne_pkey PRIMARY KEY (id);


--
-- Name: alumnes_grup alumnes_grup_pkey; Type: CONSTRAINT; Schema: public; Owner: demo_user
--

ALTER TABLE ONLY public.alumnes_grup
    ADD CONSTRAINT alumnes_grup_pkey PRIMARY KEY (id);


--
-- Name: alumnes_nivell alumnes_nivell_nom_nivell_key; Type: CONSTRAINT; Schema: public; Owner: demo_user
--

ALTER TABLE ONLY public.alumnes_nivell
    ADD CONSTRAINT alumnes_nivell_nom_nivell_key UNIQUE (nom_nivell);


--
-- Name: alumnes_nivell alumnes_nivell_pkey; Type: CONSTRAINT; Schema: public; Owner: demo_user
--

ALTER TABLE ONLY public.alumnes_nivell
    ADD CONSTRAINT alumnes_nivell_pkey PRIMARY KEY (id);


--
-- Name: assignatures_assignatura assignatures_assignatura_pkey; Type: CONSTRAINT; Schema: public; Owner: demo_user
--

ALTER TABLE ONLY public.assignatures_assignatura
    ADD CONSTRAINT assignatures_assignatura_pkey PRIMARY KEY (id);


--
-- Name: assignatures_tipusdassignatura assignatures_tipusdassignatura_pkey; Type: CONSTRAINT; Schema: public; Owner: demo_user
--

ALTER TABLE ONLY public.assignatures_tipusdassignatura
    ADD CONSTRAINT assignatures_tipusdassignatura_pkey PRIMARY KEY (id);


--
-- Name: assignatures_tipusdassignatura assignatures_tipusdassignatura_tipus_assignatura_key; Type: CONSTRAINT; Schema: public; Owner: demo_user
--

ALTER TABLE ONLY public.assignatures_tipusdassignatura
    ADD CONSTRAINT assignatures_tipusdassignatura_tipus_assignatura_key UNIQUE (tipus_assignatura);


--
-- Name: aules_aula_disponibilitat_horaria aules_aula_disponibilita_aula_id_franjahoraria_id_c25f7ef5_uniq; Type: CONSTRAINT; Schema: public; Owner: demo_user
--

ALTER TABLE ONLY public.aules_aula_disponibilitat_horaria
    ADD CONSTRAINT aules_aula_disponibilita_aula_id_franjahoraria_id_c25f7ef5_uniq UNIQUE (aula_id, franjahoraria_id);


--
-- Name: aules_aula_disponibilitat_horaria aules_aula_disponibilitat_horaria_pkey; Type: CONSTRAINT; Schema: public; Owner: demo_user
--

ALTER TABLE ONLY public.aules_aula_disponibilitat_horaria
    ADD CONSTRAINT aules_aula_disponibilitat_horaria_pkey PRIMARY KEY (id);


--
-- Name: aules_aula aules_aula_pkey; Type: CONSTRAINT; Schema: public; Owner: demo_user
--

ALTER TABLE ONLY public.aules_aula
    ADD CONSTRAINT aules_aula_pkey PRIMARY KEY (id);


--
-- Name: aules_reservaaula aules_reservaaula_pkey; Type: CONSTRAINT; Schema: public; Owner: demo_user
--

ALTER TABLE ONLY public.aules_reservaaula
    ADD CONSTRAINT aules_reservaaula_pkey PRIMARY KEY (id);


--
-- Name: auth_group auth_group_name_key; Type: CONSTRAINT; Schema: public; Owner: demo_user
--

ALTER TABLE ONLY public.auth_group
    ADD CONSTRAINT auth_group_name_key UNIQUE (name);


--
-- Name: auth_group_permissions auth_group_permissions_group_id_permission_id_0cd325b0_uniq; Type: CONSTRAINT; Schema: public; Owner: demo_user
--

ALTER TABLE ONLY public.auth_group_permissions
    ADD CONSTRAINT auth_group_permissions_group_id_permission_id_0cd325b0_uniq UNIQUE (group_id, permission_id);


--
-- Name: auth_group_permissions auth_group_permissions_pkey; Type: CONSTRAINT; Schema: public; Owner: demo_user
--

ALTER TABLE ONLY public.auth_group_permissions
    ADD CONSTRAINT auth_group_permissions_pkey PRIMARY KEY (id);


--
-- Name: auth_group auth_group_pkey; Type: CONSTRAINT; Schema: public; Owner: demo_user
--

ALTER TABLE ONLY public.auth_group
    ADD CONSTRAINT auth_group_pkey PRIMARY KEY (id);


--
-- Name: auth_permission auth_permission_content_type_id_codename_01ab375a_uniq; Type: CONSTRAINT; Schema: public; Owner: demo_user
--

ALTER TABLE ONLY public.auth_permission
    ADD CONSTRAINT auth_permission_content_type_id_codename_01ab375a_uniq UNIQUE (content_type_id, codename);


--
-- Name: auth_permission auth_permission_pkey; Type: CONSTRAINT; Schema: public; Owner: demo_user
--

ALTER TABLE ONLY public.auth_permission
    ADD CONSTRAINT auth_permission_pkey PRIMARY KEY (id);


--
-- Name: auth_user_groups auth_user_groups_pkey; Type: CONSTRAINT; Schema: public; Owner: demo_user
--

ALTER TABLE ONLY public.auth_user_groups
    ADD CONSTRAINT auth_user_groups_pkey PRIMARY KEY (id);


--
-- Name: auth_user_groups auth_user_groups_user_id_group_id_94350c0c_uniq; Type: CONSTRAINT; Schema: public; Owner: demo_user
--

ALTER TABLE ONLY public.auth_user_groups
    ADD CONSTRAINT auth_user_groups_user_id_group_id_94350c0c_uniq UNIQUE (user_id, group_id);


--
-- Name: auth_user auth_user_pkey; Type: CONSTRAINT; Schema: public; Owner: demo_user
--

ALTER TABLE ONLY public.auth_user
    ADD CONSTRAINT auth_user_pkey PRIMARY KEY (id);


--
-- Name: auth_user_user_permissions auth_user_user_permissions_pkey; Type: CONSTRAINT; Schema: public; Owner: demo_user
--

ALTER TABLE ONLY public.auth_user_user_permissions
    ADD CONSTRAINT auth_user_user_permissions_pkey PRIMARY KEY (id);


--
-- Name: auth_user_user_permissions auth_user_user_permissions_user_id_permission_id_14a6b632_uniq; Type: CONSTRAINT; Schema: public; Owner: demo_user
--

ALTER TABLE ONLY public.auth_user_user_permissions
    ADD CONSTRAINT auth_user_user_permissions_user_id_permission_id_14a6b632_uniq UNIQUE (user_id, permission_id);


--
-- Name: auth_user auth_user_username_key; Type: CONSTRAINT; Schema: public; Owner: demo_user
--

ALTER TABLE ONLY public.auth_user
    ADD CONSTRAINT auth_user_username_key UNIQUE (username);


--
-- Name: avaluacioQualitativa_avaluacioqualitativa_grups avaluacioQualitativa_ava_avaluacioqualitativa_id__0b0d9adf_uniq; Type: CONSTRAINT; Schema: public; Owner: demo_user
--

ALTER TABLE ONLY public."avaluacioQualitativa_avaluacioqualitativa_grups"
    ADD CONSTRAINT "avaluacioQualitativa_ava_avaluacioqualitativa_id__0b0d9adf_uniq" UNIQUE (avaluacioqualitativa_id, grup_id);


--
-- Name: avaluacioQualitativa_avaluacioqualitativa_grups avaluacioQualitativa_avaluacioqualitativa_grups_pkey; Type: CONSTRAINT; Schema: public; Owner: demo_user
--

ALTER TABLE ONLY public."avaluacioQualitativa_avaluacioqualitativa_grups"
    ADD CONSTRAINT "avaluacioQualitativa_avaluacioqualitativa_grups_pkey" PRIMARY KEY (id);


--
-- Name: avaluacioQualitativa_avaluacioqualitativa avaluacioQualitativa_avaluacioqualitativa_nom_avaluacio_key; Type: CONSTRAINT; Schema: public; Owner: demo_user
--

ALTER TABLE ONLY public."avaluacioQualitativa_avaluacioqualitativa"
    ADD CONSTRAINT "avaluacioQualitativa_avaluacioqualitativa_nom_avaluacio_key" UNIQUE (nom_avaluacio);


--
-- Name: avaluacioQualitativa_avaluacioqualitativa avaluacioQualitativa_avaluacioqualitativa_pkey; Type: CONSTRAINT; Schema: public; Owner: demo_user
--

ALTER TABLE ONLY public."avaluacioQualitativa_avaluacioqualitativa"
    ADD CONSTRAINT "avaluacioQualitativa_avaluacioqualitativa_pkey" PRIMARY KEY (id);


--
-- Name: avaluacioQualitativa_itemqualitativa_nivells avaluacioQualitativa_ite_itemqualitativa_id_nivel_abdbebc5_uniq; Type: CONSTRAINT; Schema: public; Owner: demo_user
--

ALTER TABLE ONLY public."avaluacioQualitativa_itemqualitativa_nivells"
    ADD CONSTRAINT "avaluacioQualitativa_ite_itemqualitativa_id_nivel_abdbebc5_uniq" UNIQUE (itemqualitativa_id, nivell_id);


--
-- Name: avaluacioQualitativa_itemqualitativa_nivells avaluacioQualitativa_itemqualitativa_nivells_pkey; Type: CONSTRAINT; Schema: public; Owner: demo_user
--

ALTER TABLE ONLY public."avaluacioQualitativa_itemqualitativa_nivells"
    ADD CONSTRAINT "avaluacioQualitativa_itemqualitativa_nivells_pkey" PRIMARY KEY (id);


--
-- Name: avaluacioQualitativa_itemqualitativa avaluacioQualitativa_itemqualitativa_pkey; Type: CONSTRAINT; Schema: public; Owner: demo_user
--

ALTER TABLE ONLY public."avaluacioQualitativa_itemqualitativa"
    ADD CONSTRAINT "avaluacioQualitativa_itemqualitativa_pkey" PRIMARY KEY (id);


--
-- Name: avaluacioQualitativa_itemqualitativa avaluacioQualitativa_itemqualitativa_text_key; Type: CONSTRAINT; Schema: public; Owner: demo_user
--

ALTER TABLE ONLY public."avaluacioQualitativa_itemqualitativa"
    ADD CONSTRAINT "avaluacioQualitativa_itemqualitativa_text_key" UNIQUE (text);


--
-- Name: avaluacioQualitativa_respostaavaluacioqualitativa avaluacioQualitativa_res_qualitativa_id_assignatu_0956898b_uniq; Type: CONSTRAINT; Schema: public; Owner: demo_user
--

ALTER TABLE ONLY public."avaluacioQualitativa_respostaavaluacioqualitativa"
    ADD CONSTRAINT "avaluacioQualitativa_res_qualitativa_id_assignatu_0956898b_uniq" UNIQUE (qualitativa_id, assignatura_id, alumne_id, professor_id, item_id);


--
-- Name: avaluacioQualitativa_respostaavaluacioqualitativa_notificacb104 avaluacioQualitativa_res_respostaavaluacioqualita_1eddb9cf_uniq; Type: CONSTRAINT; Schema: public; Owner: demo_user
--

ALTER TABLE ONLY public."avaluacioQualitativa_respostaavaluacioqualitativa_notificacb104"
    ADD CONSTRAINT "avaluacioQualitativa_res_respostaavaluacioqualita_1eddb9cf_uniq" UNIQUE (respostaavaluacioqualitativa_id, notifusuari_id);


--
-- Name: avaluacioQualitativa_respostaavaluacioqualitativa_notificacb104 avaluacioQualitativa_respostaavaluacioqualitativa_notifica_pkey; Type: CONSTRAINT; Schema: public; Owner: demo_user
--

ALTER TABLE ONLY public."avaluacioQualitativa_respostaavaluacioqualitativa_notificacb104"
    ADD CONSTRAINT "avaluacioQualitativa_respostaavaluacioqualitativa_notifica_pkey" PRIMARY KEY (id);


--
-- Name: avaluacioQualitativa_respostaavaluacioqualitativa avaluacioQualitativa_respostaavaluacioqualitativa_pkey; Type: CONSTRAINT; Schema: public; Owner: demo_user
--

ALTER TABLE ONLY public."avaluacioQualitativa_respostaavaluacioqualitativa"
    ADD CONSTRAINT "avaluacioQualitativa_respostaavaluacioqualitativa_pkey" PRIMARY KEY (id);


--
-- Name: baixes_feina baixes_feina_impartir_id_key; Type: CONSTRAINT; Schema: public; Owner: demo_user
--

ALTER TABLE ONLY public.baixes_feina
    ADD CONSTRAINT baixes_feina_impartir_id_key UNIQUE (impartir_id);


--
-- Name: baixes_feina baixes_feina_pkey; Type: CONSTRAINT; Schema: public; Owner: demo_user
--

ALTER TABLE ONLY public.baixes_feina
    ADD CONSTRAINT baixes_feina_pkey PRIMARY KEY (id);


--
-- Name: django_admin_log django_admin_log_pkey; Type: CONSTRAINT; Schema: public; Owner: demo_user
--

ALTER TABLE ONLY public.django_admin_log
    ADD CONSTRAINT django_admin_log_pkey PRIMARY KEY (id);


--
-- Name: django_content_type django_content_type_app_label_model_76bd3d3b_uniq; Type: CONSTRAINT; Schema: public; Owner: demo_user
--

ALTER TABLE ONLY public.django_content_type
    ADD CONSTRAINT django_content_type_app_label_model_76bd3d3b_uniq UNIQUE (app_label, model);


--
-- Name: django_content_type django_content_type_pkey; Type: CONSTRAINT; Schema: public; Owner: demo_user
--

ALTER TABLE ONLY public.django_content_type
    ADD CONSTRAINT django_content_type_pkey PRIMARY KEY (id);


--
-- Name: django_migrations django_migrations_pkey; Type: CONSTRAINT; Schema: public; Owner: demo_user
--

ALTER TABLE ONLY public.django_migrations
    ADD CONSTRAINT django_migrations_pkey PRIMARY KEY (id);


--
-- Name: django_session django_session_pkey; Type: CONSTRAINT; Schema: public; Owner: demo_user
--

ALTER TABLE ONLY public.django_session
    ADD CONSTRAINT django_session_pkey PRIMARY KEY (session_key);


--
-- Name: django_site django_site_domain_a2e37b91_uniq; Type: CONSTRAINT; Schema: public; Owner: demo_user
--

ALTER TABLE ONLY public.django_site
    ADD CONSTRAINT django_site_domain_a2e37b91_uniq UNIQUE (domain);


--
-- Name: django_site django_site_pkey; Type: CONSTRAINT; Schema: public; Owner: demo_user
--

ALTER TABLE ONLY public.django_site
    ADD CONSTRAINT django_site_pkey PRIMARY KEY (id);


--
-- Name: extEsfera_grup2aula extEsfera_grup2aula_grup_esfera_key; Type: CONSTRAINT; Schema: public; Owner: demo_user
--

ALTER TABLE ONLY public."extEsfera_grup2aula"
    ADD CONSTRAINT "extEsfera_grup2aula_grup_esfera_key" UNIQUE (grup_esfera);


--
-- Name: extEsfera_grup2aula extEsfera_grup2aula_pkey; Type: CONSTRAINT; Schema: public; Owner: demo_user
--

ALTER TABLE ONLY public."extEsfera_grup2aula"
    ADD CONSTRAINT "extEsfera_grup2aula_pkey" PRIMARY KEY (id);


--
-- Name: extEsfera_parametreesfera extEsfera_parametreesfera_nom_parametre_key; Type: CONSTRAINT; Schema: public; Owner: demo_user
--

ALTER TABLE ONLY public."extEsfera_parametreesfera"
    ADD CONSTRAINT "extEsfera_parametreesfera_nom_parametre_key" UNIQUE (nom_parametre);


--
-- Name: extEsfera_parametreesfera extEsfera_parametreesfera_pkey; Type: CONSTRAINT; Schema: public; Owner: demo_user
--

ALTER TABLE ONLY public."extEsfera_parametreesfera"
    ADD CONSTRAINT "extEsfera_parametreesfera_pkey" PRIMARY KEY (id);


--
-- Name: extKronowin_franja2aula extKronowin_franja2aula_franja_kronowin_key; Type: CONSTRAINT; Schema: public; Owner: demo_user
--

ALTER TABLE ONLY public."extKronowin_franja2aula"
    ADD CONSTRAINT "extKronowin_franja2aula_franja_kronowin_key" UNIQUE (franja_kronowin);


--
-- Name: extKronowin_franja2aula extKronowin_franja2aula_pkey; Type: CONSTRAINT; Schema: public; Owner: demo_user
--

ALTER TABLE ONLY public."extKronowin_franja2aula"
    ADD CONSTRAINT "extKronowin_franja2aula_pkey" PRIMARY KEY (id);


--
-- Name: extKronowin_grup2aula extKronowin_grup2aula_grup_kronowin_key; Type: CONSTRAINT; Schema: public; Owner: demo_user
--

ALTER TABLE ONLY public."extKronowin_grup2aula"
    ADD CONSTRAINT "extKronowin_grup2aula_grup_kronowin_key" UNIQUE (grup_kronowin);


--
-- Name: extKronowin_grup2aula extKronowin_grup2aula_pkey; Type: CONSTRAINT; Schema: public; Owner: demo_user
--

ALTER TABLE ONLY public."extKronowin_grup2aula"
    ADD CONSTRAINT "extKronowin_grup2aula_pkey" PRIMARY KEY (id);


--
-- Name: extKronowin_parametrekronowin extKronowin_parametrekronowin_nom_parametre_key; Type: CONSTRAINT; Schema: public; Owner: demo_user
--

ALTER TABLE ONLY public."extKronowin_parametrekronowin"
    ADD CONSTRAINT "extKronowin_parametrekronowin_nom_parametre_key" UNIQUE (nom_parametre);


--
-- Name: extKronowin_parametrekronowin extKronowin_parametrekronowin_pkey; Type: CONSTRAINT; Schema: public; Owner: demo_user
--

ALTER TABLE ONLY public."extKronowin_parametrekronowin"
    ADD CONSTRAINT "extKronowin_parametrekronowin_pkey" PRIMARY KEY (id);


--
-- Name: extPreinscripcio_nivell2aula extPreinscripcio_nivell2aula_nivellgedac_key; Type: CONSTRAINT; Schema: public; Owner: demo_user
--

ALTER TABLE ONLY public."extPreinscripcio_nivell2aula"
    ADD CONSTRAINT "extPreinscripcio_nivell2aula_nivellgedac_key" UNIQUE (nivellgedac);


--
-- Name: extPreinscripcio_nivell2aula extPreinscripcio_nivell2aula_pkey; Type: CONSTRAINT; Schema: public; Owner: demo_user
--

ALTER TABLE ONLY public."extPreinscripcio_nivell2aula"
    ADD CONSTRAINT "extPreinscripcio_nivell2aula_pkey" PRIMARY KEY (id);


--
-- Name: extPreinscripcio_preinscripcio extPreinscripcio_preinscripcio_pkey; Type: CONSTRAINT; Schema: public; Owner: demo_user
--

ALTER TABLE ONLY public."extPreinscripcio_preinscripcio"
    ADD CONSTRAINT "extPreinscripcio_preinscripcio_pkey" PRIMARY KEY (id);


--
-- Name: extSaga_grup2aula extSaga_grup2aula_grup_saga_key; Type: CONSTRAINT; Schema: public; Owner: demo_user
--

ALTER TABLE ONLY public."extSaga_grup2aula"
    ADD CONSTRAINT "extSaga_grup2aula_grup_saga_key" UNIQUE (grup_saga);


--
-- Name: extSaga_grup2aula extSaga_grup2aula_pkey; Type: CONSTRAINT; Schema: public; Owner: demo_user
--

ALTER TABLE ONLY public."extSaga_grup2aula"
    ADD CONSTRAINT "extSaga_grup2aula_pkey" PRIMARY KEY (id);


--
-- Name: extSaga_parametresaga extSaga_parametresaga_nom_parametre_key; Type: CONSTRAINT; Schema: public; Owner: demo_user
--

ALTER TABLE ONLY public."extSaga_parametresaga"
    ADD CONSTRAINT "extSaga_parametresaga_nom_parametre_key" UNIQUE (nom_parametre);


--
-- Name: extSaga_parametresaga extSaga_parametresaga_pkey; Type: CONSTRAINT; Schema: public; Owner: demo_user
--

ALTER TABLE ONLY public."extSaga_parametresaga"
    ADD CONSTRAINT "extSaga_parametresaga_pkey" PRIMARY KEY (id);


--
-- Name: extUntis_agrupament extUntis_agrupament_pkey; Type: CONSTRAINT; Schema: public; Owner: demo_user
--

ALTER TABLE ONLY public."extUntis_agrupament"
    ADD CONSTRAINT "extUntis_agrupament_pkey" PRIMARY KEY (id);


--
-- Name: horaris_diadelasetmana horaris_diadelasetmana_dia_2_lletres_key; Type: CONSTRAINT; Schema: public; Owner: demo_user
--

ALTER TABLE ONLY public.horaris_diadelasetmana
    ADD CONSTRAINT horaris_diadelasetmana_dia_2_lletres_key UNIQUE (dia_2_lletres);


--
-- Name: horaris_diadelasetmana horaris_diadelasetmana_dia_de_la_setmana_key; Type: CONSTRAINT; Schema: public; Owner: demo_user
--

ALTER TABLE ONLY public.horaris_diadelasetmana
    ADD CONSTRAINT horaris_diadelasetmana_dia_de_la_setmana_key UNIQUE (dia_de_la_setmana);


--
-- Name: horaris_diadelasetmana horaris_diadelasetmana_n_dia_ca_key; Type: CONSTRAINT; Schema: public; Owner: demo_user
--

ALTER TABLE ONLY public.horaris_diadelasetmana
    ADD CONSTRAINT horaris_diadelasetmana_n_dia_ca_key UNIQUE (n_dia_ca);


--
-- Name: horaris_diadelasetmana horaris_diadelasetmana_n_dia_uk_key; Type: CONSTRAINT; Schema: public; Owner: demo_user
--

ALTER TABLE ONLY public.horaris_diadelasetmana
    ADD CONSTRAINT horaris_diadelasetmana_n_dia_uk_key UNIQUE (n_dia_uk);


--
-- Name: horaris_diadelasetmana horaris_diadelasetmana_pkey; Type: CONSTRAINT; Schema: public; Owner: demo_user
--

ALTER TABLE ONLY public.horaris_diadelasetmana
    ADD CONSTRAINT horaris_diadelasetmana_pkey PRIMARY KEY (id);


--
-- Name: horaris_festiu horaris_festiu_pkey; Type: CONSTRAINT; Schema: public; Owner: demo_user
--

ALTER TABLE ONLY public.horaris_festiu
    ADD CONSTRAINT horaris_festiu_pkey PRIMARY KEY (id);


--
-- Name: horaris_franjahoraria horaris_franjahoraria_pkey; Type: CONSTRAINT; Schema: public; Owner: demo_user
--

ALTER TABLE ONLY public.horaris_franjahoraria
    ADD CONSTRAINT horaris_franjahoraria_pkey PRIMARY KEY (id);


--
-- Name: horaris_horari horaris_horari_pkey; Type: CONSTRAINT; Schema: public; Owner: demo_user
--

ALTER TABLE ONLY public.horaris_horari
    ADD CONSTRAINT horaris_horari_pkey PRIMARY KEY (id);


--
-- Name: incidencies_expulsio_notificacions_familia incidencies_expulsio_not_expulsio_id_notifusuari__ec3e5029_uniq; Type: CONSTRAINT; Schema: public; Owner: demo_user
--

ALTER TABLE ONLY public.incidencies_expulsio_notificacions_familia
    ADD CONSTRAINT incidencies_expulsio_not_expulsio_id_notifusuari__ec3e5029_uniq UNIQUE (expulsio_id, notifusuari_id);


--
-- Name: incidencies_expulsio_notificacions_familia incidencies_expulsio_notificacions_familia_pkey; Type: CONSTRAINT; Schema: public; Owner: demo_user
--

ALTER TABLE ONLY public.incidencies_expulsio_notificacions_familia
    ADD CONSTRAINT incidencies_expulsio_notificacions_familia_pkey PRIMARY KEY (id);


--
-- Name: incidencies_expulsio incidencies_expulsio_pkey; Type: CONSTRAINT; Schema: public; Owner: demo_user
--

ALTER TABLE ONLY public.incidencies_expulsio
    ADD CONSTRAINT incidencies_expulsio_pkey PRIMARY KEY (id);


--
-- Name: incidencies_frassesincidenciaaula incidencies_frassesincidenciaaula_frase_key; Type: CONSTRAINT; Schema: public; Owner: demo_user
--

ALTER TABLE ONLY public.incidencies_frassesincidenciaaula
    ADD CONSTRAINT incidencies_frassesincidenciaaula_frase_key UNIQUE (frase);


--
-- Name: incidencies_frassesincidenciaaula incidencies_frassesincidenciaaula_pkey; Type: CONSTRAINT; Schema: public; Owner: demo_user
--

ALTER TABLE ONLY public.incidencies_frassesincidenciaaula
    ADD CONSTRAINT incidencies_frassesincidenciaaula_pkey PRIMARY KEY (id);


--
-- Name: incidencies_incidencia_notificacions_familia incidencies_incidencia_n_incidencia_id_notifusuar_b8a129a3_uniq; Type: CONSTRAINT; Schema: public; Owner: demo_user
--

ALTER TABLE ONLY public.incidencies_incidencia_notificacions_familia
    ADD CONSTRAINT incidencies_incidencia_n_incidencia_id_notifusuar_b8a129a3_uniq UNIQUE (incidencia_id, notifusuari_id);


--
-- Name: incidencies_incidencia_notificacions_familia incidencies_incidencia_notificacions_familia_pkey; Type: CONSTRAINT; Schema: public; Owner: demo_user
--

ALTER TABLE ONLY public.incidencies_incidencia_notificacions_familia
    ADD CONSTRAINT incidencies_incidencia_notificacions_familia_pkey PRIMARY KEY (id);


--
-- Name: incidencies_incidencia incidencies_incidencia_pkey; Type: CONSTRAINT; Schema: public; Owner: demo_user
--

ALTER TABLE ONLY public.incidencies_incidencia
    ADD CONSTRAINT incidencies_incidencia_pkey PRIMARY KEY (id);


--
-- Name: incidencies_sancio_notificacions_familia incidencies_sancio_notif_sancio_id_notifusuari_id_712fd5f0_uniq; Type: CONSTRAINT; Schema: public; Owner: demo_user
--

ALTER TABLE ONLY public.incidencies_sancio_notificacions_familia
    ADD CONSTRAINT incidencies_sancio_notif_sancio_id_notifusuari_id_712fd5f0_uniq UNIQUE (sancio_id, notifusuari_id);


--
-- Name: incidencies_sancio_notificacions_familia incidencies_sancio_notificacions_familia_pkey; Type: CONSTRAINT; Schema: public; Owner: demo_user
--

ALTER TABLE ONLY public.incidencies_sancio_notificacions_familia
    ADD CONSTRAINT incidencies_sancio_notificacions_familia_pkey PRIMARY KEY (id);


--
-- Name: incidencies_sancio incidencies_sancio_pkey; Type: CONSTRAINT; Schema: public; Owner: demo_user
--

ALTER TABLE ONLY public.incidencies_sancio
    ADD CONSTRAINT incidencies_sancio_pkey PRIMARY KEY (id);


--
-- Name: incidencies_tipusincidencia incidencies_tipusincidencia_pkey; Type: CONSTRAINT; Schema: public; Owner: demo_user
--

ALTER TABLE ONLY public.incidencies_tipusincidencia
    ADD CONSTRAINT incidencies_tipusincidencia_pkey PRIMARY KEY (id);


--
-- Name: incidencies_tipusincidencia incidencies_tipusincidencia_tipus_key; Type: CONSTRAINT; Schema: public; Owner: demo_user
--

ALTER TABLE ONLY public.incidencies_tipusincidencia
    ADD CONSTRAINT incidencies_tipusincidencia_tipus_key UNIQUE (tipus);


--
-- Name: incidencies_tipussancio incidencies_tipussancio_pkey; Type: CONSTRAINT; Schema: public; Owner: demo_user
--

ALTER TABLE ONLY public.incidencies_tipussancio
    ADD CONSTRAINT incidencies_tipussancio_pkey PRIMARY KEY (id);


--
-- Name: incidencies_tipussancio incidencies_tipussancio_tipus_key; Type: CONSTRAINT; Schema: public; Owner: demo_user
--

ALTER TABLE ONLY public.incidencies_tipussancio
    ADD CONSTRAINT incidencies_tipussancio_tipus_key UNIQUE (tipus);


--
-- Name: material_recurs_disponibilitat_horaria material_recurs_disponib_recurs_id_franjahoraria__3c0c5e7b_uniq; Type: CONSTRAINT; Schema: public; Owner: demo_user
--

ALTER TABLE ONLY public.material_recurs_disponibilitat_horaria
    ADD CONSTRAINT material_recurs_disponib_recurs_id_franjahoraria__3c0c5e7b_uniq UNIQUE (recurs_id, franjahoraria_id);


--
-- Name: material_recurs_disponibilitat_horaria material_recurs_disponibilitat_horaria_pkey; Type: CONSTRAINT; Schema: public; Owner: demo_user
--

ALTER TABLE ONLY public.material_recurs_disponibilitat_horaria
    ADD CONSTRAINT material_recurs_disponibilitat_horaria_pkey PRIMARY KEY (id);


--
-- Name: material_recurs material_recurs_pkey; Type: CONSTRAINT; Schema: public; Owner: demo_user
--

ALTER TABLE ONLY public.material_recurs
    ADD CONSTRAINT material_recurs_pkey PRIMARY KEY (id);


--
-- Name: material_reservarecurs material_reservarecurs_pkey; Type: CONSTRAINT; Schema: public; Owner: demo_user
--

ALTER TABLE ONLY public.material_reservarecurs
    ADD CONSTRAINT material_reservarecurs_pkey PRIMARY KEY (id);


--
-- Name: matricula_document matricula_document_pkey; Type: CONSTRAINT; Schema: public; Owner: demo_user
--

ALTER TABLE ONLY public.matricula_document
    ADD CONSTRAINT matricula_document_pkey PRIMARY KEY (id);


--
-- Name: matricula_matricula matricula_matricula_pkey; Type: CONSTRAINT; Schema: public; Owner: demo_user
--

ALTER TABLE ONLY public.matricula_matricula
    ADD CONSTRAINT matricula_matricula_pkey PRIMARY KEY (id);


--
-- Name: missatgeria_destinatari missatgeria_destinatari_pkey; Type: CONSTRAINT; Schema: public; Owner: demo_user
--

ALTER TABLE ONLY public.missatgeria_destinatari
    ADD CONSTRAINT missatgeria_destinatari_pkey PRIMARY KEY (id);


--
-- Name: missatgeria_detallmissatge missatgeria_detallmissatge_pkey; Type: CONSTRAINT; Schema: public; Owner: demo_user
--

ALTER TABLE ONLY public.missatgeria_detallmissatge
    ADD CONSTRAINT missatgeria_detallmissatge_pkey PRIMARY KEY (id);


--
-- Name: missatgeria_missatge missatgeria_missatge_pkey; Type: CONSTRAINT; Schema: public; Owner: demo_user
--

ALTER TABLE ONLY public.missatgeria_missatge
    ADD CONSTRAINT missatgeria_missatge_pkey PRIMARY KEY (id);


--
-- Name: presencia_controlassistencia presencia_controlassiste_alumne_id_impartir_id_7ccc1d15_uniq; Type: CONSTRAINT; Schema: public; Owner: demo_user
--

ALTER TABLE ONLY public.presencia_controlassistencia
    ADD CONSTRAINT presencia_controlassiste_alumne_id_impartir_id_7ccc1d15_uniq UNIQUE (alumne_id, impartir_id);


--
-- Name: presencia_controlassistencia_notificacions_familia presencia_controlassiste_controlassistencia_id_no_57a03e1c_uniq; Type: CONSTRAINT; Schema: public; Owner: demo_user
--

ALTER TABLE ONLY public.presencia_controlassistencia_notificacions_familia
    ADD CONSTRAINT presencia_controlassiste_controlassistencia_id_no_57a03e1c_uniq UNIQUE (controlassistencia_id, notifusuari_id);


--
-- Name: presencia_controlassistencia_notificacions_familia presencia_controlassistencia_notificacions_familia_pkey; Type: CONSTRAINT; Schema: public; Owner: demo_user
--

ALTER TABLE ONLY public.presencia_controlassistencia_notificacions_familia
    ADD CONSTRAINT presencia_controlassistencia_notificacions_familia_pkey PRIMARY KEY (id);


--
-- Name: presencia_controlassistencia presencia_controlassistencia_pkey; Type: CONSTRAINT; Schema: public; Owner: demo_user
--

ALTER TABLE ONLY public.presencia_controlassistencia
    ADD CONSTRAINT presencia_controlassistencia_pkey PRIMARY KEY (id);


--
-- Name: presencia_estatcontrolassistencia presencia_estatcontrolassistencia_codi_estat_key; Type: CONSTRAINT; Schema: public; Owner: demo_user
--

ALTER TABLE ONLY public.presencia_estatcontrolassistencia
    ADD CONSTRAINT presencia_estatcontrolassistencia_codi_estat_key UNIQUE (codi_estat);


--
-- Name: presencia_estatcontrolassistencia presencia_estatcontrolassistencia_nom_estat_key; Type: CONSTRAINT; Schema: public; Owner: demo_user
--

ALTER TABLE ONLY public.presencia_estatcontrolassistencia
    ADD CONSTRAINT presencia_estatcontrolassistencia_nom_estat_key UNIQUE (nom_estat);


--
-- Name: presencia_estatcontrolassistencia presencia_estatcontrolassistencia_pkey; Type: CONSTRAINT; Schema: public; Owner: demo_user
--

ALTER TABLE ONLY public.presencia_estatcontrolassistencia
    ADD CONSTRAINT presencia_estatcontrolassistencia_pkey PRIMARY KEY (id);


--
-- Name: presencia_impartir presencia_impartir_dia_impartir_horari_id_8c2a2757_uniq; Type: CONSTRAINT; Schema: public; Owner: demo_user
--

ALTER TABLE ONLY public.presencia_impartir
    ADD CONSTRAINT presencia_impartir_dia_impartir_horari_id_8c2a2757_uniq UNIQUE (dia_impartir, horari_id);


--
-- Name: presencia_impartir presencia_impartir_pkey; Type: CONSTRAINT; Schema: public; Owner: demo_user
--

ALTER TABLE ONLY public.presencia_impartir
    ADD CONSTRAINT presencia_impartir_pkey PRIMARY KEY (id);


--
-- Name: presencia_nohadeseralaula presencia_nohadeseralaula_pkey; Type: CONSTRAINT; Schema: public; Owner: demo_user
--

ALTER TABLE ONLY public.presencia_nohadeseralaula
    ADD CONSTRAINT presencia_nohadeseralaula_pkey PRIMARY KEY (id);


--
-- Name: relacioFamilies_docattach relacioFamilies_docattach_pkey; Type: CONSTRAINT; Schema: public; Owner: demo_user
--

ALTER TABLE ONLY public."relacioFamilies_docattach"
    ADD CONSTRAINT "relacioFamilies_docattach_pkey" PRIMARY KEY (id);


--
-- Name: relacioFamilies_emailpendent relacioFamilies_emailpendent_pkey; Type: CONSTRAINT; Schema: public; Owner: demo_user
--

ALTER TABLE ONLY public."relacioFamilies_emailpendent"
    ADD CONSTRAINT "relacioFamilies_emailpendent_pkey" PRIMARY KEY (id);


--
-- Name: relacioFamilies_responsable_alumnes_associats relacioFamilies_responsa_responsable_id_alumne_id_f8162d1a_uniq; Type: CONSTRAINT; Schema: public; Owner: demo_user
--

ALTER TABLE ONLY public."relacioFamilies_responsable_alumnes_associats"
    ADD CONSTRAINT "relacioFamilies_responsa_responsable_id_alumne_id_f8162d1a_uniq" UNIQUE (responsable_id, alumne_id);


--
-- Name: relacioFamilies_responsable_alumnes_associats relacioFamilies_responsable_alumnes_associats_pkey; Type: CONSTRAINT; Schema: public; Owner: demo_user
--

ALTER TABLE ONLY public."relacioFamilies_responsable_alumnes_associats"
    ADD CONSTRAINT "relacioFamilies_responsable_alumnes_associats_pkey" PRIMARY KEY (id);


--
-- Name: relacioFamilies_responsable relacioFamilies_responsable_dni_key; Type: CONSTRAINT; Schema: public; Owner: demo_user
--

ALTER TABLE ONLY public."relacioFamilies_responsable"
    ADD CONSTRAINT "relacioFamilies_responsable_dni_key" UNIQUE (dni);


--
-- Name: relacioFamilies_responsable relacioFamilies_responsable_pkey; Type: CONSTRAINT; Schema: public; Owner: demo_user
--

ALTER TABLE ONLY public."relacioFamilies_responsable"
    ADD CONSTRAINT "relacioFamilies_responsable_pkey" PRIMARY KEY (id);


--
-- Name: relacioFamilies_responsable relacioFamilies_responsable_user_associat_id_key; Type: CONSTRAINT; Schema: public; Owner: demo_user
--

ALTER TABLE ONLY public."relacioFamilies_responsable"
    ADD CONSTRAINT "relacioFamilies_responsable_user_associat_id_key" UNIQUE (user_associat_id);


--
-- Name: sortides_notificasortida_notificacions_familia sortides_notificasortida_notificacions_familia_pkey; Type: CONSTRAINT; Schema: public; Owner: demo_user
--

ALTER TABLE ONLY public.sortides_notificasortida_notificacions_familia
    ADD CONSTRAINT sortides_notificasortida_notificacions_familia_pkey PRIMARY KEY (id);


--
-- Name: sortides_notificasortida_notificacions_familia sortides_notificasortida_notificasortida_id_notif_d1c713bd_uniq; Type: CONSTRAINT; Schema: public; Owner: demo_user
--

ALTER TABLE ONLY public.sortides_notificasortida_notificacions_familia
    ADD CONSTRAINT sortides_notificasortida_notificasortida_id_notif_d1c713bd_uniq UNIQUE (notificasortida_id, notifusuari_id);


--
-- Name: sortides_notificasortida sortides_notificasortida_pkey; Type: CONSTRAINT; Schema: public; Owner: demo_user
--

ALTER TABLE ONLY public.sortides_notificasortida
    ADD CONSTRAINT sortides_notificasortida_pkey PRIMARY KEY (id);


--
-- Name: sortides_pagament_notificacions_familia sortides_pagament_notifi_pagament_id_notifusuari__84f7e206_uniq; Type: CONSTRAINT; Schema: public; Owner: demo_user
--

ALTER TABLE ONLY public.sortides_pagament_notificacions_familia
    ADD CONSTRAINT sortides_pagament_notifi_pagament_id_notifusuari__84f7e206_uniq UNIQUE (pagament_id, notifusuari_id);


--
-- Name: sortides_pagament_notificacions_familia sortides_pagament_notificacions_familia_pkey; Type: CONSTRAINT; Schema: public; Owner: demo_user
--

ALTER TABLE ONLY public.sortides_pagament_notificacions_familia
    ADD CONSTRAINT sortides_pagament_notificacions_familia_pkey PRIMARY KEY (id);


--
-- Name: sortides_pagament sortides_pagament_ordre_pagament_key; Type: CONSTRAINT; Schema: public; Owner: demo_user
--

ALTER TABLE ONLY public.sortides_pagament
    ADD CONSTRAINT sortides_pagament_ordre_pagament_key UNIQUE (ordre_pagament);


--
-- Name: sortides_pagament sortides_pagament_pkey; Type: CONSTRAINT; Schema: public; Owner: demo_user
--

ALTER TABLE ONLY public.sortides_pagament
    ADD CONSTRAINT sortides_pagament_pkey PRIMARY KEY (id);


--
-- Name: sortides_quota sortides_quota_pkey; Type: CONSTRAINT; Schema: public; Owner: demo_user
--

ALTER TABLE ONLY public.sortides_quota
    ADD CONSTRAINT sortides_quota_pkey PRIMARY KEY (id);


--
-- Name: sortides_sortida_altres_professors_acompanyants sortides_sortida_altres__sortida_id_professor_id_6873d0e3_uniq; Type: CONSTRAINT; Schema: public; Owner: demo_user
--

ALTER TABLE ONLY public.sortides_sortida_altres_professors_acompanyants
    ADD CONSTRAINT sortides_sortida_altres__sortida_id_professor_id_6873d0e3_uniq UNIQUE (sortida_id, professor_id);


--
-- Name: sortides_sortida_altres_professors_acompanyants sortides_sortida_altres_professors_acompanyants_pkey; Type: CONSTRAINT; Schema: public; Owner: demo_user
--

ALTER TABLE ONLY public.sortides_sortida_altres_professors_acompanyants
    ADD CONSTRAINT sortides_sortida_altres_professors_acompanyants_pkey PRIMARY KEY (id);


--
-- Name: sortides_sortida_alumnes_convocats sortides_sortida_alumnes_convocats_pkey; Type: CONSTRAINT; Schema: public; Owner: demo_user
--

ALTER TABLE ONLY public.sortides_sortida_alumnes_convocats
    ADD CONSTRAINT sortides_sortida_alumnes_convocats_pkey PRIMARY KEY (id);


--
-- Name: sortides_sortida_alumnes_justificacio sortides_sortida_alumnes_justificacio_pkey; Type: CONSTRAINT; Schema: public; Owner: demo_user
--

ALTER TABLE ONLY public.sortides_sortida_alumnes_justificacio
    ADD CONSTRAINT sortides_sortida_alumnes_justificacio_pkey PRIMARY KEY (id);


--
-- Name: sortides_sortida_alumnes_que_no_vindran sortides_sortida_alumnes_que_no_vindran_pkey; Type: CONSTRAINT; Schema: public; Owner: demo_user
--

ALTER TABLE ONLY public.sortides_sortida_alumnes_que_no_vindran
    ADD CONSTRAINT sortides_sortida_alumnes_que_no_vindran_pkey PRIMARY KEY (id);


--
-- Name: sortides_sortida_alumnes_justificacio sortides_sortida_alumnes_sortida_id_alumne_id_3c9d585c_uniq; Type: CONSTRAINT; Schema: public; Owner: demo_user
--

ALTER TABLE ONLY public.sortides_sortida_alumnes_justificacio
    ADD CONSTRAINT sortides_sortida_alumnes_sortida_id_alumne_id_3c9d585c_uniq UNIQUE (sortida_id, alumne_id);


--
-- Name: sortides_sortida_alumnes_convocats sortides_sortida_alumnes_sortida_id_alumne_id_b472e8b0_uniq; Type: CONSTRAINT; Schema: public; Owner: demo_user
--

ALTER TABLE ONLY public.sortides_sortida_alumnes_convocats
    ADD CONSTRAINT sortides_sortida_alumnes_sortida_id_alumne_id_b472e8b0_uniq UNIQUE (sortida_id, alumne_id);


--
-- Name: sortides_sortida_alumnes_que_no_vindran sortides_sortida_alumnes_sortida_id_alumne_id_cc11f86d_uniq; Type: CONSTRAINT; Schema: public; Owner: demo_user
--

ALTER TABLE ONLY public.sortides_sortida_alumnes_que_no_vindran
    ADD CONSTRAINT sortides_sortida_alumnes_sortida_id_alumne_id_cc11f86d_uniq UNIQUE (sortida_id, alumne_id);


--
-- Name: sortides_sortida sortides_sortida_pkey; Type: CONSTRAINT; Schema: public; Owner: demo_user
--

ALTER TABLE ONLY public.sortides_sortida
    ADD CONSTRAINT sortides_sortida_pkey PRIMARY KEY (id);


--
-- Name: sortides_sortida_professors_responsables sortides_sortida_profess_sortida_id_professor_id_a42791c6_uniq; Type: CONSTRAINT; Schema: public; Owner: demo_user
--

ALTER TABLE ONLY public.sortides_sortida_professors_responsables
    ADD CONSTRAINT sortides_sortida_profess_sortida_id_professor_id_a42791c6_uniq UNIQUE (sortida_id, professor_id);


--
-- Name: sortides_sortida_professors_responsables sortides_sortida_professors_responsables_pkey; Type: CONSTRAINT; Schema: public; Owner: demo_user
--

ALTER TABLE ONLY public.sortides_sortida_professors_responsables
    ADD CONSTRAINT sortides_sortida_professors_responsables_pkey PRIMARY KEY (id);


--
-- Name: sortides_sortida_tutors_alumnes_convocats sortides_sortida_tutors__sortida_id_professor_id_92a78ddd_uniq; Type: CONSTRAINT; Schema: public; Owner: demo_user
--

ALTER TABLE ONLY public.sortides_sortida_tutors_alumnes_convocats
    ADD CONSTRAINT sortides_sortida_tutors__sortida_id_professor_id_92a78ddd_uniq UNIQUE (sortida_id, professor_id);


--
-- Name: sortides_sortida_tutors_alumnes_convocats sortides_sortida_tutors_alumnes_convocats_pkey; Type: CONSTRAINT; Schema: public; Owner: demo_user
--

ALTER TABLE ONLY public.sortides_sortida_tutors_alumnes_convocats
    ADD CONSTRAINT sortides_sortida_tutors_alumnes_convocats_pkey PRIMARY KEY (id);


--
-- Name: sortides_tipusquota sortides_tipusquota_nom_key; Type: CONSTRAINT; Schema: public; Owner: demo_user
--

ALTER TABLE ONLY public.sortides_tipusquota
    ADD CONSTRAINT sortides_tipusquota_nom_key UNIQUE (nom);


--
-- Name: sortides_tipusquota sortides_tipusquota_pkey; Type: CONSTRAINT; Schema: public; Owner: demo_user
--

ALTER TABLE ONLY public.sortides_tipusquota
    ADD CONSTRAINT sortides_tipusquota_pkey PRIMARY KEY (id);


--
-- Name: sortides_tpv sortides_tpv_nom_key; Type: CONSTRAINT; Schema: public; Owner: demo_user
--

ALTER TABLE ONLY public.sortides_tpv
    ADD CONSTRAINT sortides_tpv_nom_key UNIQUE (nom);


--
-- Name: sortides_tpv sortides_tpv_pkey; Type: CONSTRAINT; Schema: public; Owner: demo_user
--

ALTER TABLE ONLY public.sortides_tpv
    ADD CONSTRAINT sortides_tpv_pkey PRIMARY KEY (id);


--
-- Name: todo_todo todo_todo_pkey; Type: CONSTRAINT; Schema: public; Owner: demo_user
--

ALTER TABLE ONLY public.todo_todo
    ADD CONSTRAINT todo_todo_pkey PRIMARY KEY (id);


--
-- Name: tutoria_actuacio tutoria_actuacio_pkey; Type: CONSTRAINT; Schema: public; Owner: demo_user
--

ALTER TABLE ONLY public.tutoria_actuacio
    ADD CONSTRAINT tutoria_actuacio_pkey PRIMARY KEY (id);


--
-- Name: tutoria_cartaabsentisme tutoria_cartaabsentisme_pkey; Type: CONSTRAINT; Schema: public; Owner: demo_user
--

ALTER TABLE ONLY public.tutoria_cartaabsentisme
    ADD CONSTRAINT tutoria_cartaabsentisme_pkey PRIMARY KEY (id);


--
-- Name: tutoria_resumanualalumne tutoria_resumanualalumne_pkey; Type: CONSTRAINT; Schema: public; Owner: demo_user
--

ALTER TABLE ONLY public.tutoria_resumanualalumne
    ADD CONSTRAINT tutoria_resumanualalumne_pkey PRIMARY KEY (id);


--
-- Name: tutoria_seguimenttutorial tutoria_seguimenttutoria_nom_cognoms_data_neixeme_76377209_uniq; Type: CONSTRAINT; Schema: public; Owner: demo_user
--

ALTER TABLE ONLY public.tutoria_seguimenttutorial
    ADD CONSTRAINT tutoria_seguimenttutoria_nom_cognoms_data_neixeme_76377209_uniq UNIQUE (nom, cognoms, data_neixement);


--
-- Name: tutoria_seguimenttutorialrespostes tutoria_seguimenttutoria_seguiment_tutorial_id_an_f8734c73_uniq; Type: CONSTRAINT; Schema: public; Owner: demo_user
--

ALTER TABLE ONLY public.tutoria_seguimenttutorialrespostes
    ADD CONSTRAINT tutoria_seguimenttutoria_seguiment_tutorial_id_an_f8734c73_uniq UNIQUE (seguiment_tutorial_id, any_curs_academic, pregunta);


--
-- Name: tutoria_seguimenttutorial tutoria_seguimenttutorial_alumne_id_key; Type: CONSTRAINT; Schema: public; Owner: demo_user
--

ALTER TABLE ONLY public.tutoria_seguimenttutorial
    ADD CONSTRAINT tutoria_seguimenttutorial_alumne_id_key UNIQUE (alumne_id);


--
-- Name: tutoria_seguimenttutorial tutoria_seguimenttutorial_pkey; Type: CONSTRAINT; Schema: public; Owner: demo_user
--

ALTER TABLE ONLY public.tutoria_seguimenttutorial
    ADD CONSTRAINT tutoria_seguimenttutorial_pkey PRIMARY KEY (id);


--
-- Name: tutoria_seguimenttutorialpreguntes tutoria_seguimenttutorialpreguntes_pkey; Type: CONSTRAINT; Schema: public; Owner: demo_user
--

ALTER TABLE ONLY public.tutoria_seguimenttutorialpreguntes
    ADD CONSTRAINT tutoria_seguimenttutorialpreguntes_pkey PRIMARY KEY (id);


--
-- Name: tutoria_seguimenttutorialpreguntes tutoria_seguimenttutorialpreguntes_pregunta_key; Type: CONSTRAINT; Schema: public; Owner: demo_user
--

ALTER TABLE ONLY public.tutoria_seguimenttutorialpreguntes
    ADD CONSTRAINT tutoria_seguimenttutorialpreguntes_pregunta_key UNIQUE (pregunta);


--
-- Name: tutoria_seguimenttutorialrespostes tutoria_seguimenttutorialrespostes_pkey; Type: CONSTRAINT; Schema: public; Owner: demo_user
--

ALTER TABLE ONLY public.tutoria_seguimenttutorialrespostes
    ADD CONSTRAINT tutoria_seguimenttutorialrespostes_pkey PRIMARY KEY (id);


--
-- Name: tutoria_tutor tutoria_tutor_pkey; Type: CONSTRAINT; Schema: public; Owner: demo_user
--

ALTER TABLE ONLY public.tutoria_tutor
    ADD CONSTRAINT tutoria_tutor_pkey PRIMARY KEY (id);


--
-- Name: tutoria_tutor tutoria_tutor_professor_id_grup_id_cb9ec8bc_uniq; Type: CONSTRAINT; Schema: public; Owner: demo_user
--

ALTER TABLE ONLY public.tutoria_tutor
    ADD CONSTRAINT tutoria_tutor_professor_id_grup_id_cb9ec8bc_uniq UNIQUE (professor_id, grup_id);


--
-- Name: tutoria_tutorindividualitzat tutoria_tutorindividuali_professor_id_alumne_id_114c41ee_uniq; Type: CONSTRAINT; Schema: public; Owner: demo_user
--

ALTER TABLE ONLY public.tutoria_tutorindividualitzat
    ADD CONSTRAINT tutoria_tutorindividuali_professor_id_alumne_id_114c41ee_uniq UNIQUE (professor_id, alumne_id);


--
-- Name: tutoria_tutorindividualitzat tutoria_tutorindividualitzat_pkey; Type: CONSTRAINT; Schema: public; Owner: demo_user
--

ALTER TABLE ONLY public.tutoria_tutorindividualitzat
    ADD CONSTRAINT tutoria_tutorindividualitzat_pkey PRIMARY KEY (id);


--
-- Name: usuaris_abstractonetimepasswd usuaris_abstractonetimepasswd_pkey; Type: CONSTRAINT; Schema: public; Owner: demo_user
--

ALTER TABLE ONLY public.usuaris_abstractonetimepasswd
    ADD CONSTRAINT usuaris_abstractonetimepasswd_pkey PRIMARY KEY (id);


--
-- Name: usuaris_accio usuaris_accio_pkey; Type: CONSTRAINT; Schema: public; Owner: demo_user
--

ALTER TABLE ONLY public.usuaris_accio
    ADD CONSTRAINT usuaris_accio_pkey PRIMARY KEY (id);


--
-- Name: usuaris_dadesaddicionalsprofessor usuaris_dadesaddicionalsprofessor_pkey; Type: CONSTRAINT; Schema: public; Owner: demo_user
--

ALTER TABLE ONLY public.usuaris_dadesaddicionalsprofessor
    ADD CONSTRAINT usuaris_dadesaddicionalsprofessor_pkey PRIMARY KEY (id);


--
-- Name: usuaris_dadesaddicionalsprofessor usuaris_dadesaddicionalsprofessor_professor_id_key; Type: CONSTRAINT; Schema: public; Owner: demo_user
--

ALTER TABLE ONLY public.usuaris_dadesaddicionalsprofessor
    ADD CONSTRAINT usuaris_dadesaddicionalsprofessor_professor_id_key UNIQUE (professor_id);


--
-- Name: usuaris_departament usuaris_departament_pkey; Type: CONSTRAINT; Schema: public; Owner: demo_user
--

ALTER TABLE ONLY public.usuaris_departament
    ADD CONSTRAINT usuaris_departament_pkey PRIMARY KEY (id);


--
-- Name: usuaris_loginusuari usuaris_loginusuari_pkey; Type: CONSTRAINT; Schema: public; Owner: demo_user
--

ALTER TABLE ONLY public.usuaris_loginusuari
    ADD CONSTRAINT usuaris_loginusuari_pkey PRIMARY KEY (id);


--
-- Name: usuaris_notifusuari usuaris_notifusuari_pkey; Type: CONSTRAINT; Schema: public; Owner: demo_user
--

ALTER TABLE ONLY public.usuaris_notifusuari
    ADD CONSTRAINT usuaris_notifusuari_pkey PRIMARY KEY (id);


--
-- Name: usuaris_onetimepasswd usuaris_onetimepasswd_pkey; Type: CONSTRAINT; Schema: public; Owner: demo_user
--

ALTER TABLE ONLY public.usuaris_onetimepasswd
    ADD CONSTRAINT usuaris_onetimepasswd_pkey PRIMARY KEY (abstractonetimepasswd_ptr_id);


--
-- Name: usuaris_qrportal usuaris_qrportal_localitzador_key; Type: CONSTRAINT; Schema: public; Owner: demo_user
--

ALTER TABLE ONLY public.usuaris_qrportal
    ADD CONSTRAINT usuaris_qrportal_localitzador_key UNIQUE (localitzador);


--
-- Name: usuaris_qrportal usuaris_qrportal_moment_captura_key; Type: CONSTRAINT; Schema: public; Owner: demo_user
--

ALTER TABLE ONLY public.usuaris_qrportal
    ADD CONSTRAINT usuaris_qrportal_moment_captura_key UNIQUE (moment_captura);


--
-- Name: usuaris_qrportal usuaris_qrportal_pkey; Type: CONSTRAINT; Schema: public; Owner: demo_user
--

ALTER TABLE ONLY public.usuaris_qrportal
    ADD CONSTRAINT usuaris_qrportal_pkey PRIMARY KEY (id);


--
-- Name: usuaris_qrportal usuaris_qrportal_usuari_referenciat_id_key; Type: CONSTRAINT; Schema: public; Owner: demo_user
--

ALTER TABLE ONLY public.usuaris_qrportal
    ADD CONSTRAINT usuaris_qrportal_usuari_referenciat_id_key UNIQUE (usuari_referenciat_id);


--
-- Name: alumnes_alumne_grup_id_4a7e8074; Type: INDEX; Schema: public; Owner: demo_user
--

CREATE INDEX alumnes_alumne_grup_id_4a7e8074 ON public.alumnes_alumne USING btree (grup_id);


--
-- Name: alumnes_alumne_ralc_d7dd1bfe; Type: INDEX; Schema: public; Owner: demo_user
--

CREATE INDEX alumnes_alumne_ralc_d7dd1bfe ON public.alumnes_alumne USING btree (ralc);


--
-- Name: alumnes_alumne_ralc_d7dd1bfe_like; Type: INDEX; Schema: public; Owner: demo_user
--

CREATE INDEX alumnes_alumne_ralc_d7dd1bfe_like ON public.alumnes_alumne USING btree (ralc varchar_pattern_ops);


--
-- Name: alumnes_alumne_responsable_preferent_id_e1f1ccd6; Type: INDEX; Schema: public; Owner: demo_user
--

CREATE INDEX alumnes_alumne_responsable_preferent_id_e1f1ccd6 ON public.alumnes_alumne USING btree (responsable_preferent_id);


--
-- Name: alumnes_alumne_rp1_mobil_10931a99; Type: INDEX; Schema: public; Owner: demo_user
--

CREATE INDEX alumnes_alumne_rp1_mobil_10931a99 ON public.alumnes_alumne USING btree (rp1_mobil);


--
-- Name: alumnes_alumne_rp1_mobil_10931a99_like; Type: INDEX; Schema: public; Owner: demo_user
--

CREATE INDEX alumnes_alumne_rp1_mobil_10931a99_like ON public.alumnes_alumne USING btree (rp1_mobil varchar_pattern_ops);


--
-- Name: alumnes_alumne_rp1_telefon_fa082fbf; Type: INDEX; Schema: public; Owner: demo_user
--

CREATE INDEX alumnes_alumne_rp1_telefon_fa082fbf ON public.alumnes_alumne USING btree (rp1_telefon);


--
-- Name: alumnes_alumne_rp1_telefon_fa082fbf_like; Type: INDEX; Schema: public; Owner: demo_user
--

CREATE INDEX alumnes_alumne_rp1_telefon_fa082fbf_like ON public.alumnes_alumne USING btree (rp1_telefon varchar_pattern_ops);


--
-- Name: alumnes_alumne_rp2_mobil_2ecf5ab8; Type: INDEX; Schema: public; Owner: demo_user
--

CREATE INDEX alumnes_alumne_rp2_mobil_2ecf5ab8 ON public.alumnes_alumne USING btree (rp2_mobil);


--
-- Name: alumnes_alumne_rp2_mobil_2ecf5ab8_like; Type: INDEX; Schema: public; Owner: demo_user
--

CREATE INDEX alumnes_alumne_rp2_mobil_2ecf5ab8_like ON public.alumnes_alumne USING btree (rp2_mobil varchar_pattern_ops);


--
-- Name: alumnes_alumne_rp2_telefon_7229c562; Type: INDEX; Schema: public; Owner: demo_user
--

CREATE INDEX alumnes_alumne_rp2_telefon_7229c562 ON public.alumnes_alumne USING btree (rp2_telefon);


--
-- Name: alumnes_alumne_rp2_telefon_7229c562_like; Type: INDEX; Schema: public; Owner: demo_user
--

CREATE INDEX alumnes_alumne_rp2_telefon_7229c562_like ON public.alumnes_alumne USING btree (rp2_telefon varchar_pattern_ops);


--
-- Name: alumnes_alumne_telefons_c1181d6d; Type: INDEX; Schema: public; Owner: demo_user
--

CREATE INDEX alumnes_alumne_telefons_c1181d6d ON public.alumnes_alumne USING btree (telefons);


--
-- Name: alumnes_alumne_telefons_c1181d6d_like; Type: INDEX; Schema: public; Owner: demo_user
--

CREATE INDEX alumnes_alumne_telefons_c1181d6d_like ON public.alumnes_alumne USING btree (telefons varchar_pattern_ops);


--
-- Name: alumnes_curs_nivell_id_0bccb236; Type: INDEX; Schema: public; Owner: demo_user
--

CREATE INDEX alumnes_curs_nivell_id_0bccb236 ON public.alumnes_curs USING btree (nivell_id);


--
-- Name: alumnes_curs_nom_curs_complert_90b325a1_like; Type: INDEX; Schema: public; Owner: demo_user
--

CREATE INDEX alumnes_curs_nom_curs_complert_90b325a1_like ON public.alumnes_curs USING btree (nom_curs_complert varchar_pattern_ops);


--
-- Name: alumnes_dadesaddicionalsalumne_alumne_id_e9d9a477; Type: INDEX; Schema: public; Owner: demo_user
--

CREATE INDEX alumnes_dadesaddicionalsalumne_alumne_id_e9d9a477 ON public.alumnes_dadesaddicionalsalumne USING btree (alumne_id);


--
-- Name: alumnes_grup_curs_id_3a1632b2; Type: INDEX; Schema: public; Owner: demo_user
--

CREATE INDEX alumnes_grup_curs_id_3a1632b2 ON public.alumnes_grup USING btree (curs_id);


--
-- Name: alumnes_nivell_nom_nivell_fea2723b_like; Type: INDEX; Schema: public; Owner: demo_user
--

CREATE INDEX alumnes_nivell_nom_nivell_fea2723b_like ON public.alumnes_nivell USING btree (nom_nivell varchar_pattern_ops);


--
-- Name: alumnes_nivell_taxes_id_7797c577; Type: INDEX; Schema: public; Owner: demo_user
--

CREATE INDEX alumnes_nivell_taxes_id_7797c577 ON public.alumnes_nivell USING btree (taxes_id);


--
-- Name: assignatures_assignatura_curs_id_90856b94; Type: INDEX; Schema: public; Owner: demo_user
--

CREATE INDEX assignatures_assignatura_curs_id_90856b94 ON public.assignatures_assignatura USING btree (curs_id);


--
-- Name: assignatures_assignatura_tipus_assignatura_id_a33c08a0; Type: INDEX; Schema: public; Owner: demo_user
--

CREATE INDEX assignatures_assignatura_tipus_assignatura_id_a33c08a0 ON public.assignatures_assignatura USING btree (tipus_assignatura_id);


--
-- Name: assignatures_tipusdassignatura_tipus_assignatura_cb23110b_like; Type: INDEX; Schema: public; Owner: demo_user
--

CREATE INDEX assignatures_tipusdassignatura_tipus_assignatura_cb23110b_like ON public.assignatures_tipusdassignatura USING btree (tipus_assignatura varchar_pattern_ops);


--
-- Name: aules_aula_disponibilitat_horaria_aula_id_c99aca3b; Type: INDEX; Schema: public; Owner: demo_user
--

CREATE INDEX aules_aula_disponibilitat_horaria_aula_id_c99aca3b ON public.aules_aula_disponibilitat_horaria USING btree (aula_id);


--
-- Name: aules_aula_disponibilitat_horaria_franjahoraria_id_2cb2f41e; Type: INDEX; Schema: public; Owner: demo_user
--

CREATE INDEX aules_aula_disponibilitat_horaria_franjahoraria_id_2cb2f41e ON public.aules_aula_disponibilitat_horaria USING btree (franjahoraria_id);


--
-- Name: aules_reser_dia_res_ca4f83_idx; Type: INDEX; Schema: public; Owner: demo_user
--

CREATE INDEX aules_reser_dia_res_ca4f83_idx ON public.aules_reservaaula USING btree (dia_reserva, hora_id);


--
-- Name: aules_reser_es_rese_70dfd6_idx; Type: INDEX; Schema: public; Owner: demo_user
--

CREATE INDEX aules_reser_es_rese_70dfd6_idx ON public.aules_reservaaula USING btree (es_reserva_manual, usuari_id, dia_reserva, hora_id);


--
-- Name: aules_reservaaula_aula_id_15438a17; Type: INDEX; Schema: public; Owner: demo_user
--

CREATE INDEX aules_reservaaula_aula_id_15438a17 ON public.aules_reservaaula USING btree (aula_id);


--
-- Name: aules_reservaaula_hora_id_3b64c94c; Type: INDEX; Schema: public; Owner: demo_user
--

CREATE INDEX aules_reservaaula_hora_id_3b64c94c ON public.aules_reservaaula USING btree (hora_id);


--
-- Name: aules_reservaaula_usuari_id_5ccae541; Type: INDEX; Schema: public; Owner: demo_user
--

CREATE INDEX aules_reservaaula_usuari_id_5ccae541 ON public.aules_reservaaula USING btree (usuari_id);


--
-- Name: auth_group_name_a6ea08ec_like; Type: INDEX; Schema: public; Owner: demo_user
--

CREATE INDEX auth_group_name_a6ea08ec_like ON public.auth_group USING btree (name varchar_pattern_ops);


--
-- Name: auth_group_permissions_group_id_b120cbf9; Type: INDEX; Schema: public; Owner: demo_user
--

CREATE INDEX auth_group_permissions_group_id_b120cbf9 ON public.auth_group_permissions USING btree (group_id);


--
-- Name: auth_group_permissions_permission_id_84c5c92e; Type: INDEX; Schema: public; Owner: demo_user
--

CREATE INDEX auth_group_permissions_permission_id_84c5c92e ON public.auth_group_permissions USING btree (permission_id);


--
-- Name: auth_permission_content_type_id_2f476e4b; Type: INDEX; Schema: public; Owner: demo_user
--

CREATE INDEX auth_permission_content_type_id_2f476e4b ON public.auth_permission USING btree (content_type_id);


--
-- Name: auth_user_groups_group_id_97559544; Type: INDEX; Schema: public; Owner: demo_user
--

CREATE INDEX auth_user_groups_group_id_97559544 ON public.auth_user_groups USING btree (group_id);


--
-- Name: auth_user_groups_user_id_6a12ed8b; Type: INDEX; Schema: public; Owner: demo_user
--

CREATE INDEX auth_user_groups_user_id_6a12ed8b ON public.auth_user_groups USING btree (user_id);


--
-- Name: auth_user_user_permissions_permission_id_1fbb5f2c; Type: INDEX; Schema: public; Owner: demo_user
--

CREATE INDEX auth_user_user_permissions_permission_id_1fbb5f2c ON public.auth_user_user_permissions USING btree (permission_id);


--
-- Name: auth_user_user_permissions_user_id_a95ead1b; Type: INDEX; Schema: public; Owner: demo_user
--

CREATE INDEX auth_user_user_permissions_user_id_a95ead1b ON public.auth_user_user_permissions USING btree (user_id);


--
-- Name: auth_user_username_6821ab7c_like; Type: INDEX; Schema: public; Owner: demo_user
--

CREATE INDEX auth_user_username_6821ab7c_like ON public.auth_user USING btree (username varchar_pattern_ops);


--
-- Name: avaluacioQualitativa_ava_nom_avaluacio_b016a8c1_like; Type: INDEX; Schema: public; Owner: demo_user
--

CREATE INDEX "avaluacioQualitativa_ava_nom_avaluacio_b016a8c1_like" ON public."avaluacioQualitativa_avaluacioqualitativa" USING btree (nom_avaluacio varchar_pattern_ops);


--
-- Name: avaluacioQualitativa_avalu_avaluacioqualitativa_id_4ecc6c8c; Type: INDEX; Schema: public; Owner: demo_user
--

CREATE INDEX "avaluacioQualitativa_avalu_avaluacioqualitativa_id_4ecc6c8c" ON public."avaluacioQualitativa_avaluacioqualitativa_grups" USING btree (avaluacioqualitativa_id);


--
-- Name: avaluacioQualitativa_avalu_grup_id_40ba3db6; Type: INDEX; Schema: public; Owner: demo_user
--

CREATE INDEX "avaluacioQualitativa_avalu_grup_id_40ba3db6" ON public."avaluacioQualitativa_avaluacioqualitativa_grups" USING btree (grup_id);


--
-- Name: avaluacioQualitativa_itemq_itemqualitativa_id_ad3b9fce; Type: INDEX; Schema: public; Owner: demo_user
--

CREATE INDEX "avaluacioQualitativa_itemq_itemqualitativa_id_ad3b9fce" ON public."avaluacioQualitativa_itemqualitativa_nivells" USING btree (itemqualitativa_id);


--
-- Name: avaluacioQualitativa_itemqualitativa_nivells_nivell_id_9ad6ac08; Type: INDEX; Schema: public; Owner: demo_user
--

CREATE INDEX "avaluacioQualitativa_itemqualitativa_nivells_nivell_id_9ad6ac08" ON public."avaluacioQualitativa_itemqualitativa_nivells" USING btree (nivell_id);


--
-- Name: avaluacioQualitativa_itemqualitativa_text_173e86a9_like; Type: INDEX; Schema: public; Owner: demo_user
--

CREATE INDEX "avaluacioQualitativa_itemqualitativa_text_173e86a9_like" ON public."avaluacioQualitativa_itemqualitativa" USING btree (text varchar_pattern_ops);


--
-- Name: avaluacioQualitativa_respo_alumne_id_1ff2b94a; Type: INDEX; Schema: public; Owner: demo_user
--

CREATE INDEX "avaluacioQualitativa_respo_alumne_id_1ff2b94a" ON public."avaluacioQualitativa_respostaavaluacioqualitativa" USING btree (alumne_id);


--
-- Name: avaluacioQualitativa_respo_assignatura_id_2fcec9c3; Type: INDEX; Schema: public; Owner: demo_user
--

CREATE INDEX "avaluacioQualitativa_respo_assignatura_id_2fcec9c3" ON public."avaluacioQualitativa_respostaavaluacioqualitativa" USING btree (assignatura_id);


--
-- Name: avaluacioQualitativa_respo_item_id_cfc55669; Type: INDEX; Schema: public; Owner: demo_user
--

CREATE INDEX "avaluacioQualitativa_respo_item_id_cfc55669" ON public."avaluacioQualitativa_respostaavaluacioqualitativa" USING btree (item_id);


--
-- Name: avaluacioQualitativa_respo_notifusuari_id_4319076c; Type: INDEX; Schema: public; Owner: demo_user
--

CREATE INDEX "avaluacioQualitativa_respo_notifusuari_id_4319076c" ON public."avaluacioQualitativa_respostaavaluacioqualitativa_notificacb104" USING btree (notifusuari_id);


--
-- Name: avaluacioQualitativa_respo_professor_id_5cf0f14c; Type: INDEX; Schema: public; Owner: demo_user
--

CREATE INDEX "avaluacioQualitativa_respo_professor_id_5cf0f14c" ON public."avaluacioQualitativa_respostaavaluacioqualitativa" USING btree (professor_id);


--
-- Name: avaluacioQualitativa_respo_qualitativa_id_e4cc8424; Type: INDEX; Schema: public; Owner: demo_user
--

CREATE INDEX "avaluacioQualitativa_respo_qualitativa_id_e4cc8424" ON public."avaluacioQualitativa_respostaavaluacioqualitativa" USING btree (qualitativa_id);


--
-- Name: avaluacioQualitativa_respo_respostaavaluacioqualitati_025b6059; Type: INDEX; Schema: public; Owner: demo_user
--

CREATE INDEX "avaluacioQualitativa_respo_respostaavaluacioqualitati_025b6059" ON public."avaluacioQualitativa_respostaavaluacioqualitativa_notificacb104" USING btree (respostaavaluacioqualitativa_id);


--
-- Name: baixes_feina_professor_darrera_modificacio_id_fd50bd6a; Type: INDEX; Schema: public; Owner: demo_user
--

CREATE INDEX baixes_feina_professor_darrera_modificacio_id_fd50bd6a ON public.baixes_feina USING btree (professor_darrera_modificacio_id);


--
-- Name: baixes_feina_professor_fa_guardia_id_d38c5578; Type: INDEX; Schema: public; Owner: demo_user
--

CREATE INDEX baixes_feina_professor_fa_guardia_id_d38c5578 ON public.baixes_feina USING btree (professor_fa_guardia_id);


--
-- Name: django_admin_log_content_type_id_c4bce8eb; Type: INDEX; Schema: public; Owner: demo_user
--

CREATE INDEX django_admin_log_content_type_id_c4bce8eb ON public.django_admin_log USING btree (content_type_id);


--
-- Name: django_admin_log_user_id_c564eba6; Type: INDEX; Schema: public; Owner: demo_user
--

CREATE INDEX django_admin_log_user_id_c564eba6 ON public.django_admin_log USING btree (user_id);


--
-- Name: django_session_expire_date_a5c62663; Type: INDEX; Schema: public; Owner: demo_user
--

CREATE INDEX django_session_expire_date_a5c62663 ON public.django_session USING btree (expire_date);


--
-- Name: django_session_session_key_c0390e0f_like; Type: INDEX; Schema: public; Owner: demo_user
--

CREATE INDEX django_session_session_key_c0390e0f_like ON public.django_session USING btree (session_key varchar_pattern_ops);


--
-- Name: django_site_domain_a2e37b91_like; Type: INDEX; Schema: public; Owner: demo_user
--

CREATE INDEX django_site_domain_a2e37b91_like ON public.django_site USING btree (domain varchar_pattern_ops);


--
-- Name: extEsfera_grup2aula_Grup2Aula_id_e332c550; Type: INDEX; Schema: public; Owner: demo_user
--

CREATE INDEX "extEsfera_grup2aula_Grup2Aula_id_e332c550" ON public."extEsfera_grup2aula" USING btree ("Grup2Aula_id");


--
-- Name: extEsfera_grup2aula_grup_esfera_5d9d5273_like; Type: INDEX; Schema: public; Owner: demo_user
--

CREATE INDEX "extEsfera_grup2aula_grup_esfera_5d9d5273_like" ON public."extEsfera_grup2aula" USING btree (grup_esfera varchar_pattern_ops);


--
-- Name: extEsfera_parametreesfera_nom_parametre_cb5b1779_like; Type: INDEX; Schema: public; Owner: demo_user
--

CREATE INDEX "extEsfera_parametreesfera_nom_parametre_cb5b1779_like" ON public."extEsfera_parametreesfera" USING btree (nom_parametre varchar_pattern_ops);


--
-- Name: extKronowin_franja2aula_franja_aula_id_34cc8eef; Type: INDEX; Schema: public; Owner: demo_user
--

CREATE INDEX "extKronowin_franja2aula_franja_aula_id_34cc8eef" ON public."extKronowin_franja2aula" USING btree (franja_aula_id);


--
-- Name: extKronowin_franja2aula_franja_kronowin_7e8df8e3_like; Type: INDEX; Schema: public; Owner: demo_user
--

CREATE INDEX "extKronowin_franja2aula_franja_kronowin_7e8df8e3_like" ON public."extKronowin_franja2aula" USING btree (franja_kronowin varchar_pattern_ops);


--
-- Name: extKronowin_grup2aula_Grup2Aula_id_675d7c5b; Type: INDEX; Schema: public; Owner: demo_user
--

CREATE INDEX "extKronowin_grup2aula_Grup2Aula_id_675d7c5b" ON public."extKronowin_grup2aula" USING btree ("Grup2Aula_id");


--
-- Name: extKronowin_grup2aula_grup_kronowin_5881c9e7_like; Type: INDEX; Schema: public; Owner: demo_user
--

CREATE INDEX "extKronowin_grup2aula_grup_kronowin_5881c9e7_like" ON public."extKronowin_grup2aula" USING btree (grup_kronowin varchar_pattern_ops);


--
-- Name: extKronowin_parametrekronowin_nom_parametre_00155135_like; Type: INDEX; Schema: public; Owner: demo_user
--

CREATE INDEX "extKronowin_parametrekronowin_nom_parametre_00155135_like" ON public."extKronowin_parametrekronowin" USING btree (nom_parametre varchar_pattern_ops);


--
-- Name: extPreinscripcio_nivell2aula_nivellDjau_id_bf3214f9; Type: INDEX; Schema: public; Owner: demo_user
--

CREATE INDEX "extPreinscripcio_nivell2aula_nivellDjau_id_bf3214f9" ON public."extPreinscripcio_nivell2aula" USING btree ("nivellDjau_id");


--
-- Name: extPreinscripcio_nivell2aula_nivellgedac_ecd63534_like; Type: INDEX; Schema: public; Owner: demo_user
--

CREATE INDEX "extPreinscripcio_nivell2aula_nivellgedac_ecd63534_like" ON public."extPreinscripcio_nivell2aula" USING btree (nivellgedac varchar_pattern_ops);


--
-- Name: extSaga_grup2aula_Grup2Aula_id_7a31eddf; Type: INDEX; Schema: public; Owner: demo_user
--

CREATE INDEX "extSaga_grup2aula_Grup2Aula_id_7a31eddf" ON public."extSaga_grup2aula" USING btree ("Grup2Aula_id");


--
-- Name: extSaga_grup2aula_grup_saga_25715e62_like; Type: INDEX; Schema: public; Owner: demo_user
--

CREATE INDEX "extSaga_grup2aula_grup_saga_25715e62_like" ON public."extSaga_grup2aula" USING btree (grup_saga varchar_pattern_ops);


--
-- Name: extSaga_parametresaga_nom_parametre_a326631a_like; Type: INDEX; Schema: public; Owner: demo_user
--

CREATE INDEX "extSaga_parametresaga_nom_parametre_a326631a_like" ON public."extSaga_parametresaga" USING btree (nom_parametre varchar_pattern_ops);


--
-- Name: extUntis_agrupament_grup_alumnes_id_64b7944c; Type: INDEX; Schema: public; Owner: demo_user
--

CREATE INDEX "extUntis_agrupament_grup_alumnes_id_64b7944c" ON public."extUntis_agrupament" USING btree (grup_alumnes_id);


--
-- Name: extUntis_agrupament_grup_horari_id_ea37e361; Type: INDEX; Schema: public; Owner: demo_user
--

CREATE INDEX "extUntis_agrupament_grup_horari_id_ea37e361" ON public."extUntis_agrupament" USING btree (grup_horari_id);


--
-- Name: horaris_diadelasetmana_dia_2_lletres_39709a49_like; Type: INDEX; Schema: public; Owner: demo_user
--

CREATE INDEX horaris_diadelasetmana_dia_2_lletres_39709a49_like ON public.horaris_diadelasetmana USING btree (dia_2_lletres varchar_pattern_ops);


--
-- Name: horaris_diadelasetmana_dia_de_la_setmana_abdc5a00_like; Type: INDEX; Schema: public; Owner: demo_user
--

CREATE INDEX horaris_diadelasetmana_dia_de_la_setmana_abdc5a00_like ON public.horaris_diadelasetmana USING btree (dia_de_la_setmana varchar_pattern_ops);


--
-- Name: horaris_festiu_curs_id_3a3d50d5; Type: INDEX; Schema: public; Owner: demo_user
--

CREATE INDEX horaris_festiu_curs_id_3a3d50d5 ON public.horaris_festiu USING btree (curs_id);


--
-- Name: horaris_festiu_franja_horaria_fi_id_c6546a7d; Type: INDEX; Schema: public; Owner: demo_user
--

CREATE INDEX horaris_festiu_franja_horaria_fi_id_c6546a7d ON public.horaris_festiu USING btree (franja_horaria_fi_id);


--
-- Name: horaris_festiu_franja_horaria_inici_id_4d51fe11; Type: INDEX; Schema: public; Owner: demo_user
--

CREATE INDEX horaris_festiu_franja_horaria_inici_id_4d51fe11 ON public.horaris_festiu USING btree (franja_horaria_inici_id);


--
-- Name: horaris_horari_assignatura_id_81a1c017; Type: INDEX; Schema: public; Owner: demo_user
--

CREATE INDEX horaris_horari_assignatura_id_81a1c017 ON public.horaris_horari USING btree (assignatura_id);


--
-- Name: horaris_horari_aula_id_cc33c741; Type: INDEX; Schema: public; Owner: demo_user
--

CREATE INDEX horaris_horari_aula_id_cc33c741 ON public.horaris_horari USING btree (aula_id);


--
-- Name: horaris_horari_dia_de_la_setmana_id_c35c08f7; Type: INDEX; Schema: public; Owner: demo_user
--

CREATE INDEX horaris_horari_dia_de_la_setmana_id_c35c08f7 ON public.horaris_horari USING btree (dia_de_la_setmana_id);


--
-- Name: horaris_horari_grup_id_d07426d5; Type: INDEX; Schema: public; Owner: demo_user
--

CREATE INDEX horaris_horari_grup_id_d07426d5 ON public.horaris_horari USING btree (grup_id);


--
-- Name: horaris_horari_hora_id_d3ed9f10; Type: INDEX; Schema: public; Owner: demo_user
--

CREATE INDEX horaris_horari_hora_id_d3ed9f10 ON public.horaris_horari USING btree (hora_id);


--
-- Name: horaris_horari_professor_id_1e2412d5; Type: INDEX; Schema: public; Owner: demo_user
--

CREATE INDEX horaris_horari_professor_id_1e2412d5 ON public.horaris_horari USING btree (professor_id);


--
-- Name: incidencies_expulsio_alumne_id_6f18978f; Type: INDEX; Schema: public; Owner: demo_user
--

CREATE INDEX incidencies_expulsio_alumne_id_6f18978f ON public.incidencies_expulsio USING btree (alumne_id);


--
-- Name: incidencies_expulsio_control_assistencia_id_79a2ee31; Type: INDEX; Schema: public; Owner: demo_user
--

CREATE INDEX incidencies_expulsio_control_assistencia_id_79a2ee31 ON public.incidencies_expulsio USING btree (control_assistencia_id);


--
-- Name: incidencies_expulsio_es_vigent_c70da51d; Type: INDEX; Schema: public; Owner: demo_user
--

CREATE INDEX incidencies_expulsio_es_vigent_c70da51d ON public.incidencies_expulsio USING btree (es_vigent);


--
-- Name: incidencies_expulsio_franja_expulsio_id_5345b187; Type: INDEX; Schema: public; Owner: demo_user
--

CREATE INDEX incidencies_expulsio_franja_expulsio_id_5345b187 ON public.incidencies_expulsio USING btree (franja_expulsio_id);


--
-- Name: incidencies_expulsio_notif_notifusuari_id_4cf85927; Type: INDEX; Schema: public; Owner: demo_user
--

CREATE INDEX incidencies_expulsio_notif_notifusuari_id_4cf85927 ON public.incidencies_expulsio_notificacions_familia USING btree (notifusuari_id);


--
-- Name: incidencies_expulsio_notificacions_familia_expulsio_id_d461813a; Type: INDEX; Schema: public; Owner: demo_user
--

CREATE INDEX incidencies_expulsio_notificacions_familia_expulsio_id_d461813a ON public.incidencies_expulsio_notificacions_familia USING btree (expulsio_id);


--
-- Name: incidencies_expulsio_professor_id_0ce06c27; Type: INDEX; Schema: public; Owner: demo_user
--

CREATE INDEX incidencies_expulsio_professor_id_0ce06c27 ON public.incidencies_expulsio USING btree (professor_id);


--
-- Name: incidencies_expulsio_professor_recull_id_d2af1b2b; Type: INDEX; Schema: public; Owner: demo_user
--

CREATE INDEX incidencies_expulsio_professor_recull_id_d2af1b2b ON public.incidencies_expulsio USING btree (professor_recull_id);


--
-- Name: incidencies_expulsio_provoca_sancio_id_24618aed; Type: INDEX; Schema: public; Owner: demo_user
--

CREATE INDEX incidencies_expulsio_provoca_sancio_id_24618aed ON public.incidencies_expulsio USING btree (provoca_sancio_id);


--
-- Name: incidencies_frassesincidenciaaula_frase_1e54609b_like; Type: INDEX; Schema: public; Owner: demo_user
--

CREATE INDEX incidencies_frassesincidenciaaula_frase_1e54609b_like ON public.incidencies_frassesincidenciaaula USING btree (frase varchar_pattern_ops);


--
-- Name: incidencies_frassesincidenciaaula_tipus_id_180b1255; Type: INDEX; Schema: public; Owner: demo_user
--

CREATE INDEX incidencies_frassesincidenciaaula_tipus_id_180b1255 ON public.incidencies_frassesincidenciaaula USING btree (tipus_id);


--
-- Name: incidencies_incidencia_alumne_id_0f519a6a; Type: INDEX; Schema: public; Owner: demo_user
--

CREATE INDEX incidencies_incidencia_alumne_id_0f519a6a ON public.incidencies_incidencia USING btree (alumne_id);


--
-- Name: incidencies_incidencia_control_assistencia_id_abc1f71d; Type: INDEX; Schema: public; Owner: demo_user
--

CREATE INDEX incidencies_incidencia_control_assistencia_id_abc1f71d ON public.incidencies_incidencia USING btree (control_assistencia_id);


--
-- Name: incidencies_incidencia_dia_incidencia_926e0af3; Type: INDEX; Schema: public; Owner: demo_user
--

CREATE INDEX incidencies_incidencia_dia_incidencia_926e0af3 ON public.incidencies_incidencia USING btree (dia_incidencia);


--
-- Name: incidencies_incidencia_es_vigent_192f3e88; Type: INDEX; Schema: public; Owner: demo_user
--

CREATE INDEX incidencies_incidencia_es_vigent_192f3e88 ON public.incidencies_incidencia USING btree (es_vigent);


--
-- Name: incidencies_incidencia_franja_incidencia_id_7038cdad; Type: INDEX; Schema: public; Owner: demo_user
--

CREATE INDEX incidencies_incidencia_franja_incidencia_id_7038cdad ON public.incidencies_incidencia USING btree (franja_incidencia_id);


--
-- Name: incidencies_incidencia_not_incidencia_id_e2a996e2; Type: INDEX; Schema: public; Owner: demo_user
--

CREATE INDEX incidencies_incidencia_not_incidencia_id_e2a996e2 ON public.incidencies_incidencia_notificacions_familia USING btree (incidencia_id);


--
-- Name: incidencies_incidencia_not_notifusuari_id_bdfbbe99; Type: INDEX; Schema: public; Owner: demo_user
--

CREATE INDEX incidencies_incidencia_not_notifusuari_id_bdfbbe99 ON public.incidencies_incidencia_notificacions_familia USING btree (notifusuari_id);


--
-- Name: incidencies_incidencia_professional_id_b878d2ee; Type: INDEX; Schema: public; Owner: demo_user
--

CREATE INDEX incidencies_incidencia_professional_id_b878d2ee ON public.incidencies_incidencia USING btree (professional_id);


--
-- Name: incidencies_incidencia_professional_inicia_id_23d1700a; Type: INDEX; Schema: public; Owner: demo_user
--

CREATE INDEX incidencies_incidencia_professional_inicia_id_23d1700a ON public.incidencies_incidencia USING btree (professional_inicia_id);


--
-- Name: incidencies_incidencia_provoca_expulsio_id_9d1505f6; Type: INDEX; Schema: public; Owner: demo_user
--

CREATE INDEX incidencies_incidencia_provoca_expulsio_id_9d1505f6 ON public.incidencies_incidencia USING btree (provoca_expulsio_id);


--
-- Name: incidencies_incidencia_provoca_sancio_id_a92a1552; Type: INDEX; Schema: public; Owner: demo_user
--

CREATE INDEX incidencies_incidencia_provoca_sancio_id_a92a1552 ON public.incidencies_incidencia USING btree (provoca_sancio_id);


--
-- Name: incidencies_incidencia_tipus_id_cbbaf9d5; Type: INDEX; Schema: public; Owner: demo_user
--

CREATE INDEX incidencies_incidencia_tipus_id_cbbaf9d5 ON public.incidencies_incidencia USING btree (tipus_id);


--
-- Name: incidencies_sancio_alumne_id_796eaeff; Type: INDEX; Schema: public; Owner: demo_user
--

CREATE INDEX incidencies_sancio_alumne_id_796eaeff ON public.incidencies_sancio USING btree (alumne_id);


--
-- Name: incidencies_sancio_franja_fi_id_f54a6d31; Type: INDEX; Schema: public; Owner: demo_user
--

CREATE INDEX incidencies_sancio_franja_fi_id_f54a6d31 ON public.incidencies_sancio USING btree (franja_fi_id);


--
-- Name: incidencies_sancio_franja_inici_id_4e6393b7; Type: INDEX; Schema: public; Owner: demo_user
--

CREATE INDEX incidencies_sancio_franja_inici_id_4e6393b7 ON public.incidencies_sancio USING btree (franja_inici_id);


--
-- Name: incidencies_sancio_notific_notifusuari_id_951c42f2; Type: INDEX; Schema: public; Owner: demo_user
--

CREATE INDEX incidencies_sancio_notific_notifusuari_id_951c42f2 ON public.incidencies_sancio_notificacions_familia USING btree (notifusuari_id);


--
-- Name: incidencies_sancio_notificacions_familia_sancio_id_4a36e54a; Type: INDEX; Schema: public; Owner: demo_user
--

CREATE INDEX incidencies_sancio_notificacions_familia_sancio_id_4a36e54a ON public.incidencies_sancio_notificacions_familia USING btree (sancio_id);


--
-- Name: incidencies_sancio_professor_id_c20bd022; Type: INDEX; Schema: public; Owner: demo_user
--

CREATE INDEX incidencies_sancio_professor_id_c20bd022 ON public.incidencies_sancio USING btree (professor_id);


--
-- Name: incidencies_sancio_tipus_id_37731e6f; Type: INDEX; Schema: public; Owner: demo_user
--

CREATE INDEX incidencies_sancio_tipus_id_37731e6f ON public.incidencies_sancio USING btree (tipus_id);


--
-- Name: incidencies_tipusincidencia_tipus_5b4923e2_like; Type: INDEX; Schema: public; Owner: demo_user
--

CREATE INDEX incidencies_tipusincidencia_tipus_5b4923e2_like ON public.incidencies_tipusincidencia USING btree (tipus varchar_pattern_ops);


--
-- Name: incidencies_tipussancio_carta_slug_1789e2fa; Type: INDEX; Schema: public; Owner: demo_user
--

CREATE INDEX incidencies_tipussancio_carta_slug_1789e2fa ON public.incidencies_tipussancio USING btree (carta_slug);


--
-- Name: incidencies_tipussancio_carta_slug_1789e2fa_like; Type: INDEX; Schema: public; Owner: demo_user
--

CREATE INDEX incidencies_tipussancio_carta_slug_1789e2fa_like ON public.incidencies_tipussancio USING btree (carta_slug varchar_pattern_ops);


--
-- Name: incidencies_tipussancio_tipus_dc5ad14f_like; Type: INDEX; Schema: public; Owner: demo_user
--

CREATE INDEX incidencies_tipussancio_tipus_dc5ad14f_like ON public.incidencies_tipussancio USING btree (tipus varchar_pattern_ops);


--
-- Name: material_re_dia_res_56e20f_idx; Type: INDEX; Schema: public; Owner: demo_user
--

CREATE INDEX material_re_dia_res_56e20f_idx ON public.material_reservarecurs USING btree (dia_reserva, hora_id);


--
-- Name: material_re_es_rese_f21324_idx; Type: INDEX; Schema: public; Owner: demo_user
--

CREATE INDEX material_re_es_rese_f21324_idx ON public.material_reservarecurs USING btree (es_reserva_manual, usuari_id, dia_reserva, hora_id);


--
-- Name: material_recurs_disponibil_franjahoraria_id_c2ecf904; Type: INDEX; Schema: public; Owner: demo_user
--

CREATE INDEX material_recurs_disponibil_franjahoraria_id_c2ecf904 ON public.material_recurs_disponibilitat_horaria USING btree (franjahoraria_id);


--
-- Name: material_recurs_disponibilitat_horaria_recurs_id_a8b2ae77; Type: INDEX; Schema: public; Owner: demo_user
--

CREATE INDEX material_recurs_disponibilitat_horaria_recurs_id_a8b2ae77 ON public.material_recurs_disponibilitat_horaria USING btree (recurs_id);


--
-- Name: material_reservarecurs_hora_id_cb7e9992; Type: INDEX; Schema: public; Owner: demo_user
--

CREATE INDEX material_reservarecurs_hora_id_cb7e9992 ON public.material_reservarecurs USING btree (hora_id);


--
-- Name: material_reservarecurs_recurs_id_6c984000; Type: INDEX; Schema: public; Owner: demo_user
--

CREATE INDEX material_reservarecurs_recurs_id_6c984000 ON public.material_reservarecurs USING btree (recurs_id);


--
-- Name: material_reservarecurs_usuari_id_7e328f09; Type: INDEX; Schema: public; Owner: demo_user
--

CREATE INDEX material_reservarecurs_usuari_id_7e328f09 ON public.material_reservarecurs USING btree (usuari_id);


--
-- Name: matricula_document_matricula_id_f6f72bd8; Type: INDEX; Schema: public; Owner: demo_user
--

CREATE INDEX matricula_document_matricula_id_f6f72bd8 ON public.matricula_document USING btree (matricula_id);


--
-- Name: matricula_matricula_alumne_id_032d8fac; Type: INDEX; Schema: public; Owner: demo_user
--

CREATE INDEX matricula_matricula_alumne_id_032d8fac ON public.matricula_matricula USING btree (alumne_id);


--
-- Name: matricula_matricula_curs_id_81f8c5b2; Type: INDEX; Schema: public; Owner: demo_user
--

CREATE INDEX matricula_matricula_curs_id_81f8c5b2 ON public.matricula_matricula USING btree (curs_id);


--
-- Name: matricula_matricula_preinscripcio_id_0231ed17; Type: INDEX; Schema: public; Owner: demo_user
--

CREATE INDEX matricula_matricula_preinscripcio_id_0231ed17 ON public.matricula_matricula USING btree (preinscripcio_id);


--
-- Name: matricula_matricula_quota_id_6bb01e21; Type: INDEX; Schema: public; Owner: demo_user
--

CREATE INDEX matricula_matricula_quota_id_6bb01e21 ON public.matricula_matricula USING btree (quota_id);


--
-- Name: missatgeria_destinatari_destinatari_id_d3fedddb; Type: INDEX; Schema: public; Owner: demo_user
--

CREATE INDEX missatgeria_destinatari_destinatari_id_d3fedddb ON public.missatgeria_destinatari USING btree (destinatari_id);


--
-- Name: missatgeria_destinatari_missatge_id_a12864a3; Type: INDEX; Schema: public; Owner: demo_user
--

CREATE INDEX missatgeria_destinatari_missatge_id_a12864a3 ON public.missatgeria_destinatari USING btree (missatge_id);


--
-- Name: missatgeria_destinatari_moment_lectura_400f2b07; Type: INDEX; Schema: public; Owner: demo_user
--

CREATE INDEX missatgeria_destinatari_moment_lectura_400f2b07 ON public.missatgeria_destinatari USING btree (moment_lectura);


--
-- Name: missatgeria_detallmissatge_missatge_id_1fd464f3; Type: INDEX; Schema: public; Owner: demo_user
--

CREATE INDEX missatgeria_detallmissatge_missatge_id_1fd464f3 ON public.missatgeria_detallmissatge USING btree (missatge_id);


--
-- Name: missatgeria_missatge_data_1eb39a58; Type: INDEX; Schema: public; Owner: demo_user
--

CREATE INDEX missatgeria_missatge_data_1eb39a58 ON public.missatgeria_missatge USING btree (data);


--
-- Name: missatgeria_missatge_remitent_id_bccc5aa9; Type: INDEX; Schema: public; Owner: demo_user
--

CREATE INDEX missatgeria_missatge_remitent_id_bccc5aa9 ON public.missatgeria_missatge USING btree (remitent_id);


--
-- Name: presencia_c_alumne__d09c34_idx; Type: INDEX; Schema: public; Owner: demo_user
--

CREATE INDEX presencia_c_alumne__d09c34_idx ON public.presencia_controlassistencia USING btree (alumne_id, estat_id);


--
-- Name: presencia_controlassistenc_controlassistencia_id_bd0fd490; Type: INDEX; Schema: public; Owner: demo_user
--

CREATE INDEX presencia_controlassistenc_controlassistencia_id_bd0fd490 ON public.presencia_controlassistencia_notificacions_familia USING btree (controlassistencia_id);


--
-- Name: presencia_controlassistenc_notifusuari_id_8623fe6b; Type: INDEX; Schema: public; Owner: demo_user
--

CREATE INDEX presencia_controlassistenc_notifusuari_id_8623fe6b ON public.presencia_controlassistencia_notificacions_familia USING btree (notifusuari_id);


--
-- Name: presencia_controlassistencia_alumne_id_99e5a48a; Type: INDEX; Schema: public; Owner: demo_user
--

CREATE INDEX presencia_controlassistencia_alumne_id_99e5a48a ON public.presencia_controlassistencia USING btree (alumne_id);


--
-- Name: presencia_controlassistencia_comunicat_id_a14f1c8b; Type: INDEX; Schema: public; Owner: demo_user
--

CREATE INDEX presencia_controlassistencia_comunicat_id_a14f1c8b ON public.presencia_controlassistencia USING btree (comunicat_id);


--
-- Name: presencia_controlassistencia_estat_backup_id_acd66b64; Type: INDEX; Schema: public; Owner: demo_user
--

CREATE INDEX presencia_controlassistencia_estat_backup_id_acd66b64 ON public.presencia_controlassistencia USING btree (estat_backup_id);


--
-- Name: presencia_controlassistencia_estat_id_bc2a0f16; Type: INDEX; Schema: public; Owner: demo_user
--

CREATE INDEX presencia_controlassistencia_estat_id_bc2a0f16 ON public.presencia_controlassistencia USING btree (estat_id);


--
-- Name: presencia_controlassistencia_impartir_id_fa18a304; Type: INDEX; Schema: public; Owner: demo_user
--

CREATE INDEX presencia_controlassistencia_impartir_id_fa18a304 ON public.presencia_controlassistencia USING btree (impartir_id);


--
-- Name: presencia_controlassistencia_professor_backup_id_771db578; Type: INDEX; Schema: public; Owner: demo_user
--

CREATE INDEX presencia_controlassistencia_professor_backup_id_771db578 ON public.presencia_controlassistencia USING btree (professor_backup_id);


--
-- Name: presencia_controlassistencia_professor_id_065e5fe5; Type: INDEX; Schema: public; Owner: demo_user
--

CREATE INDEX presencia_controlassistencia_professor_id_065e5fe5 ON public.presencia_controlassistencia USING btree (professor_id);


--
-- Name: presencia_estatcontrolassistencia_codi_estat_a6e01f3e_like; Type: INDEX; Schema: public; Owner: demo_user
--

CREATE INDEX presencia_estatcontrolassistencia_codi_estat_a6e01f3e_like ON public.presencia_estatcontrolassistencia USING btree (codi_estat varchar_pattern_ops);


--
-- Name: presencia_estatcontrolassistencia_nom_estat_f5eaea4d_like; Type: INDEX; Schema: public; Owner: demo_user
--

CREATE INDEX presencia_estatcontrolassistencia_nom_estat_f5eaea4d_like ON public.presencia_estatcontrolassistencia USING btree (nom_estat varchar_pattern_ops);


--
-- Name: presencia_impartir_dia_impartir_0e2db562; Type: INDEX; Schema: public; Owner: demo_user
--

CREATE INDEX presencia_impartir_dia_impartir_0e2db562 ON public.presencia_impartir USING btree (dia_impartir);


--
-- Name: presencia_impartir_horari_id_2f0ceee6; Type: INDEX; Schema: public; Owner: demo_user
--

CREATE INDEX presencia_impartir_horari_id_2f0ceee6 ON public.presencia_impartir USING btree (horari_id);


--
-- Name: presencia_impartir_professor_guardia_id_6a8559a1; Type: INDEX; Schema: public; Owner: demo_user
--

CREATE INDEX presencia_impartir_professor_guardia_id_6a8559a1 ON public.presencia_impartir USING btree (professor_guardia_id);


--
-- Name: presencia_impartir_professor_passa_llista_id_4f2343a3; Type: INDEX; Schema: public; Owner: demo_user
--

CREATE INDEX presencia_impartir_professor_passa_llista_id_4f2343a3 ON public.presencia_impartir USING btree (professor_passa_llista_id);


--
-- Name: presencia_impartir_reserva_id_39accc2a; Type: INDEX; Schema: public; Owner: demo_user
--

CREATE INDEX presencia_impartir_reserva_id_39accc2a ON public.presencia_impartir USING btree (reserva_id);


--
-- Name: presencia_nohadeseralaula_control_id_e6da8a36; Type: INDEX; Schema: public; Owner: demo_user
--

CREATE INDEX presencia_nohadeseralaula_control_id_e6da8a36 ON public.presencia_nohadeseralaula USING btree (control_id);


--
-- Name: presencia_nohadeseralaula_sancio_id_a5a1cfaa; Type: INDEX; Schema: public; Owner: demo_user
--

CREATE INDEX presencia_nohadeseralaula_sancio_id_a5a1cfaa ON public.presencia_nohadeseralaula USING btree (sancio_id);


--
-- Name: presencia_nohadeseralaula_sortida_id_cf237b1c; Type: INDEX; Schema: public; Owner: demo_user
--

CREATE INDEX presencia_nohadeseralaula_sortida_id_cf237b1c ON public.presencia_nohadeseralaula USING btree (sortida_id);


--
-- Name: relacioFamilies_docattach_email_id_a623af72; Type: INDEX; Schema: public; Owner: demo_user
--

CREATE INDEX "relacioFamilies_docattach_email_id_a623af72" ON public."relacioFamilies_docattach" USING btree (email_id);


--
-- Name: relacioFamilies_responsabl_alumne_id_fc2b4487; Type: INDEX; Schema: public; Owner: demo_user
--

CREATE INDEX "relacioFamilies_responsabl_alumne_id_fc2b4487" ON public."relacioFamilies_responsable_alumnes_associats" USING btree (alumne_id);


--
-- Name: relacioFamilies_responsabl_responsable_id_01729512; Type: INDEX; Schema: public; Owner: demo_user
--

CREATE INDEX "relacioFamilies_responsabl_responsable_id_01729512" ON public."relacioFamilies_responsable_alumnes_associats" USING btree (responsable_id);


--
-- Name: relacioFamilies_responsable_dni_2c2ac673_like; Type: INDEX; Schema: public; Owner: demo_user
--

CREATE INDEX "relacioFamilies_responsable_dni_2c2ac673_like" ON public."relacioFamilies_responsable" USING btree (dni varchar_pattern_ops);


--
-- Name: relacioFamilies_responsable_telefon_1711159d; Type: INDEX; Schema: public; Owner: demo_user
--

CREATE INDEX "relacioFamilies_responsable_telefon_1711159d" ON public."relacioFamilies_responsable" USING btree (telefon);


--
-- Name: relacioFamilies_responsable_telefon_1711159d_like; Type: INDEX; Schema: public; Owner: demo_user
--

CREATE INDEX "relacioFamilies_responsable_telefon_1711159d_like" ON public."relacioFamilies_responsable" USING btree (telefon varchar_pattern_ops);


--
-- Name: sortides_notificasortida_alumne_id_c9e4ba7d; Type: INDEX; Schema: public; Owner: demo_user
--

CREATE INDEX sortides_notificasortida_alumne_id_c9e4ba7d ON public.sortides_notificasortida USING btree (alumne_id);


--
-- Name: sortides_notificasortida_n_notificasortida_id_737a7158; Type: INDEX; Schema: public; Owner: demo_user
--

CREATE INDEX sortides_notificasortida_n_notificasortida_id_737a7158 ON public.sortides_notificasortida_notificacions_familia USING btree (notificasortida_id);


--
-- Name: sortides_notificasortida_n_notifusuari_id_fc733969; Type: INDEX; Schema: public; Owner: demo_user
--

CREATE INDEX sortides_notificasortida_n_notifusuari_id_fc733969 ON public.sortides_notificasortida_notificacions_familia USING btree (notifusuari_id);


--
-- Name: sortides_notificasortida_sortida_id_c187906e; Type: INDEX; Schema: public; Owner: demo_user
--

CREATE INDEX sortides_notificasortida_sortida_id_c187906e ON public.sortides_notificasortida USING btree (sortida_id);


--
-- Name: sortides_pagament_alumne_id_068cfac0; Type: INDEX; Schema: public; Owner: demo_user
--

CREATE INDEX sortides_pagament_alumne_id_068cfac0 ON public.sortides_pagament USING btree (alumne_id);


--
-- Name: sortides_pagament_notificacions_familia_notifusuari_id_b53f7c8b; Type: INDEX; Schema: public; Owner: demo_user
--

CREATE INDEX sortides_pagament_notificacions_familia_notifusuari_id_b53f7c8b ON public.sortides_pagament_notificacions_familia USING btree (notifusuari_id);


--
-- Name: sortides_pagament_notificacions_familia_pagament_id_7727f52c; Type: INDEX; Schema: public; Owner: demo_user
--

CREATE INDEX sortides_pagament_notificacions_familia_pagament_id_7727f52c ON public.sortides_pagament_notificacions_familia USING btree (pagament_id);


--
-- Name: sortides_pagament_ordre_pagament_d84d994d_like; Type: INDEX; Schema: public; Owner: demo_user
--

CREATE INDEX sortides_pagament_ordre_pagament_d84d994d_like ON public.sortides_pagament USING btree (ordre_pagament varchar_pattern_ops);


--
-- Name: sortides_pagament_quota_id_e32564cc; Type: INDEX; Schema: public; Owner: demo_user
--

CREATE INDEX sortides_pagament_quota_id_e32564cc ON public.sortides_pagament USING btree (quota_id);


--
-- Name: sortides_pagament_sortida_id_63c614d5; Type: INDEX; Schema: public; Owner: demo_user
--

CREATE INDEX sortides_pagament_sortida_id_63c614d5 ON public.sortides_pagament USING btree (sortida_id);


--
-- Name: sortides_quota_curs_id_d14ab3f8; Type: INDEX; Schema: public; Owner: demo_user
--

CREATE INDEX sortides_quota_curs_id_d14ab3f8 ON public.sortides_quota USING btree (curs_id);


--
-- Name: sortides_quota_tipus_id_6c302d22; Type: INDEX; Schema: public; Owner: demo_user
--

CREATE INDEX sortides_quota_tipus_id_6c302d22 ON public.sortides_quota USING btree (tipus_id);


--
-- Name: sortides_quota_tpv_id_4cb528dd; Type: INDEX; Schema: public; Owner: demo_user
--

CREATE INDEX sortides_quota_tpv_id_4cb528dd ON public.sortides_quota USING btree (tpv_id);


--
-- Name: sortides_sortida_altres_pr_professor_id_e1ac9efc; Type: INDEX; Schema: public; Owner: demo_user
--

CREATE INDEX sortides_sortida_altres_pr_professor_id_e1ac9efc ON public.sortides_sortida_altres_professors_acompanyants USING btree (professor_id);


--
-- Name: sortides_sortida_altres_pr_sortida_id_84a4c597; Type: INDEX; Schema: public; Owner: demo_user
--

CREATE INDEX sortides_sortida_altres_pr_sortida_id_84a4c597 ON public.sortides_sortida_altres_professors_acompanyants USING btree (sortida_id);


--
-- Name: sortides_sortida_alumnes_convocats_alumne_id_2de33622; Type: INDEX; Schema: public; Owner: demo_user
--

CREATE INDEX sortides_sortida_alumnes_convocats_alumne_id_2de33622 ON public.sortides_sortida_alumnes_convocats USING btree (alumne_id);


--
-- Name: sortides_sortida_alumnes_convocats_sortida_id_1681e034; Type: INDEX; Schema: public; Owner: demo_user
--

CREATE INDEX sortides_sortida_alumnes_convocats_sortida_id_1681e034 ON public.sortides_sortida_alumnes_convocats USING btree (sortida_id);


--
-- Name: sortides_sortida_alumnes_justificacio_alumne_id_5bbe016e; Type: INDEX; Schema: public; Owner: demo_user
--

CREATE INDEX sortides_sortida_alumnes_justificacio_alumne_id_5bbe016e ON public.sortides_sortida_alumnes_justificacio USING btree (alumne_id);


--
-- Name: sortides_sortida_alumnes_justificacio_sortida_id_d8830516; Type: INDEX; Schema: public; Owner: demo_user
--

CREATE INDEX sortides_sortida_alumnes_justificacio_sortida_id_d8830516 ON public.sortides_sortida_alumnes_justificacio USING btree (sortida_id);


--
-- Name: sortides_sortida_alumnes_que_no_vindran_alumne_id_d258efad; Type: INDEX; Schema: public; Owner: demo_user
--

CREATE INDEX sortides_sortida_alumnes_que_no_vindran_alumne_id_d258efad ON public.sortides_sortida_alumnes_que_no_vindran USING btree (alumne_id);


--
-- Name: sortides_sortida_alumnes_que_no_vindran_sortida_id_856eece5; Type: INDEX; Schema: public; Owner: demo_user
--

CREATE INDEX sortides_sortida_alumnes_que_no_vindran_sortida_id_856eece5 ON public.sortides_sortida_alumnes_que_no_vindran USING btree (sortida_id);


--
-- Name: sortides_sortida_departament_que_organitza_id_58d3df97; Type: INDEX; Schema: public; Owner: demo_user
--

CREATE INDEX sortides_sortida_departament_que_organitza_id_58d3df97 ON public.sortides_sortida USING btree (departament_que_organitza_id);


--
-- Name: sortides_sortida_franja_fi_id_00f9d80a; Type: INDEX; Schema: public; Owner: demo_user
--

CREATE INDEX sortides_sortida_franja_fi_id_00f9d80a ON public.sortides_sortida USING btree (franja_fi_id);


--
-- Name: sortides_sortida_franja_inici_id_15847859; Type: INDEX; Schema: public; Owner: demo_user
--

CREATE INDEX sortides_sortida_franja_inici_id_15847859 ON public.sortides_sortida USING btree (franja_inici_id);


--
-- Name: sortides_sortida_professor_que_proposa_id_1f98f289; Type: INDEX; Schema: public; Owner: demo_user
--

CREATE INDEX sortides_sortida_professor_que_proposa_id_1f98f289 ON public.sortides_sortida USING btree (professor_que_proposa_id);


--
-- Name: sortides_sortida_professors_responsables_professor_id_761ae036; Type: INDEX; Schema: public; Owner: demo_user
--

CREATE INDEX sortides_sortida_professors_responsables_professor_id_761ae036 ON public.sortides_sortida_professors_responsables USING btree (professor_id);


--
-- Name: sortides_sortida_professors_responsables_sortida_id_a8a43f93; Type: INDEX; Schema: public; Owner: demo_user
--

CREATE INDEX sortides_sortida_professors_responsables_sortida_id_a8a43f93 ON public.sortides_sortida_professors_responsables USING btree (sortida_id);


--
-- Name: sortides_sortida_tpv_id_36afc230; Type: INDEX; Schema: public; Owner: demo_user
--

CREATE INDEX sortides_sortida_tpv_id_36afc230 ON public.sortides_sortida USING btree (tpv_id);


--
-- Name: sortides_sortida_tutors_alumnes_convocats_professor_id_ec4a9d3d; Type: INDEX; Schema: public; Owner: demo_user
--

CREATE INDEX sortides_sortida_tutors_alumnes_convocats_professor_id_ec4a9d3d ON public.sortides_sortida_tutors_alumnes_convocats USING btree (professor_id);


--
-- Name: sortides_sortida_tutors_alumnes_convocats_sortida_id_29af2cf1; Type: INDEX; Schema: public; Owner: demo_user
--

CREATE INDEX sortides_sortida_tutors_alumnes_convocats_sortida_id_29af2cf1 ON public.sortides_sortida_tutors_alumnes_convocats USING btree (sortida_id);


--
-- Name: sortides_tipusquota_nom_a0c0bfcc_like; Type: INDEX; Schema: public; Owner: demo_user
--

CREATE INDEX sortides_tipusquota_nom_a0c0bfcc_like ON public.sortides_tipusquota USING btree (nom varchar_pattern_ops);


--
-- Name: sortides_tpv_nom_b8cc9902_like; Type: INDEX; Schema: public; Owner: demo_user
--

CREATE INDEX sortides_tpv_nom_b8cc9902_like ON public.sortides_tpv USING btree (nom varchar_pattern_ops);


--
-- Name: todo_todo_data_3938403e; Type: INDEX; Schema: public; Owner: demo_user
--

CREATE INDEX todo_todo_data_3938403e ON public.todo_todo USING btree (data);


--
-- Name: todo_todo_propietari_id_9809c340; Type: INDEX; Schema: public; Owner: demo_user
--

CREATE INDEX todo_todo_propietari_id_9809c340 ON public.todo_todo USING btree (propietari_id);


--
-- Name: tutoria_actuacio_alumne_id_4bd38b72; Type: INDEX; Schema: public; Owner: demo_user
--

CREATE INDEX tutoria_actuacio_alumne_id_4bd38b72 ON public.tutoria_actuacio USING btree (alumne_id);


--
-- Name: tutoria_actuacio_professional_id_0631dfcf; Type: INDEX; Schema: public; Owner: demo_user
--

CREATE INDEX tutoria_actuacio_professional_id_0631dfcf ON public.tutoria_actuacio USING btree (professional_id);


--
-- Name: tutoria_cartaabsentisme_alumne_id_77abbcaa; Type: INDEX; Schema: public; Owner: demo_user
--

CREATE INDEX tutoria_cartaabsentisme_alumne_id_77abbcaa ON public.tutoria_cartaabsentisme USING btree (alumne_id);


--
-- Name: tutoria_cartaabsentisme_professor_id_2fd8e570; Type: INDEX; Schema: public; Owner: demo_user
--

CREATE INDEX tutoria_cartaabsentisme_professor_id_2fd8e570 ON public.tutoria_cartaabsentisme USING btree (professor_id);


--
-- Name: tutoria_resumanualalumne_seguiment_tutorial_id_9483703b; Type: INDEX; Schema: public; Owner: demo_user
--

CREATE INDEX tutoria_resumanualalumne_seguiment_tutorial_id_9483703b ON public.tutoria_resumanualalumne USING btree (seguiment_tutorial_id);


--
-- Name: tutoria_seguimenttutorialpreguntes_pregunta_11fb155b_like; Type: INDEX; Schema: public; Owner: demo_user
--

CREATE INDEX tutoria_seguimenttutorialpreguntes_pregunta_11fb155b_like ON public.tutoria_seguimenttutorialpreguntes USING btree (pregunta varchar_pattern_ops);


--
-- Name: tutoria_seguimenttutorialr_seguiment_tutorial_id_69798e82; Type: INDEX; Schema: public; Owner: demo_user
--

CREATE INDEX tutoria_seguimenttutorialr_seguiment_tutorial_id_69798e82 ON public.tutoria_seguimenttutorialrespostes USING btree (seguiment_tutorial_id);


--
-- Name: tutoria_tutor_grup_id_c7f7699c; Type: INDEX; Schema: public; Owner: demo_user
--

CREATE INDEX tutoria_tutor_grup_id_c7f7699c ON public.tutoria_tutor USING btree (grup_id);


--
-- Name: tutoria_tutor_professor_id_10d791da; Type: INDEX; Schema: public; Owner: demo_user
--

CREATE INDEX tutoria_tutor_professor_id_10d791da ON public.tutoria_tutor USING btree (professor_id);


--
-- Name: tutoria_tutorindividualitzat_alumne_id_7d257177; Type: INDEX; Schema: public; Owner: demo_user
--

CREATE INDEX tutoria_tutorindividualitzat_alumne_id_7d257177 ON public.tutoria_tutorindividualitzat USING btree (alumne_id);


--
-- Name: tutoria_tutorindividualitzat_professor_id_2adeda31; Type: INDEX; Schema: public; Owner: demo_user
--

CREATE INDEX tutoria_tutorindividualitzat_professor_id_2adeda31 ON public.tutoria_tutorindividualitzat USING btree (professor_id);


--
-- Name: usuaris_abstractonetimepasswd_usuari_id_831b7047; Type: INDEX; Schema: public; Owner: demo_user
--

CREATE INDEX usuaris_abstractonetimepasswd_usuari_id_831b7047 ON public.usuaris_abstractonetimepasswd USING btree (usuari_id);


--
-- Name: usuaris_accio_impersonated_from_id_365d4750; Type: INDEX; Schema: public; Owner: demo_user
--

CREATE INDEX usuaris_accio_impersonated_from_id_365d4750 ON public.usuaris_accio USING btree (impersonated_from_id);


--
-- Name: usuaris_accio_moment_6a90dbce; Type: INDEX; Schema: public; Owner: demo_user
--

CREATE INDEX usuaris_accio_moment_6a90dbce ON public.usuaris_accio USING btree (moment);


--
-- Name: usuaris_accio_usuari_id_a283f60a; Type: INDEX; Schema: public; Owner: demo_user
--

CREATE INDEX usuaris_accio_usuari_id_a283f60a ON public.usuaris_accio USING btree (usuari_id);


--
-- Name: usuaris_loginusuari_moment_7a461c67; Type: INDEX; Schema: public; Owner: demo_user
--

CREATE INDEX usuaris_loginusuari_moment_7a461c67 ON public.usuaris_loginusuari USING btree (moment);


--
-- Name: usuaris_loginusuari_usuari_id_294c69da; Type: INDEX; Schema: public; Owner: demo_user
--

CREATE INDEX usuaris_loginusuari_usuari_id_294c69da ON public.usuaris_loginusuari USING btree (usuari_id);


--
-- Name: usuaris_not_usuari__70cc4d_idx; Type: INDEX; Schema: public; Owner: demo_user
--

CREATE INDEX usuaris_not_usuari__70cc4d_idx ON public.usuaris_notifusuari USING btree (usuari_id, alumne_id, tipus);


--
-- Name: usuaris_notifusuari_alumne_id_7ba7c741; Type: INDEX; Schema: public; Owner: demo_user
--

CREATE INDEX usuaris_notifusuari_alumne_id_7ba7c741 ON public.usuaris_notifusuari USING btree (alumne_id);


--
-- Name: usuaris_notifusuari_moment_3350f38d; Type: INDEX; Schema: public; Owner: demo_user
--

CREATE INDEX usuaris_notifusuari_moment_3350f38d ON public.usuaris_notifusuari USING btree (moment);


--
-- Name: usuaris_notifusuari_usuari_id_59bce9d1; Type: INDEX; Schema: public; Owner: demo_user
--

CREATE INDEX usuaris_notifusuari_usuari_id_59bce9d1 ON public.usuaris_notifusuari USING btree (usuari_id);


--
-- Name: usuaris_qrportal_alumne_referenciat_id_98fc6aaa; Type: INDEX; Schema: public; Owner: demo_user
--

CREATE INDEX usuaris_qrportal_alumne_referenciat_id_98fc6aaa ON public.usuaris_qrportal USING btree (alumne_referenciat_id);


--
-- Name: usuaris_qrportal_clau_06e1a881; Type: INDEX; Schema: public; Owner: demo_user
--

CREATE INDEX usuaris_qrportal_clau_06e1a881 ON public.usuaris_qrportal USING btree (clau);


--
-- Name: usuaris_qrportal_clau_06e1a881_like; Type: INDEX; Schema: public; Owner: demo_user
--

CREATE INDEX usuaris_qrportal_clau_06e1a881_like ON public.usuaris_qrportal USING btree (clau varchar_pattern_ops);


--
-- Name: usuaris_qrportal_localitzador_5a909874_like; Type: INDEX; Schema: public; Owner: demo_user
--

CREATE INDEX usuaris_qrportal_localitzador_5a909874_like ON public.usuaris_qrportal USING btree (localitzador varchar_pattern_ops);


--
-- Name: alumnes_alumne alumnes_alumne_grup_id_4a7e8074_fk_alumnes_grup_id; Type: FK CONSTRAINT; Schema: public; Owner: demo_user
--

ALTER TABLE ONLY public.alumnes_alumne
    ADD CONSTRAINT alumnes_alumne_grup_id_4a7e8074_fk_alumnes_grup_id FOREIGN KEY (grup_id) REFERENCES public.alumnes_grup(id) DEFERRABLE INITIALLY DEFERRED;


--
-- Name: alumnes_alumne alumnes_alumne_responsable_preferen_e1f1ccd6_fk_relacioFa; Type: FK CONSTRAINT; Schema: public; Owner: demo_user
--

ALTER TABLE ONLY public.alumnes_alumne
    ADD CONSTRAINT "alumnes_alumne_responsable_preferen_e1f1ccd6_fk_relacioFa" FOREIGN KEY (responsable_preferent_id) REFERENCES public."relacioFamilies_responsable"(id) DEFERRABLE INITIALLY DEFERRED;


--
-- Name: alumnes_alumne alumnes_alumne_user_associat_id_1f54102b_fk_auth_user_id; Type: FK CONSTRAINT; Schema: public; Owner: demo_user
--

ALTER TABLE ONLY public.alumnes_alumne
    ADD CONSTRAINT alumnes_alumne_user_associat_id_1f54102b_fk_auth_user_id FOREIGN KEY (user_associat_id) REFERENCES public.auth_user(id) DEFERRABLE INITIALLY DEFERRED;


--
-- Name: alumnes_curs alumnes_curs_nivell_id_0bccb236_fk_alumnes_nivell_id; Type: FK CONSTRAINT; Schema: public; Owner: demo_user
--

ALTER TABLE ONLY public.alumnes_curs
    ADD CONSTRAINT alumnes_curs_nivell_id_0bccb236_fk_alumnes_nivell_id FOREIGN KEY (nivell_id) REFERENCES public.alumnes_nivell(id) DEFERRABLE INITIALLY DEFERRED;


--
-- Name: alumnes_dadesaddicionalsalumne alumnes_dadesaddicio_alumne_id_e9d9a477_fk_alumnes_a; Type: FK CONSTRAINT; Schema: public; Owner: demo_user
--

ALTER TABLE ONLY public.alumnes_dadesaddicionalsalumne
    ADD CONSTRAINT alumnes_dadesaddicio_alumne_id_e9d9a477_fk_alumnes_a FOREIGN KEY (alumne_id) REFERENCES public.alumnes_alumne(id) DEFERRABLE INITIALLY DEFERRED;


--
-- Name: alumnes_grup alumnes_grup_curs_id_3a1632b2_fk_alumnes_curs_id; Type: FK CONSTRAINT; Schema: public; Owner: demo_user
--

ALTER TABLE ONLY public.alumnes_grup
    ADD CONSTRAINT alumnes_grup_curs_id_3a1632b2_fk_alumnes_curs_id FOREIGN KEY (curs_id) REFERENCES public.alumnes_curs(id) DEFERRABLE INITIALLY DEFERRED;


--
-- Name: alumnes_nivell alumnes_nivell_taxes_id_7797c577_fk_sortides_tipusquota_id; Type: FK CONSTRAINT; Schema: public; Owner: demo_user
--

ALTER TABLE ONLY public.alumnes_nivell
    ADD CONSTRAINT alumnes_nivell_taxes_id_7797c577_fk_sortides_tipusquota_id FOREIGN KEY (taxes_id) REFERENCES public.sortides_tipusquota(id) DEFERRABLE INITIALLY DEFERRED;


--
-- Name: assignatures_assignatura assignatures_assigna_tipus_assignatura_id_a33c08a0_fk_assignatu; Type: FK CONSTRAINT; Schema: public; Owner: demo_user
--

ALTER TABLE ONLY public.assignatures_assignatura
    ADD CONSTRAINT assignatures_assigna_tipus_assignatura_id_a33c08a0_fk_assignatu FOREIGN KEY (tipus_assignatura_id) REFERENCES public.assignatures_tipusdassignatura(id) DEFERRABLE INITIALLY DEFERRED;


--
-- Name: assignatures_assignatura assignatures_assignatura_curs_id_90856b94_fk_alumnes_curs_id; Type: FK CONSTRAINT; Schema: public; Owner: demo_user
--

ALTER TABLE ONLY public.assignatures_assignatura
    ADD CONSTRAINT assignatures_assignatura_curs_id_90856b94_fk_alumnes_curs_id FOREIGN KEY (curs_id) REFERENCES public.alumnes_curs(id) DEFERRABLE INITIALLY DEFERRED;


--
-- Name: aules_aula_disponibilitat_horaria aules_aula_disponibi_aula_id_c99aca3b_fk_aules_aul; Type: FK CONSTRAINT; Schema: public; Owner: demo_user
--

ALTER TABLE ONLY public.aules_aula_disponibilitat_horaria
    ADD CONSTRAINT aules_aula_disponibi_aula_id_c99aca3b_fk_aules_aul FOREIGN KEY (aula_id) REFERENCES public.aules_aula(id) DEFERRABLE INITIALLY DEFERRED;


--
-- Name: aules_aula_disponibilitat_horaria aules_aula_disponibi_franjahoraria_id_2cb2f41e_fk_horaris_f; Type: FK CONSTRAINT; Schema: public; Owner: demo_user
--

ALTER TABLE ONLY public.aules_aula_disponibilitat_horaria
    ADD CONSTRAINT aules_aula_disponibi_franjahoraria_id_2cb2f41e_fk_horaris_f FOREIGN KEY (franjahoraria_id) REFERENCES public.horaris_franjahoraria(id) DEFERRABLE INITIALLY DEFERRED;


--
-- Name: aules_reservaaula aules_reservaaula_aula_id_15438a17_fk_aules_aula_id; Type: FK CONSTRAINT; Schema: public; Owner: demo_user
--

ALTER TABLE ONLY public.aules_reservaaula
    ADD CONSTRAINT aules_reservaaula_aula_id_15438a17_fk_aules_aula_id FOREIGN KEY (aula_id) REFERENCES public.aules_aula(id) DEFERRABLE INITIALLY DEFERRED;


--
-- Name: aules_reservaaula aules_reservaaula_hora_id_3b64c94c_fk_horaris_franjahoraria_id; Type: FK CONSTRAINT; Schema: public; Owner: demo_user
--

ALTER TABLE ONLY public.aules_reservaaula
    ADD CONSTRAINT aules_reservaaula_hora_id_3b64c94c_fk_horaris_franjahoraria_id FOREIGN KEY (hora_id) REFERENCES public.horaris_franjahoraria(id) DEFERRABLE INITIALLY DEFERRED;


--
-- Name: aules_reservaaula aules_reservaaula_usuari_id_5ccae541_fk_auth_user_id; Type: FK CONSTRAINT; Schema: public; Owner: demo_user
--

ALTER TABLE ONLY public.aules_reservaaula
    ADD CONSTRAINT aules_reservaaula_usuari_id_5ccae541_fk_auth_user_id FOREIGN KEY (usuari_id) REFERENCES public.auth_user(id) DEFERRABLE INITIALLY DEFERRED;


--
-- Name: auth_group_permissions auth_group_permissio_permission_id_84c5c92e_fk_auth_perm; Type: FK CONSTRAINT; Schema: public; Owner: demo_user
--

ALTER TABLE ONLY public.auth_group_permissions
    ADD CONSTRAINT auth_group_permissio_permission_id_84c5c92e_fk_auth_perm FOREIGN KEY (permission_id) REFERENCES public.auth_permission(id) DEFERRABLE INITIALLY DEFERRED;


--
-- Name: auth_group_permissions auth_group_permissions_group_id_b120cbf9_fk_auth_group_id; Type: FK CONSTRAINT; Schema: public; Owner: demo_user
--

ALTER TABLE ONLY public.auth_group_permissions
    ADD CONSTRAINT auth_group_permissions_group_id_b120cbf9_fk_auth_group_id FOREIGN KEY (group_id) REFERENCES public.auth_group(id) DEFERRABLE INITIALLY DEFERRED;


--
-- Name: auth_permission auth_permission_content_type_id_2f476e4b_fk_django_co; Type: FK CONSTRAINT; Schema: public; Owner: demo_user
--

ALTER TABLE ONLY public.auth_permission
    ADD CONSTRAINT auth_permission_content_type_id_2f476e4b_fk_django_co FOREIGN KEY (content_type_id) REFERENCES public.django_content_type(id) DEFERRABLE INITIALLY DEFERRED;


--
-- Name: auth_user_groups auth_user_groups_group_id_97559544_fk_auth_group_id; Type: FK CONSTRAINT; Schema: public; Owner: demo_user
--

ALTER TABLE ONLY public.auth_user_groups
    ADD CONSTRAINT auth_user_groups_group_id_97559544_fk_auth_group_id FOREIGN KEY (group_id) REFERENCES public.auth_group(id) DEFERRABLE INITIALLY DEFERRED;


--
-- Name: auth_user_groups auth_user_groups_user_id_6a12ed8b_fk_auth_user_id; Type: FK CONSTRAINT; Schema: public; Owner: demo_user
--

ALTER TABLE ONLY public.auth_user_groups
    ADD CONSTRAINT auth_user_groups_user_id_6a12ed8b_fk_auth_user_id FOREIGN KEY (user_id) REFERENCES public.auth_user(id) DEFERRABLE INITIALLY DEFERRED;


--
-- Name: auth_user_user_permissions auth_user_user_permi_permission_id_1fbb5f2c_fk_auth_perm; Type: FK CONSTRAINT; Schema: public; Owner: demo_user
--

ALTER TABLE ONLY public.auth_user_user_permissions
    ADD CONSTRAINT auth_user_user_permi_permission_id_1fbb5f2c_fk_auth_perm FOREIGN KEY (permission_id) REFERENCES public.auth_permission(id) DEFERRABLE INITIALLY DEFERRED;


--
-- Name: auth_user_user_permissions auth_user_user_permissions_user_id_a95ead1b_fk_auth_user_id; Type: FK CONSTRAINT; Schema: public; Owner: demo_user
--

ALTER TABLE ONLY public.auth_user_user_permissions
    ADD CONSTRAINT auth_user_user_permissions_user_id_a95ead1b_fk_auth_user_id FOREIGN KEY (user_id) REFERENCES public.auth_user(id) DEFERRABLE INITIALLY DEFERRED;


--
-- Name: avaluacioQualitativa_respostaavaluacioqualitativa avaluacioQualitativa_alumne_id_1ff2b94a_fk_alumnes_a; Type: FK CONSTRAINT; Schema: public; Owner: demo_user
--

ALTER TABLE ONLY public."avaluacioQualitativa_respostaavaluacioqualitativa"
    ADD CONSTRAINT "avaluacioQualitativa_alumne_id_1ff2b94a_fk_alumnes_a" FOREIGN KEY (alumne_id) REFERENCES public.alumnes_alumne(id) DEFERRABLE INITIALLY DEFERRED;


--
-- Name: avaluacioQualitativa_respostaavaluacioqualitativa avaluacioQualitativa_assignatura_id_2fcec9c3_fk_assignatu; Type: FK CONSTRAINT; Schema: public; Owner: demo_user
--

ALTER TABLE ONLY public."avaluacioQualitativa_respostaavaluacioqualitativa"
    ADD CONSTRAINT "avaluacioQualitativa_assignatura_id_2fcec9c3_fk_assignatu" FOREIGN KEY (assignatura_id) REFERENCES public.assignatures_assignatura(id) DEFERRABLE INITIALLY DEFERRED;


--
-- Name: avaluacioQualitativa_avaluacioqualitativa_grups avaluacioQualitativa_avaluacioqualitativa_4ecc6c8c_fk_avaluacio; Type: FK CONSTRAINT; Schema: public; Owner: demo_user
--

ALTER TABLE ONLY public."avaluacioQualitativa_avaluacioqualitativa_grups"
    ADD CONSTRAINT "avaluacioQualitativa_avaluacioqualitativa_4ecc6c8c_fk_avaluacio" FOREIGN KEY (avaluacioqualitativa_id) REFERENCES public."avaluacioQualitativa_avaluacioqualitativa"(id) DEFERRABLE INITIALLY DEFERRED;


--
-- Name: avaluacioQualitativa_avaluacioqualitativa_grups avaluacioQualitativa_grup_id_40ba3db6_fk_alumnes_g; Type: FK CONSTRAINT; Schema: public; Owner: demo_user
--

ALTER TABLE ONLY public."avaluacioQualitativa_avaluacioqualitativa_grups"
    ADD CONSTRAINT "avaluacioQualitativa_grup_id_40ba3db6_fk_alumnes_g" FOREIGN KEY (grup_id) REFERENCES public.alumnes_grup(id) DEFERRABLE INITIALLY DEFERRED;


--
-- Name: avaluacioQualitativa_respostaavaluacioqualitativa avaluacioQualitativa_item_id_cfc55669_fk_avaluacio; Type: FK CONSTRAINT; Schema: public; Owner: demo_user
--

ALTER TABLE ONLY public."avaluacioQualitativa_respostaavaluacioqualitativa"
    ADD CONSTRAINT "avaluacioQualitativa_item_id_cfc55669_fk_avaluacio" FOREIGN KEY (item_id) REFERENCES public."avaluacioQualitativa_itemqualitativa"(id) DEFERRABLE INITIALLY DEFERRED;


--
-- Name: avaluacioQualitativa_itemqualitativa_nivells avaluacioQualitativa_itemqualitativa_id_ad3b9fce_fk_avaluacio; Type: FK CONSTRAINT; Schema: public; Owner: demo_user
--

ALTER TABLE ONLY public."avaluacioQualitativa_itemqualitativa_nivells"
    ADD CONSTRAINT "avaluacioQualitativa_itemqualitativa_id_ad3b9fce_fk_avaluacio" FOREIGN KEY (itemqualitativa_id) REFERENCES public."avaluacioQualitativa_itemqualitativa"(id) DEFERRABLE INITIALLY DEFERRED;


--
-- Name: avaluacioQualitativa_itemqualitativa_nivells avaluacioQualitativa_nivell_id_9ad6ac08_fk_alumnes_n; Type: FK CONSTRAINT; Schema: public; Owner: demo_user
--

ALTER TABLE ONLY public."avaluacioQualitativa_itemqualitativa_nivells"
    ADD CONSTRAINT "avaluacioQualitativa_nivell_id_9ad6ac08_fk_alumnes_n" FOREIGN KEY (nivell_id) REFERENCES public.alumnes_nivell(id) DEFERRABLE INITIALLY DEFERRED;


--
-- Name: avaluacioQualitativa_respostaavaluacioqualitativa_notificacb104 avaluacioQualitativa_notifusuari_id_4319076c_fk_usuaris_n; Type: FK CONSTRAINT; Schema: public; Owner: demo_user
--

ALTER TABLE ONLY public."avaluacioQualitativa_respostaavaluacioqualitativa_notificacb104"
    ADD CONSTRAINT "avaluacioQualitativa_notifusuari_id_4319076c_fk_usuaris_n" FOREIGN KEY (notifusuari_id) REFERENCES public.usuaris_notifusuari(id) DEFERRABLE INITIALLY DEFERRED;


--
-- Name: avaluacioQualitativa_respostaavaluacioqualitativa avaluacioQualitativa_professor_id_5cf0f14c_fk_auth_user; Type: FK CONSTRAINT; Schema: public; Owner: demo_user
--

ALTER TABLE ONLY public."avaluacioQualitativa_respostaavaluacioqualitativa"
    ADD CONSTRAINT "avaluacioQualitativa_professor_id_5cf0f14c_fk_auth_user" FOREIGN KEY (professor_id) REFERENCES public.auth_user(id) DEFERRABLE INITIALLY DEFERRED;


--
-- Name: avaluacioQualitativa_respostaavaluacioqualitativa avaluacioQualitativa_qualitativa_id_e4cc8424_fk_avaluacio; Type: FK CONSTRAINT; Schema: public; Owner: demo_user
--

ALTER TABLE ONLY public."avaluacioQualitativa_respostaavaluacioqualitativa"
    ADD CONSTRAINT "avaluacioQualitativa_qualitativa_id_e4cc8424_fk_avaluacio" FOREIGN KEY (qualitativa_id) REFERENCES public."avaluacioQualitativa_avaluacioqualitativa"(id) DEFERRABLE INITIALLY DEFERRED;


--
-- Name: avaluacioQualitativa_respostaavaluacioqualitativa_notificacb104 avaluacioQualitativa_respostaavaluacioqua_025b6059_fk_avaluacio; Type: FK CONSTRAINT; Schema: public; Owner: demo_user
--

ALTER TABLE ONLY public."avaluacioQualitativa_respostaavaluacioqualitativa_notificacb104"
    ADD CONSTRAINT "avaluacioQualitativa_respostaavaluacioqua_025b6059_fk_avaluacio" FOREIGN KEY (respostaavaluacioqualitativa_id) REFERENCES public."avaluacioQualitativa_respostaavaluacioqualitativa"(id) DEFERRABLE INITIALLY DEFERRED;


--
-- Name: baixes_feina baixes_feina_impartir_id_01e2f8c8_fk_presencia_impartir_id; Type: FK CONSTRAINT; Schema: public; Owner: demo_user
--

ALTER TABLE ONLY public.baixes_feina
    ADD CONSTRAINT baixes_feina_impartir_id_01e2f8c8_fk_presencia_impartir_id FOREIGN KEY (impartir_id) REFERENCES public.presencia_impartir(id) DEFERRABLE INITIALLY DEFERRED;


--
-- Name: baixes_feina baixes_feina_professor_darrera_mo_fd50bd6a_fk_auth_user; Type: FK CONSTRAINT; Schema: public; Owner: demo_user
--

ALTER TABLE ONLY public.baixes_feina
    ADD CONSTRAINT baixes_feina_professor_darrera_mo_fd50bd6a_fk_auth_user FOREIGN KEY (professor_darrera_modificacio_id) REFERENCES public.auth_user(id) DEFERRABLE INITIALLY DEFERRED;


--
-- Name: baixes_feina baixes_feina_professor_fa_guardia_id_d38c5578_fk_auth_user_id; Type: FK CONSTRAINT; Schema: public; Owner: demo_user
--

ALTER TABLE ONLY public.baixes_feina
    ADD CONSTRAINT baixes_feina_professor_fa_guardia_id_d38c5578_fk_auth_user_id FOREIGN KEY (professor_fa_guardia_id) REFERENCES public.auth_user(id) DEFERRABLE INITIALLY DEFERRED;


--
-- Name: django_admin_log django_admin_log_content_type_id_c4bce8eb_fk_django_co; Type: FK CONSTRAINT; Schema: public; Owner: demo_user
--

ALTER TABLE ONLY public.django_admin_log
    ADD CONSTRAINT django_admin_log_content_type_id_c4bce8eb_fk_django_co FOREIGN KEY (content_type_id) REFERENCES public.django_content_type(id) DEFERRABLE INITIALLY DEFERRED;


--
-- Name: django_admin_log django_admin_log_user_id_c564eba6_fk_auth_user_id; Type: FK CONSTRAINT; Schema: public; Owner: demo_user
--

ALTER TABLE ONLY public.django_admin_log
    ADD CONSTRAINT django_admin_log_user_id_c564eba6_fk_auth_user_id FOREIGN KEY (user_id) REFERENCES public.auth_user(id) DEFERRABLE INITIALLY DEFERRED;


--
-- Name: extEsfera_grup2aula extEsfera_grup2aula_Grup2Aula_id_e332c550_fk_alumnes_grup_id; Type: FK CONSTRAINT; Schema: public; Owner: demo_user
--

ALTER TABLE ONLY public."extEsfera_grup2aula"
    ADD CONSTRAINT "extEsfera_grup2aula_Grup2Aula_id_e332c550_fk_alumnes_grup_id" FOREIGN KEY ("Grup2Aula_id") REFERENCES public.alumnes_grup(id) DEFERRABLE INITIALLY DEFERRED;


--
-- Name: extKronowin_franja2aula extKronowin_franja2a_franja_aula_id_34cc8eef_fk_horaris_f; Type: FK CONSTRAINT; Schema: public; Owner: demo_user
--

ALTER TABLE ONLY public."extKronowin_franja2aula"
    ADD CONSTRAINT "extKronowin_franja2a_franja_aula_id_34cc8eef_fk_horaris_f" FOREIGN KEY (franja_aula_id) REFERENCES public.horaris_franjahoraria(id) DEFERRABLE INITIALLY DEFERRED;


--
-- Name: extKronowin_grup2aula extKronowin_grup2aula_Grup2Aula_id_675d7c5b_fk_alumnes_grup_id; Type: FK CONSTRAINT; Schema: public; Owner: demo_user
--

ALTER TABLE ONLY public."extKronowin_grup2aula"
    ADD CONSTRAINT "extKronowin_grup2aula_Grup2Aula_id_675d7c5b_fk_alumnes_grup_id" FOREIGN KEY ("Grup2Aula_id") REFERENCES public.alumnes_grup(id) DEFERRABLE INITIALLY DEFERRED;


--
-- Name: extPreinscripcio_nivell2aula extPreinscripcio_niv_nivellDjau_id_bf3214f9_fk_alumnes_n; Type: FK CONSTRAINT; Schema: public; Owner: demo_user
--

ALTER TABLE ONLY public."extPreinscripcio_nivell2aula"
    ADD CONSTRAINT "extPreinscripcio_niv_nivellDjau_id_bf3214f9_fk_alumnes_n" FOREIGN KEY ("nivellDjau_id") REFERENCES public.alumnes_nivell(id) DEFERRABLE INITIALLY DEFERRED;


--
-- Name: extSaga_grup2aula extSaga_grup2aula_Grup2Aula_id_7a31eddf_fk_alumnes_grup_id; Type: FK CONSTRAINT; Schema: public; Owner: demo_user
--

ALTER TABLE ONLY public."extSaga_grup2aula"
    ADD CONSTRAINT "extSaga_grup2aula_Grup2Aula_id_7a31eddf_fk_alumnes_grup_id" FOREIGN KEY ("Grup2Aula_id") REFERENCES public.alumnes_grup(id) DEFERRABLE INITIALLY DEFERRED;


--
-- Name: extUntis_agrupament extUntis_agrupament_grup_alumnes_id_64b7944c_fk_alumnes_grup_id; Type: FK CONSTRAINT; Schema: public; Owner: demo_user
--

ALTER TABLE ONLY public."extUntis_agrupament"
    ADD CONSTRAINT "extUntis_agrupament_grup_alumnes_id_64b7944c_fk_alumnes_grup_id" FOREIGN KEY (grup_alumnes_id) REFERENCES public.alumnes_grup(id) DEFERRABLE INITIALLY DEFERRED;


--
-- Name: extUntis_agrupament extUntis_agrupament_grup_horari_id_ea37e361_fk_alumnes_grup_id; Type: FK CONSTRAINT; Schema: public; Owner: demo_user
--

ALTER TABLE ONLY public."extUntis_agrupament"
    ADD CONSTRAINT "extUntis_agrupament_grup_horari_id_ea37e361_fk_alumnes_grup_id" FOREIGN KEY (grup_horari_id) REFERENCES public.alumnes_grup(id) DEFERRABLE INITIALLY DEFERRED;


--
-- Name: horaris_festiu horaris_festiu_curs_id_3a3d50d5_fk_alumnes_curs_id; Type: FK CONSTRAINT; Schema: public; Owner: demo_user
--

ALTER TABLE ONLY public.horaris_festiu
    ADD CONSTRAINT horaris_festiu_curs_id_3a3d50d5_fk_alumnes_curs_id FOREIGN KEY (curs_id) REFERENCES public.alumnes_curs(id) DEFERRABLE INITIALLY DEFERRED;


--
-- Name: horaris_festiu horaris_festiu_franja_horaria_fi_id_c6546a7d_fk_horaris_f; Type: FK CONSTRAINT; Schema: public; Owner: demo_user
--

ALTER TABLE ONLY public.horaris_festiu
    ADD CONSTRAINT horaris_festiu_franja_horaria_fi_id_c6546a7d_fk_horaris_f FOREIGN KEY (franja_horaria_fi_id) REFERENCES public.horaris_franjahoraria(id) DEFERRABLE INITIALLY DEFERRED;


--
-- Name: horaris_festiu horaris_festiu_franja_horaria_inici_4d51fe11_fk_horaris_f; Type: FK CONSTRAINT; Schema: public; Owner: demo_user
--

ALTER TABLE ONLY public.horaris_festiu
    ADD CONSTRAINT horaris_festiu_franja_horaria_inici_4d51fe11_fk_horaris_f FOREIGN KEY (franja_horaria_inici_id) REFERENCES public.horaris_franjahoraria(id) DEFERRABLE INITIALLY DEFERRED;


--
-- Name: horaris_horari horaris_horari_assignatura_id_81a1c017_fk_assignatu; Type: FK CONSTRAINT; Schema: public; Owner: demo_user
--

ALTER TABLE ONLY public.horaris_horari
    ADD CONSTRAINT horaris_horari_assignatura_id_81a1c017_fk_assignatu FOREIGN KEY (assignatura_id) REFERENCES public.assignatures_assignatura(id) DEFERRABLE INITIALLY DEFERRED;


--
-- Name: horaris_horari horaris_horari_aula_id_cc33c741_fk_aules_aula_id; Type: FK CONSTRAINT; Schema: public; Owner: demo_user
--

ALTER TABLE ONLY public.horaris_horari
    ADD CONSTRAINT horaris_horari_aula_id_cc33c741_fk_aules_aula_id FOREIGN KEY (aula_id) REFERENCES public.aules_aula(id) DEFERRABLE INITIALLY DEFERRED;


--
-- Name: horaris_horari horaris_horari_dia_de_la_setmana_id_c35c08f7_fk_horaris_d; Type: FK CONSTRAINT; Schema: public; Owner: demo_user
--

ALTER TABLE ONLY public.horaris_horari
    ADD CONSTRAINT horaris_horari_dia_de_la_setmana_id_c35c08f7_fk_horaris_d FOREIGN KEY (dia_de_la_setmana_id) REFERENCES public.horaris_diadelasetmana(id) DEFERRABLE INITIALLY DEFERRED;


--
-- Name: horaris_horari horaris_horari_grup_id_d07426d5_fk_alumnes_grup_id; Type: FK CONSTRAINT; Schema: public; Owner: demo_user
--

ALTER TABLE ONLY public.horaris_horari
    ADD CONSTRAINT horaris_horari_grup_id_d07426d5_fk_alumnes_grup_id FOREIGN KEY (grup_id) REFERENCES public.alumnes_grup(id) DEFERRABLE INITIALLY DEFERRED;


--
-- Name: horaris_horari horaris_horari_hora_id_d3ed9f10_fk_horaris_franjahoraria_id; Type: FK CONSTRAINT; Schema: public; Owner: demo_user
--

ALTER TABLE ONLY public.horaris_horari
    ADD CONSTRAINT horaris_horari_hora_id_d3ed9f10_fk_horaris_franjahoraria_id FOREIGN KEY (hora_id) REFERENCES public.horaris_franjahoraria(id) DEFERRABLE INITIALLY DEFERRED;


--
-- Name: horaris_horari horaris_horari_professor_id_1e2412d5_fk_auth_user_id; Type: FK CONSTRAINT; Schema: public; Owner: demo_user
--

ALTER TABLE ONLY public.horaris_horari
    ADD CONSTRAINT horaris_horari_professor_id_1e2412d5_fk_auth_user_id FOREIGN KEY (professor_id) REFERENCES public.auth_user(id) DEFERRABLE INITIALLY DEFERRED;


--
-- Name: incidencies_expulsio incidencies_expulsio_alumne_id_6f18978f_fk_alumnes_alumne_id; Type: FK CONSTRAINT; Schema: public; Owner: demo_user
--

ALTER TABLE ONLY public.incidencies_expulsio
    ADD CONSTRAINT incidencies_expulsio_alumne_id_6f18978f_fk_alumnes_alumne_id FOREIGN KEY (alumne_id) REFERENCES public.alumnes_alumne(id) DEFERRABLE INITIALLY DEFERRED;


--
-- Name: incidencies_expulsio incidencies_expulsio_control_assistencia__79a2ee31_fk_presencia; Type: FK CONSTRAINT; Schema: public; Owner: demo_user
--

ALTER TABLE ONLY public.incidencies_expulsio
    ADD CONSTRAINT incidencies_expulsio_control_assistencia__79a2ee31_fk_presencia FOREIGN KEY (control_assistencia_id) REFERENCES public.presencia_controlassistencia(id) DEFERRABLE INITIALLY DEFERRED;


--
-- Name: incidencies_expulsio_notificacions_familia incidencies_expulsio_expulsio_id_d461813a_fk_incidenci; Type: FK CONSTRAINT; Schema: public; Owner: demo_user
--

ALTER TABLE ONLY public.incidencies_expulsio_notificacions_familia
    ADD CONSTRAINT incidencies_expulsio_expulsio_id_d461813a_fk_incidenci FOREIGN KEY (expulsio_id) REFERENCES public.incidencies_expulsio(id) DEFERRABLE INITIALLY DEFERRED;


--
-- Name: incidencies_expulsio incidencies_expulsio_franja_expulsio_id_5345b187_fk_horaris_f; Type: FK CONSTRAINT; Schema: public; Owner: demo_user
--

ALTER TABLE ONLY public.incidencies_expulsio
    ADD CONSTRAINT incidencies_expulsio_franja_expulsio_id_5345b187_fk_horaris_f FOREIGN KEY (franja_expulsio_id) REFERENCES public.horaris_franjahoraria(id) DEFERRABLE INITIALLY DEFERRED;


--
-- Name: incidencies_expulsio_notificacions_familia incidencies_expulsio_notifusuari_id_4cf85927_fk_usuaris_n; Type: FK CONSTRAINT; Schema: public; Owner: demo_user
--

ALTER TABLE ONLY public.incidencies_expulsio_notificacions_familia
    ADD CONSTRAINT incidencies_expulsio_notifusuari_id_4cf85927_fk_usuaris_n FOREIGN KEY (notifusuari_id) REFERENCES public.usuaris_notifusuari(id) DEFERRABLE INITIALLY DEFERRED;


--
-- Name: incidencies_expulsio incidencies_expulsio_professor_id_0ce06c27_fk_auth_user_id; Type: FK CONSTRAINT; Schema: public; Owner: demo_user
--

ALTER TABLE ONLY public.incidencies_expulsio
    ADD CONSTRAINT incidencies_expulsio_professor_id_0ce06c27_fk_auth_user_id FOREIGN KEY (professor_id) REFERENCES public.auth_user(id) DEFERRABLE INITIALLY DEFERRED;


--
-- Name: incidencies_expulsio incidencies_expulsio_professor_recull_id_d2af1b2b_fk_auth_user; Type: FK CONSTRAINT; Schema: public; Owner: demo_user
--

ALTER TABLE ONLY public.incidencies_expulsio
    ADD CONSTRAINT incidencies_expulsio_professor_recull_id_d2af1b2b_fk_auth_user FOREIGN KEY (professor_recull_id) REFERENCES public.auth_user(id) DEFERRABLE INITIALLY DEFERRED;


--
-- Name: incidencies_expulsio incidencies_expulsio_provoca_sancio_id_24618aed_fk_incidenci; Type: FK CONSTRAINT; Schema: public; Owner: demo_user
--

ALTER TABLE ONLY public.incidencies_expulsio
    ADD CONSTRAINT incidencies_expulsio_provoca_sancio_id_24618aed_fk_incidenci FOREIGN KEY (provoca_sancio_id) REFERENCES public.incidencies_sancio(id) DEFERRABLE INITIALLY DEFERRED;


--
-- Name: incidencies_frassesincidenciaaula incidencies_frassesi_tipus_id_180b1255_fk_incidenci; Type: FK CONSTRAINT; Schema: public; Owner: demo_user
--

ALTER TABLE ONLY public.incidencies_frassesincidenciaaula
    ADD CONSTRAINT incidencies_frassesi_tipus_id_180b1255_fk_incidenci FOREIGN KEY (tipus_id) REFERENCES public.incidencies_tipusincidencia(id) DEFERRABLE INITIALLY DEFERRED;


--
-- Name: incidencies_incidencia incidencies_incidenc_control_assistencia__abc1f71d_fk_presencia; Type: FK CONSTRAINT; Schema: public; Owner: demo_user
--

ALTER TABLE ONLY public.incidencies_incidencia
    ADD CONSTRAINT incidencies_incidenc_control_assistencia__abc1f71d_fk_presencia FOREIGN KEY (control_assistencia_id) REFERENCES public.presencia_controlassistencia(id) DEFERRABLE INITIALLY DEFERRED;


--
-- Name: incidencies_incidencia incidencies_incidenc_franja_incidencia_id_7038cdad_fk_horaris_f; Type: FK CONSTRAINT; Schema: public; Owner: demo_user
--

ALTER TABLE ONLY public.incidencies_incidencia
    ADD CONSTRAINT incidencies_incidenc_franja_incidencia_id_7038cdad_fk_horaris_f FOREIGN KEY (franja_incidencia_id) REFERENCES public.horaris_franjahoraria(id) DEFERRABLE INITIALLY DEFERRED;


--
-- Name: incidencies_incidencia_notificacions_familia incidencies_incidenc_incidencia_id_e2a996e2_fk_incidenci; Type: FK CONSTRAINT; Schema: public; Owner: demo_user
--

ALTER TABLE ONLY public.incidencies_incidencia_notificacions_familia
    ADD CONSTRAINT incidencies_incidenc_incidencia_id_e2a996e2_fk_incidenci FOREIGN KEY (incidencia_id) REFERENCES public.incidencies_incidencia(id) DEFERRABLE INITIALLY DEFERRED;


--
-- Name: incidencies_incidencia_notificacions_familia incidencies_incidenc_notifusuari_id_bdfbbe99_fk_usuaris_n; Type: FK CONSTRAINT; Schema: public; Owner: demo_user
--

ALTER TABLE ONLY public.incidencies_incidencia_notificacions_familia
    ADD CONSTRAINT incidencies_incidenc_notifusuari_id_bdfbbe99_fk_usuaris_n FOREIGN KEY (notifusuari_id) REFERENCES public.usuaris_notifusuari(id) DEFERRABLE INITIALLY DEFERRED;


--
-- Name: incidencies_incidencia incidencies_incidenc_professional_inicia__23d1700a_fk_auth_user; Type: FK CONSTRAINT; Schema: public; Owner: demo_user
--

ALTER TABLE ONLY public.incidencies_incidencia
    ADD CONSTRAINT incidencies_incidenc_professional_inicia__23d1700a_fk_auth_user FOREIGN KEY (professional_inicia_id) REFERENCES public.auth_user(id) DEFERRABLE INITIALLY DEFERRED;


--
-- Name: incidencies_incidencia incidencies_incidenc_provoca_expulsio_id_9d1505f6_fk_incidenci; Type: FK CONSTRAINT; Schema: public; Owner: demo_user
--

ALTER TABLE ONLY public.incidencies_incidencia
    ADD CONSTRAINT incidencies_incidenc_provoca_expulsio_id_9d1505f6_fk_incidenci FOREIGN KEY (provoca_expulsio_id) REFERENCES public.incidencies_expulsio(id) DEFERRABLE INITIALLY DEFERRED;


--
-- Name: incidencies_incidencia incidencies_incidenc_provoca_sancio_id_a92a1552_fk_incidenci; Type: FK CONSTRAINT; Schema: public; Owner: demo_user
--

ALTER TABLE ONLY public.incidencies_incidencia
    ADD CONSTRAINT incidencies_incidenc_provoca_sancio_id_a92a1552_fk_incidenci FOREIGN KEY (provoca_sancio_id) REFERENCES public.incidencies_sancio(id) DEFERRABLE INITIALLY DEFERRED;


--
-- Name: incidencies_incidencia incidencies_incidenc_tipus_id_cbbaf9d5_fk_incidenci; Type: FK CONSTRAINT; Schema: public; Owner: demo_user
--

ALTER TABLE ONLY public.incidencies_incidencia
    ADD CONSTRAINT incidencies_incidenc_tipus_id_cbbaf9d5_fk_incidenci FOREIGN KEY (tipus_id) REFERENCES public.incidencies_tipusincidencia(id) DEFERRABLE INITIALLY DEFERRED;


--
-- Name: incidencies_incidencia incidencies_incidencia_alumne_id_0f519a6a_fk_alumnes_alumne_id; Type: FK CONSTRAINT; Schema: public; Owner: demo_user
--

ALTER TABLE ONLY public.incidencies_incidencia
    ADD CONSTRAINT incidencies_incidencia_alumne_id_0f519a6a_fk_alumnes_alumne_id FOREIGN KEY (alumne_id) REFERENCES public.alumnes_alumne(id) DEFERRABLE INITIALLY DEFERRED;


--
-- Name: incidencies_incidencia incidencies_incidencia_professional_id_b878d2ee_fk_auth_user_id; Type: FK CONSTRAINT; Schema: public; Owner: demo_user
--

ALTER TABLE ONLY public.incidencies_incidencia
    ADD CONSTRAINT incidencies_incidencia_professional_id_b878d2ee_fk_auth_user_id FOREIGN KEY (professional_id) REFERENCES public.auth_user(id) DEFERRABLE INITIALLY DEFERRED;


--
-- Name: incidencies_sancio incidencies_sancio_alumne_id_796eaeff_fk_alumnes_alumne_id; Type: FK CONSTRAINT; Schema: public; Owner: demo_user
--

ALTER TABLE ONLY public.incidencies_sancio
    ADD CONSTRAINT incidencies_sancio_alumne_id_796eaeff_fk_alumnes_alumne_id FOREIGN KEY (alumne_id) REFERENCES public.alumnes_alumne(id) DEFERRABLE INITIALLY DEFERRED;


--
-- Name: incidencies_sancio incidencies_sancio_franja_fi_id_f54a6d31_fk_horaris_f; Type: FK CONSTRAINT; Schema: public; Owner: demo_user
--

ALTER TABLE ONLY public.incidencies_sancio
    ADD CONSTRAINT incidencies_sancio_franja_fi_id_f54a6d31_fk_horaris_f FOREIGN KEY (franja_fi_id) REFERENCES public.horaris_franjahoraria(id) DEFERRABLE INITIALLY DEFERRED;


--
-- Name: incidencies_sancio incidencies_sancio_franja_inici_id_4e6393b7_fk_horaris_f; Type: FK CONSTRAINT; Schema: public; Owner: demo_user
--

ALTER TABLE ONLY public.incidencies_sancio
    ADD CONSTRAINT incidencies_sancio_franja_inici_id_4e6393b7_fk_horaris_f FOREIGN KEY (franja_inici_id) REFERENCES public.horaris_franjahoraria(id) DEFERRABLE INITIALLY DEFERRED;


--
-- Name: incidencies_sancio_notificacions_familia incidencies_sancio_n_notifusuari_id_951c42f2_fk_usuaris_n; Type: FK CONSTRAINT; Schema: public; Owner: demo_user
--

ALTER TABLE ONLY public.incidencies_sancio_notificacions_familia
    ADD CONSTRAINT incidencies_sancio_n_notifusuari_id_951c42f2_fk_usuaris_n FOREIGN KEY (notifusuari_id) REFERENCES public.usuaris_notifusuari(id) DEFERRABLE INITIALLY DEFERRED;


--
-- Name: incidencies_sancio_notificacions_familia incidencies_sancio_n_sancio_id_4a36e54a_fk_incidenci; Type: FK CONSTRAINT; Schema: public; Owner: demo_user
--

ALTER TABLE ONLY public.incidencies_sancio_notificacions_familia
    ADD CONSTRAINT incidencies_sancio_n_sancio_id_4a36e54a_fk_incidenci FOREIGN KEY (sancio_id) REFERENCES public.incidencies_sancio(id) DEFERRABLE INITIALLY DEFERRED;


--
-- Name: incidencies_sancio incidencies_sancio_professor_id_c20bd022_fk_auth_user_id; Type: FK CONSTRAINT; Schema: public; Owner: demo_user
--

ALTER TABLE ONLY public.incidencies_sancio
    ADD CONSTRAINT incidencies_sancio_professor_id_c20bd022_fk_auth_user_id FOREIGN KEY (professor_id) REFERENCES public.auth_user(id) DEFERRABLE INITIALLY DEFERRED;


--
-- Name: incidencies_sancio incidencies_sancio_tipus_id_37731e6f_fk_incidenci; Type: FK CONSTRAINT; Schema: public; Owner: demo_user
--

ALTER TABLE ONLY public.incidencies_sancio
    ADD CONSTRAINT incidencies_sancio_tipus_id_37731e6f_fk_incidenci FOREIGN KEY (tipus_id) REFERENCES public.incidencies_tipussancio(id) DEFERRABLE INITIALLY DEFERRED;


--
-- Name: material_recurs_disponibilitat_horaria material_recurs_disp_franjahoraria_id_c2ecf904_fk_horaris_f; Type: FK CONSTRAINT; Schema: public; Owner: demo_user
--

ALTER TABLE ONLY public.material_recurs_disponibilitat_horaria
    ADD CONSTRAINT material_recurs_disp_franjahoraria_id_c2ecf904_fk_horaris_f FOREIGN KEY (franjahoraria_id) REFERENCES public.horaris_franjahoraria(id) DEFERRABLE INITIALLY DEFERRED;


--
-- Name: material_recurs_disponibilitat_horaria material_recurs_disp_recurs_id_a8b2ae77_fk_material_; Type: FK CONSTRAINT; Schema: public; Owner: demo_user
--

ALTER TABLE ONLY public.material_recurs_disponibilitat_horaria
    ADD CONSTRAINT material_recurs_disp_recurs_id_a8b2ae77_fk_material_ FOREIGN KEY (recurs_id) REFERENCES public.material_recurs(id) DEFERRABLE INITIALLY DEFERRED;


--
-- Name: material_reservarecurs material_reservarecu_hora_id_cb7e9992_fk_horaris_f; Type: FK CONSTRAINT; Schema: public; Owner: demo_user
--

ALTER TABLE ONLY public.material_reservarecurs
    ADD CONSTRAINT material_reservarecu_hora_id_cb7e9992_fk_horaris_f FOREIGN KEY (hora_id) REFERENCES public.horaris_franjahoraria(id) DEFERRABLE INITIALLY DEFERRED;


--
-- Name: material_reservarecurs material_reservarecurs_recurs_id_6c984000_fk_material_recurs_id; Type: FK CONSTRAINT; Schema: public; Owner: demo_user
--

ALTER TABLE ONLY public.material_reservarecurs
    ADD CONSTRAINT material_reservarecurs_recurs_id_6c984000_fk_material_recurs_id FOREIGN KEY (recurs_id) REFERENCES public.material_recurs(id) DEFERRABLE INITIALLY DEFERRED;


--
-- Name: material_reservarecurs material_reservarecurs_usuari_id_7e328f09_fk_auth_user_id; Type: FK CONSTRAINT; Schema: public; Owner: demo_user
--

ALTER TABLE ONLY public.material_reservarecurs
    ADD CONSTRAINT material_reservarecurs_usuari_id_7e328f09_fk_auth_user_id FOREIGN KEY (usuari_id) REFERENCES public.auth_user(id) DEFERRABLE INITIALLY DEFERRED;


--
-- Name: matricula_document matricula_document_matricula_id_f6f72bd8_fk_matricula; Type: FK CONSTRAINT; Schema: public; Owner: demo_user
--

ALTER TABLE ONLY public.matricula_document
    ADD CONSTRAINT matricula_document_matricula_id_f6f72bd8_fk_matricula FOREIGN KEY (matricula_id) REFERENCES public.matricula_matricula(id) DEFERRABLE INITIALLY DEFERRED;


--
-- Name: matricula_matricula matricula_matricula_alumne_id_032d8fac_fk_alumnes_alumne_id; Type: FK CONSTRAINT; Schema: public; Owner: demo_user
--

ALTER TABLE ONLY public.matricula_matricula
    ADD CONSTRAINT matricula_matricula_alumne_id_032d8fac_fk_alumnes_alumne_id FOREIGN KEY (alumne_id) REFERENCES public.alumnes_alumne(id) DEFERRABLE INITIALLY DEFERRED;


--
-- Name: matricula_matricula matricula_matricula_curs_id_81f8c5b2_fk_alumnes_curs_id; Type: FK CONSTRAINT; Schema: public; Owner: demo_user
--

ALTER TABLE ONLY public.matricula_matricula
    ADD CONSTRAINT matricula_matricula_curs_id_81f8c5b2_fk_alumnes_curs_id FOREIGN KEY (curs_id) REFERENCES public.alumnes_curs(id) DEFERRABLE INITIALLY DEFERRED;


--
-- Name: matricula_matricula matricula_matricula_preinscripcio_id_0231ed17_fk_extPreins; Type: FK CONSTRAINT; Schema: public; Owner: demo_user
--

ALTER TABLE ONLY public.matricula_matricula
    ADD CONSTRAINT "matricula_matricula_preinscripcio_id_0231ed17_fk_extPreins" FOREIGN KEY (preinscripcio_id) REFERENCES public."extPreinscripcio_preinscripcio"(id) DEFERRABLE INITIALLY DEFERRED;


--
-- Name: matricula_matricula matricula_matricula_quota_id_6bb01e21_fk_sortides_quota_id; Type: FK CONSTRAINT; Schema: public; Owner: demo_user
--

ALTER TABLE ONLY public.matricula_matricula
    ADD CONSTRAINT matricula_matricula_quota_id_6bb01e21_fk_sortides_quota_id FOREIGN KEY (quota_id) REFERENCES public.sortides_quota(id) DEFERRABLE INITIALLY DEFERRED;


--
-- Name: missatgeria_destinatari missatgeria_destinat_missatge_id_a12864a3_fk_missatger; Type: FK CONSTRAINT; Schema: public; Owner: demo_user
--

ALTER TABLE ONLY public.missatgeria_destinatari
    ADD CONSTRAINT missatgeria_destinat_missatge_id_a12864a3_fk_missatger FOREIGN KEY (missatge_id) REFERENCES public.missatgeria_missatge(id) DEFERRABLE INITIALLY DEFERRED;


--
-- Name: missatgeria_destinatari missatgeria_destinatari_destinatari_id_d3fedddb_fk_auth_user_id; Type: FK CONSTRAINT; Schema: public; Owner: demo_user
--

ALTER TABLE ONLY public.missatgeria_destinatari
    ADD CONSTRAINT missatgeria_destinatari_destinatari_id_d3fedddb_fk_auth_user_id FOREIGN KEY (destinatari_id) REFERENCES public.auth_user(id) DEFERRABLE INITIALLY DEFERRED;


--
-- Name: missatgeria_detallmissatge missatgeria_detallmi_missatge_id_1fd464f3_fk_missatger; Type: FK CONSTRAINT; Schema: public; Owner: demo_user
--

ALTER TABLE ONLY public.missatgeria_detallmissatge
    ADD CONSTRAINT missatgeria_detallmi_missatge_id_1fd464f3_fk_missatger FOREIGN KEY (missatge_id) REFERENCES public.missatgeria_missatge(id) DEFERRABLE INITIALLY DEFERRED;


--
-- Name: missatgeria_missatge missatgeria_missatge_remitent_id_bccc5aa9_fk_auth_user_id; Type: FK CONSTRAINT; Schema: public; Owner: demo_user
--

ALTER TABLE ONLY public.missatgeria_missatge
    ADD CONSTRAINT missatgeria_missatge_remitent_id_bccc5aa9_fk_auth_user_id FOREIGN KEY (remitent_id) REFERENCES public.auth_user(id) DEFERRABLE INITIALLY DEFERRED;


--
-- Name: presencia_controlassistencia presencia_controlass_alumne_id_99e5a48a_fk_alumnes_a; Type: FK CONSTRAINT; Schema: public; Owner: demo_user
--

ALTER TABLE ONLY public.presencia_controlassistencia
    ADD CONSTRAINT presencia_controlass_alumne_id_99e5a48a_fk_alumnes_a FOREIGN KEY (alumne_id) REFERENCES public.alumnes_alumne(id) DEFERRABLE INITIALLY DEFERRED;


--
-- Name: presencia_controlassistencia presencia_controlass_comunicat_id_a14f1c8b_fk_missatger; Type: FK CONSTRAINT; Schema: public; Owner: demo_user
--

ALTER TABLE ONLY public.presencia_controlassistencia
    ADD CONSTRAINT presencia_controlass_comunicat_id_a14f1c8b_fk_missatger FOREIGN KEY (comunicat_id) REFERENCES public.missatgeria_missatge(id) DEFERRABLE INITIALLY DEFERRED;


--
-- Name: presencia_controlassistencia_notificacions_familia presencia_controlass_controlassistencia_i_bd0fd490_fk_presencia; Type: FK CONSTRAINT; Schema: public; Owner: demo_user
--

ALTER TABLE ONLY public.presencia_controlassistencia_notificacions_familia
    ADD CONSTRAINT presencia_controlass_controlassistencia_i_bd0fd490_fk_presencia FOREIGN KEY (controlassistencia_id) REFERENCES public.presencia_controlassistencia(id) DEFERRABLE INITIALLY DEFERRED;


--
-- Name: presencia_controlassistencia presencia_controlass_estat_backup_id_acd66b64_fk_presencia; Type: FK CONSTRAINT; Schema: public; Owner: demo_user
--

ALTER TABLE ONLY public.presencia_controlassistencia
    ADD CONSTRAINT presencia_controlass_estat_backup_id_acd66b64_fk_presencia FOREIGN KEY (estat_backup_id) REFERENCES public.presencia_estatcontrolassistencia(id) DEFERRABLE INITIALLY DEFERRED;


--
-- Name: presencia_controlassistencia presencia_controlass_estat_id_bc2a0f16_fk_presencia; Type: FK CONSTRAINT; Schema: public; Owner: demo_user
--

ALTER TABLE ONLY public.presencia_controlassistencia
    ADD CONSTRAINT presencia_controlass_estat_id_bc2a0f16_fk_presencia FOREIGN KEY (estat_id) REFERENCES public.presencia_estatcontrolassistencia(id) DEFERRABLE INITIALLY DEFERRED;


--
-- Name: presencia_controlassistencia presencia_controlass_impartir_id_fa18a304_fk_presencia; Type: FK CONSTRAINT; Schema: public; Owner: demo_user
--

ALTER TABLE ONLY public.presencia_controlassistencia
    ADD CONSTRAINT presencia_controlass_impartir_id_fa18a304_fk_presencia FOREIGN KEY (impartir_id) REFERENCES public.presencia_impartir(id) DEFERRABLE INITIALLY DEFERRED;


--
-- Name: presencia_controlassistencia_notificacions_familia presencia_controlass_notifusuari_id_8623fe6b_fk_usuaris_n; Type: FK CONSTRAINT; Schema: public; Owner: demo_user
--

ALTER TABLE ONLY public.presencia_controlassistencia_notificacions_familia
    ADD CONSTRAINT presencia_controlass_notifusuari_id_8623fe6b_fk_usuaris_n FOREIGN KEY (notifusuari_id) REFERENCES public.usuaris_notifusuari(id) DEFERRABLE INITIALLY DEFERRED;


--
-- Name: presencia_controlassistencia presencia_controlass_professor_backup_id_771db578_fk_auth_user; Type: FK CONSTRAINT; Schema: public; Owner: demo_user
--

ALTER TABLE ONLY public.presencia_controlassistencia
    ADD CONSTRAINT presencia_controlass_professor_backup_id_771db578_fk_auth_user FOREIGN KEY (professor_backup_id) REFERENCES public.auth_user(id) DEFERRABLE INITIALLY DEFERRED;


--
-- Name: presencia_controlassistencia presencia_controlass_professor_id_065e5fe5_fk_auth_user; Type: FK CONSTRAINT; Schema: public; Owner: demo_user
--

ALTER TABLE ONLY public.presencia_controlassistencia
    ADD CONSTRAINT presencia_controlass_professor_id_065e5fe5_fk_auth_user FOREIGN KEY (professor_id) REFERENCES public.auth_user(id) DEFERRABLE INITIALLY DEFERRED;


--
-- Name: presencia_impartir presencia_impartir_horari_id_2f0ceee6_fk_horaris_horari_id; Type: FK CONSTRAINT; Schema: public; Owner: demo_user
--

ALTER TABLE ONLY public.presencia_impartir
    ADD CONSTRAINT presencia_impartir_horari_id_2f0ceee6_fk_horaris_horari_id FOREIGN KEY (horari_id) REFERENCES public.horaris_horari(id) DEFERRABLE INITIALLY DEFERRED;


--
-- Name: presencia_impartir presencia_impartir_professor_guardia_id_6a8559a1_fk_auth_user; Type: FK CONSTRAINT; Schema: public; Owner: demo_user
--

ALTER TABLE ONLY public.presencia_impartir
    ADD CONSTRAINT presencia_impartir_professor_guardia_id_6a8559a1_fk_auth_user FOREIGN KEY (professor_guardia_id) REFERENCES public.auth_user(id) DEFERRABLE INITIALLY DEFERRED;


--
-- Name: presencia_impartir presencia_impartir_professor_passa_llis_4f2343a3_fk_auth_user; Type: FK CONSTRAINT; Schema: public; Owner: demo_user
--

ALTER TABLE ONLY public.presencia_impartir
    ADD CONSTRAINT presencia_impartir_professor_passa_llis_4f2343a3_fk_auth_user FOREIGN KEY (professor_passa_llista_id) REFERENCES public.auth_user(id) DEFERRABLE INITIALLY DEFERRED;


--
-- Name: presencia_impartir presencia_impartir_reserva_id_39accc2a_fk_aules_reservaaula_id; Type: FK CONSTRAINT; Schema: public; Owner: demo_user
--

ALTER TABLE ONLY public.presencia_impartir
    ADD CONSTRAINT presencia_impartir_reserva_id_39accc2a_fk_aules_reservaaula_id FOREIGN KEY (reserva_id) REFERENCES public.aules_reservaaula(id) DEFERRABLE INITIALLY DEFERRED;


--
-- Name: presencia_nohadeseralaula presencia_nohadesera_control_id_e6da8a36_fk_presencia; Type: FK CONSTRAINT; Schema: public; Owner: demo_user
--

ALTER TABLE ONLY public.presencia_nohadeseralaula
    ADD CONSTRAINT presencia_nohadesera_control_id_e6da8a36_fk_presencia FOREIGN KEY (control_id) REFERENCES public.presencia_controlassistencia(id) DEFERRABLE INITIALLY DEFERRED;


--
-- Name: presencia_nohadeseralaula presencia_nohadesera_sancio_id_a5a1cfaa_fk_incidenci; Type: FK CONSTRAINT; Schema: public; Owner: demo_user
--

ALTER TABLE ONLY public.presencia_nohadeseralaula
    ADD CONSTRAINT presencia_nohadesera_sancio_id_a5a1cfaa_fk_incidenci FOREIGN KEY (sancio_id) REFERENCES public.incidencies_sancio(id) DEFERRABLE INITIALLY DEFERRED;


--
-- Name: presencia_nohadeseralaula presencia_nohadesera_sortida_id_cf237b1c_fk_sortides_; Type: FK CONSTRAINT; Schema: public; Owner: demo_user
--

ALTER TABLE ONLY public.presencia_nohadeseralaula
    ADD CONSTRAINT presencia_nohadesera_sortida_id_cf237b1c_fk_sortides_ FOREIGN KEY (sortida_id) REFERENCES public.sortides_sortida(id) DEFERRABLE INITIALLY DEFERRED;


--
-- Name: relacioFamilies_docattach relacioFamilies_doca_email_id_a623af72_fk_relacioFa; Type: FK CONSTRAINT; Schema: public; Owner: demo_user
--

ALTER TABLE ONLY public."relacioFamilies_docattach"
    ADD CONSTRAINT "relacioFamilies_doca_email_id_a623af72_fk_relacioFa" FOREIGN KEY (email_id) REFERENCES public."relacioFamilies_emailpendent"(id) DEFERRABLE INITIALLY DEFERRED;


--
-- Name: relacioFamilies_responsable_alumnes_associats relacioFamilies_resp_alumne_id_fc2b4487_fk_alumnes_a; Type: FK CONSTRAINT; Schema: public; Owner: demo_user
--

ALTER TABLE ONLY public."relacioFamilies_responsable_alumnes_associats"
    ADD CONSTRAINT "relacioFamilies_resp_alumne_id_fc2b4487_fk_alumnes_a" FOREIGN KEY (alumne_id) REFERENCES public.alumnes_alumne(id) DEFERRABLE INITIALLY DEFERRED;


--
-- Name: relacioFamilies_responsable_alumnes_associats relacioFamilies_resp_responsable_id_01729512_fk_relacioFa; Type: FK CONSTRAINT; Schema: public; Owner: demo_user
--

ALTER TABLE ONLY public."relacioFamilies_responsable_alumnes_associats"
    ADD CONSTRAINT "relacioFamilies_resp_responsable_id_01729512_fk_relacioFa" FOREIGN KEY (responsable_id) REFERENCES public."relacioFamilies_responsable"(id) DEFERRABLE INITIALLY DEFERRED;


--
-- Name: relacioFamilies_responsable relacioFamilies_resp_user_associat_id_833049cf_fk_auth_user; Type: FK CONSTRAINT; Schema: public; Owner: demo_user
--

ALTER TABLE ONLY public."relacioFamilies_responsable"
    ADD CONSTRAINT "relacioFamilies_resp_user_associat_id_833049cf_fk_auth_user" FOREIGN KEY (user_associat_id) REFERENCES public.auth_user(id) DEFERRABLE INITIALLY DEFERRED;


--
-- Name: sortides_notificasortida sortides_notificasor_alumne_id_c9e4ba7d_fk_alumnes_a; Type: FK CONSTRAINT; Schema: public; Owner: demo_user
--

ALTER TABLE ONLY public.sortides_notificasortida
    ADD CONSTRAINT sortides_notificasor_alumne_id_c9e4ba7d_fk_alumnes_a FOREIGN KEY (alumne_id) REFERENCES public.alumnes_alumne(id) DEFERRABLE INITIALLY DEFERRED;


--
-- Name: sortides_notificasortida_notificacions_familia sortides_notificasor_notificasortida_id_737a7158_fk_sortides_; Type: FK CONSTRAINT; Schema: public; Owner: demo_user
--

ALTER TABLE ONLY public.sortides_notificasortida_notificacions_familia
    ADD CONSTRAINT sortides_notificasor_notificasortida_id_737a7158_fk_sortides_ FOREIGN KEY (notificasortida_id) REFERENCES public.sortides_notificasortida(id) DEFERRABLE INITIALLY DEFERRED;


--
-- Name: sortides_notificasortida_notificacions_familia sortides_notificasor_notifusuari_id_fc733969_fk_usuaris_n; Type: FK CONSTRAINT; Schema: public; Owner: demo_user
--

ALTER TABLE ONLY public.sortides_notificasortida_notificacions_familia
    ADD CONSTRAINT sortides_notificasor_notifusuari_id_fc733969_fk_usuaris_n FOREIGN KEY (notifusuari_id) REFERENCES public.usuaris_notifusuari(id) DEFERRABLE INITIALLY DEFERRED;


--
-- Name: sortides_notificasortida sortides_notificasor_sortida_id_c187906e_fk_sortides_; Type: FK CONSTRAINT; Schema: public; Owner: demo_user
--

ALTER TABLE ONLY public.sortides_notificasortida
    ADD CONSTRAINT sortides_notificasor_sortida_id_c187906e_fk_sortides_ FOREIGN KEY (sortida_id) REFERENCES public.sortides_sortida(id) DEFERRABLE INITIALLY DEFERRED;


--
-- Name: sortides_pagament sortides_pagament_alumne_id_068cfac0_fk_alumnes_alumne_id; Type: FK CONSTRAINT; Schema: public; Owner: demo_user
--

ALTER TABLE ONLY public.sortides_pagament
    ADD CONSTRAINT sortides_pagament_alumne_id_068cfac0_fk_alumnes_alumne_id FOREIGN KEY (alumne_id) REFERENCES public.alumnes_alumne(id) DEFERRABLE INITIALLY DEFERRED;


--
-- Name: sortides_pagament_notificacions_familia sortides_pagament_no_notifusuari_id_b53f7c8b_fk_usuaris_n; Type: FK CONSTRAINT; Schema: public; Owner: demo_user
--

ALTER TABLE ONLY public.sortides_pagament_notificacions_familia
    ADD CONSTRAINT sortides_pagament_no_notifusuari_id_b53f7c8b_fk_usuaris_n FOREIGN KEY (notifusuari_id) REFERENCES public.usuaris_notifusuari(id) DEFERRABLE INITIALLY DEFERRED;


--
-- Name: sortides_pagament_notificacions_familia sortides_pagament_no_pagament_id_7727f52c_fk_sortides_; Type: FK CONSTRAINT; Schema: public; Owner: demo_user
--

ALTER TABLE ONLY public.sortides_pagament_notificacions_familia
    ADD CONSTRAINT sortides_pagament_no_pagament_id_7727f52c_fk_sortides_ FOREIGN KEY (pagament_id) REFERENCES public.sortides_pagament(id) DEFERRABLE INITIALLY DEFERRED;


--
-- Name: sortides_pagament sortides_pagament_quota_id_e32564cc_fk_sortides_quota_id; Type: FK CONSTRAINT; Schema: public; Owner: demo_user
--

ALTER TABLE ONLY public.sortides_pagament
    ADD CONSTRAINT sortides_pagament_quota_id_e32564cc_fk_sortides_quota_id FOREIGN KEY (quota_id) REFERENCES public.sortides_quota(id) DEFERRABLE INITIALLY DEFERRED;


--
-- Name: sortides_pagament sortides_pagament_sortida_id_63c614d5_fk_sortides_sortida_id; Type: FK CONSTRAINT; Schema: public; Owner: demo_user
--

ALTER TABLE ONLY public.sortides_pagament
    ADD CONSTRAINT sortides_pagament_sortida_id_63c614d5_fk_sortides_sortida_id FOREIGN KEY (sortida_id) REFERENCES public.sortides_sortida(id) DEFERRABLE INITIALLY DEFERRED;


--
-- Name: sortides_quota sortides_quota_curs_id_d14ab3f8_fk_alumnes_curs_id; Type: FK CONSTRAINT; Schema: public; Owner: demo_user
--

ALTER TABLE ONLY public.sortides_quota
    ADD CONSTRAINT sortides_quota_curs_id_d14ab3f8_fk_alumnes_curs_id FOREIGN KEY (curs_id) REFERENCES public.alumnes_curs(id) DEFERRABLE INITIALLY DEFERRED;


--
-- Name: sortides_quota sortides_quota_tipus_id_6c302d22_fk_sortides_tipusquota_id; Type: FK CONSTRAINT; Schema: public; Owner: demo_user
--

ALTER TABLE ONLY public.sortides_quota
    ADD CONSTRAINT sortides_quota_tipus_id_6c302d22_fk_sortides_tipusquota_id FOREIGN KEY (tipus_id) REFERENCES public.sortides_tipusquota(id) DEFERRABLE INITIALLY DEFERRED;


--
-- Name: sortides_quota sortides_quota_tpv_id_4cb528dd_fk_sortides_tpv_id; Type: FK CONSTRAINT; Schema: public; Owner: demo_user
--

ALTER TABLE ONLY public.sortides_quota
    ADD CONSTRAINT sortides_quota_tpv_id_4cb528dd_fk_sortides_tpv_id FOREIGN KEY (tpv_id) REFERENCES public.sortides_tpv(id) DEFERRABLE INITIALLY DEFERRED;


--
-- Name: sortides_sortida_altres_professors_acompanyants sortides_sortida_alt_professor_id_e1ac9efc_fk_auth_user; Type: FK CONSTRAINT; Schema: public; Owner: demo_user
--

ALTER TABLE ONLY public.sortides_sortida_altres_professors_acompanyants
    ADD CONSTRAINT sortides_sortida_alt_professor_id_e1ac9efc_fk_auth_user FOREIGN KEY (professor_id) REFERENCES public.auth_user(id) DEFERRABLE INITIALLY DEFERRED;


--
-- Name: sortides_sortida_altres_professors_acompanyants sortides_sortida_alt_sortida_id_84a4c597_fk_sortides_; Type: FK CONSTRAINT; Schema: public; Owner: demo_user
--

ALTER TABLE ONLY public.sortides_sortida_altres_professors_acompanyants
    ADD CONSTRAINT sortides_sortida_alt_sortida_id_84a4c597_fk_sortides_ FOREIGN KEY (sortida_id) REFERENCES public.sortides_sortida(id) DEFERRABLE INITIALLY DEFERRED;


--
-- Name: sortides_sortida_alumnes_convocats sortides_sortida_alu_alumne_id_2de33622_fk_alumnes_a; Type: FK CONSTRAINT; Schema: public; Owner: demo_user
--

ALTER TABLE ONLY public.sortides_sortida_alumnes_convocats
    ADD CONSTRAINT sortides_sortida_alu_alumne_id_2de33622_fk_alumnes_a FOREIGN KEY (alumne_id) REFERENCES public.alumnes_alumne(id) DEFERRABLE INITIALLY DEFERRED;


--
-- Name: sortides_sortida_alumnes_justificacio sortides_sortida_alu_alumne_id_5bbe016e_fk_alumnes_a; Type: FK CONSTRAINT; Schema: public; Owner: demo_user
--

ALTER TABLE ONLY public.sortides_sortida_alumnes_justificacio
    ADD CONSTRAINT sortides_sortida_alu_alumne_id_5bbe016e_fk_alumnes_a FOREIGN KEY (alumne_id) REFERENCES public.alumnes_alumne(id) DEFERRABLE INITIALLY DEFERRED;


--
-- Name: sortides_sortida_alumnes_que_no_vindran sortides_sortida_alu_alumne_id_d258efad_fk_alumnes_a; Type: FK CONSTRAINT; Schema: public; Owner: demo_user
--

ALTER TABLE ONLY public.sortides_sortida_alumnes_que_no_vindran
    ADD CONSTRAINT sortides_sortida_alu_alumne_id_d258efad_fk_alumnes_a FOREIGN KEY (alumne_id) REFERENCES public.alumnes_alumne(id) DEFERRABLE INITIALLY DEFERRED;


--
-- Name: sortides_sortida_alumnes_convocats sortides_sortida_alu_sortida_id_1681e034_fk_sortides_; Type: FK CONSTRAINT; Schema: public; Owner: demo_user
--

ALTER TABLE ONLY public.sortides_sortida_alumnes_convocats
    ADD CONSTRAINT sortides_sortida_alu_sortida_id_1681e034_fk_sortides_ FOREIGN KEY (sortida_id) REFERENCES public.sortides_sortida(id) DEFERRABLE INITIALLY DEFERRED;


--
-- Name: sortides_sortida_alumnes_que_no_vindran sortides_sortida_alu_sortida_id_856eece5_fk_sortides_; Type: FK CONSTRAINT; Schema: public; Owner: demo_user
--

ALTER TABLE ONLY public.sortides_sortida_alumnes_que_no_vindran
    ADD CONSTRAINT sortides_sortida_alu_sortida_id_856eece5_fk_sortides_ FOREIGN KEY (sortida_id) REFERENCES public.sortides_sortida(id) DEFERRABLE INITIALLY DEFERRED;


--
-- Name: sortides_sortida_alumnes_justificacio sortides_sortida_alu_sortida_id_d8830516_fk_sortides_; Type: FK CONSTRAINT; Schema: public; Owner: demo_user
--

ALTER TABLE ONLY public.sortides_sortida_alumnes_justificacio
    ADD CONSTRAINT sortides_sortida_alu_sortida_id_d8830516_fk_sortides_ FOREIGN KEY (sortida_id) REFERENCES public.sortides_sortida(id) DEFERRABLE INITIALLY DEFERRED;


--
-- Name: sortides_sortida sortides_sortida_departament_que_orga_58d3df97_fk_usuaris_d; Type: FK CONSTRAINT; Schema: public; Owner: demo_user
--

ALTER TABLE ONLY public.sortides_sortida
    ADD CONSTRAINT sortides_sortida_departament_que_orga_58d3df97_fk_usuaris_d FOREIGN KEY (departament_que_organitza_id) REFERENCES public.usuaris_departament(id) DEFERRABLE INITIALLY DEFERRED;


--
-- Name: sortides_sortida sortides_sortida_franja_fi_id_00f9d80a_fk_horaris_f; Type: FK CONSTRAINT; Schema: public; Owner: demo_user
--

ALTER TABLE ONLY public.sortides_sortida
    ADD CONSTRAINT sortides_sortida_franja_fi_id_00f9d80a_fk_horaris_f FOREIGN KEY (franja_fi_id) REFERENCES public.horaris_franjahoraria(id) DEFERRABLE INITIALLY DEFERRED;


--
-- Name: sortides_sortida sortides_sortida_franja_inici_id_15847859_fk_horaris_f; Type: FK CONSTRAINT; Schema: public; Owner: demo_user
--

ALTER TABLE ONLY public.sortides_sortida
    ADD CONSTRAINT sortides_sortida_franja_inici_id_15847859_fk_horaris_f FOREIGN KEY (franja_inici_id) REFERENCES public.horaris_franjahoraria(id) DEFERRABLE INITIALLY DEFERRED;


--
-- Name: sortides_sortida_professors_responsables sortides_sortida_pro_professor_id_761ae036_fk_auth_user; Type: FK CONSTRAINT; Schema: public; Owner: demo_user
--

ALTER TABLE ONLY public.sortides_sortida_professors_responsables
    ADD CONSTRAINT sortides_sortida_pro_professor_id_761ae036_fk_auth_user FOREIGN KEY (professor_id) REFERENCES public.auth_user(id) DEFERRABLE INITIALLY DEFERRED;


--
-- Name: sortides_sortida_professors_responsables sortides_sortida_pro_sortida_id_a8a43f93_fk_sortides_; Type: FK CONSTRAINT; Schema: public; Owner: demo_user
--

ALTER TABLE ONLY public.sortides_sortida_professors_responsables
    ADD CONSTRAINT sortides_sortida_pro_sortida_id_a8a43f93_fk_sortides_ FOREIGN KEY (sortida_id) REFERENCES public.sortides_sortida(id) DEFERRABLE INITIALLY DEFERRED;


--
-- Name: sortides_sortida sortides_sortida_professor_que_propos_1f98f289_fk_auth_user; Type: FK CONSTRAINT; Schema: public; Owner: demo_user
--

ALTER TABLE ONLY public.sortides_sortida
    ADD CONSTRAINT sortides_sortida_professor_que_propos_1f98f289_fk_auth_user FOREIGN KEY (professor_que_proposa_id) REFERENCES public.auth_user(id) DEFERRABLE INITIALLY DEFERRED;


--
-- Name: sortides_sortida sortides_sortida_tpv_id_36afc230_fk_sortides_tpv_id; Type: FK CONSTRAINT; Schema: public; Owner: demo_user
--

ALTER TABLE ONLY public.sortides_sortida
    ADD CONSTRAINT sortides_sortida_tpv_id_36afc230_fk_sortides_tpv_id FOREIGN KEY (tpv_id) REFERENCES public.sortides_tpv(id) DEFERRABLE INITIALLY DEFERRED;


--
-- Name: sortides_sortida_tutors_alumnes_convocats sortides_sortida_tut_professor_id_ec4a9d3d_fk_auth_user; Type: FK CONSTRAINT; Schema: public; Owner: demo_user
--

ALTER TABLE ONLY public.sortides_sortida_tutors_alumnes_convocats
    ADD CONSTRAINT sortides_sortida_tut_professor_id_ec4a9d3d_fk_auth_user FOREIGN KEY (professor_id) REFERENCES public.auth_user(id) DEFERRABLE INITIALLY DEFERRED;


--
-- Name: sortides_sortida_tutors_alumnes_convocats sortides_sortida_tut_sortida_id_29af2cf1_fk_sortides_; Type: FK CONSTRAINT; Schema: public; Owner: demo_user
--

ALTER TABLE ONLY public.sortides_sortida_tutors_alumnes_convocats
    ADD CONSTRAINT sortides_sortida_tut_sortida_id_29af2cf1_fk_sortides_ FOREIGN KEY (sortida_id) REFERENCES public.sortides_sortida(id) DEFERRABLE INITIALLY DEFERRED;


--
-- Name: todo_todo todo_todo_propietari_id_9809c340_fk_auth_user_id; Type: FK CONSTRAINT; Schema: public; Owner: demo_user
--

ALTER TABLE ONLY public.todo_todo
    ADD CONSTRAINT todo_todo_propietari_id_9809c340_fk_auth_user_id FOREIGN KEY (propietari_id) REFERENCES public.auth_user(id) DEFERRABLE INITIALLY DEFERRED;


--
-- Name: tutoria_actuacio tutoria_actuacio_alumne_id_4bd38b72_fk_alumnes_alumne_id; Type: FK CONSTRAINT; Schema: public; Owner: demo_user
--

ALTER TABLE ONLY public.tutoria_actuacio
    ADD CONSTRAINT tutoria_actuacio_alumne_id_4bd38b72_fk_alumnes_alumne_id FOREIGN KEY (alumne_id) REFERENCES public.alumnes_alumne(id) DEFERRABLE INITIALLY DEFERRED;


--
-- Name: tutoria_actuacio tutoria_actuacio_professional_id_0631dfcf_fk_auth_user_id; Type: FK CONSTRAINT; Schema: public; Owner: demo_user
--

ALTER TABLE ONLY public.tutoria_actuacio
    ADD CONSTRAINT tutoria_actuacio_professional_id_0631dfcf_fk_auth_user_id FOREIGN KEY (professional_id) REFERENCES public.auth_user(id) DEFERRABLE INITIALLY DEFERRED;


--
-- Name: tutoria_cartaabsentisme tutoria_cartaabsentisme_alumne_id_77abbcaa_fk_alumnes_alumne_id; Type: FK CONSTRAINT; Schema: public; Owner: demo_user
--

ALTER TABLE ONLY public.tutoria_cartaabsentisme
    ADD CONSTRAINT tutoria_cartaabsentisme_alumne_id_77abbcaa_fk_alumnes_alumne_id FOREIGN KEY (alumne_id) REFERENCES public.alumnes_alumne(id) DEFERRABLE INITIALLY DEFERRED;


--
-- Name: tutoria_cartaabsentisme tutoria_cartaabsentisme_professor_id_2fd8e570_fk_auth_user_id; Type: FK CONSTRAINT; Schema: public; Owner: demo_user
--

ALTER TABLE ONLY public.tutoria_cartaabsentisme
    ADD CONSTRAINT tutoria_cartaabsentisme_professor_id_2fd8e570_fk_auth_user_id FOREIGN KEY (professor_id) REFERENCES public.auth_user(id) DEFERRABLE INITIALLY DEFERRED;


--
-- Name: tutoria_resumanualalumne tutoria_resumanualal_seguiment_tutorial_i_9483703b_fk_tutoria_s; Type: FK CONSTRAINT; Schema: public; Owner: demo_user
--

ALTER TABLE ONLY public.tutoria_resumanualalumne
    ADD CONSTRAINT tutoria_resumanualal_seguiment_tutorial_i_9483703b_fk_tutoria_s FOREIGN KEY (seguiment_tutorial_id) REFERENCES public.tutoria_seguimenttutorial(id) DEFERRABLE INITIALLY DEFERRED;


--
-- Name: tutoria_seguimenttutorial tutoria_seguimenttut_alumne_id_38f6f325_fk_alumnes_a; Type: FK CONSTRAINT; Schema: public; Owner: demo_user
--

ALTER TABLE ONLY public.tutoria_seguimenttutorial
    ADD CONSTRAINT tutoria_seguimenttut_alumne_id_38f6f325_fk_alumnes_a FOREIGN KEY (alumne_id) REFERENCES public.alumnes_alumne(id) DEFERRABLE INITIALLY DEFERRED;


--
-- Name: tutoria_seguimenttutorialrespostes tutoria_seguimenttut_seguiment_tutorial_i_69798e82_fk_tutoria_s; Type: FK CONSTRAINT; Schema: public; Owner: demo_user
--

ALTER TABLE ONLY public.tutoria_seguimenttutorialrespostes
    ADD CONSTRAINT tutoria_seguimenttut_seguiment_tutorial_i_69798e82_fk_tutoria_s FOREIGN KEY (seguiment_tutorial_id) REFERENCES public.tutoria_seguimenttutorial(id) DEFERRABLE INITIALLY DEFERRED;


--
-- Name: tutoria_tutor tutoria_tutor_grup_id_c7f7699c_fk_alumnes_grup_id; Type: FK CONSTRAINT; Schema: public; Owner: demo_user
--

ALTER TABLE ONLY public.tutoria_tutor
    ADD CONSTRAINT tutoria_tutor_grup_id_c7f7699c_fk_alumnes_grup_id FOREIGN KEY (grup_id) REFERENCES public.alumnes_grup(id) DEFERRABLE INITIALLY DEFERRED;


--
-- Name: tutoria_tutor tutoria_tutor_professor_id_10d791da_fk_auth_user_id; Type: FK CONSTRAINT; Schema: public; Owner: demo_user
--

ALTER TABLE ONLY public.tutoria_tutor
    ADD CONSTRAINT tutoria_tutor_professor_id_10d791da_fk_auth_user_id FOREIGN KEY (professor_id) REFERENCES public.auth_user(id) DEFERRABLE INITIALLY DEFERRED;


--
-- Name: tutoria_tutorindividualitzat tutoria_tutorindivid_alumne_id_7d257177_fk_alumnes_a; Type: FK CONSTRAINT; Schema: public; Owner: demo_user
--

ALTER TABLE ONLY public.tutoria_tutorindividualitzat
    ADD CONSTRAINT tutoria_tutorindivid_alumne_id_7d257177_fk_alumnes_a FOREIGN KEY (alumne_id) REFERENCES public.alumnes_alumne(id) DEFERRABLE INITIALLY DEFERRED;


--
-- Name: tutoria_tutorindividualitzat tutoria_tutorindivid_professor_id_2adeda31_fk_auth_user; Type: FK CONSTRAINT; Schema: public; Owner: demo_user
--

ALTER TABLE ONLY public.tutoria_tutorindividualitzat
    ADD CONSTRAINT tutoria_tutorindivid_professor_id_2adeda31_fk_auth_user FOREIGN KEY (professor_id) REFERENCES public.auth_user(id) DEFERRABLE INITIALLY DEFERRED;


--
-- Name: usuaris_abstractonetimepasswd usuaris_abstractonet_usuari_id_831b7047_fk_auth_user; Type: FK CONSTRAINT; Schema: public; Owner: demo_user
--

ALTER TABLE ONLY public.usuaris_abstractonetimepasswd
    ADD CONSTRAINT usuaris_abstractonet_usuari_id_831b7047_fk_auth_user FOREIGN KEY (usuari_id) REFERENCES public.auth_user(id) DEFERRABLE INITIALLY DEFERRED;


--
-- Name: usuaris_accio usuaris_accio_impersonated_from_id_365d4750_fk_auth_user_id; Type: FK CONSTRAINT; Schema: public; Owner: demo_user
--

ALTER TABLE ONLY public.usuaris_accio
    ADD CONSTRAINT usuaris_accio_impersonated_from_id_365d4750_fk_auth_user_id FOREIGN KEY (impersonated_from_id) REFERENCES public.auth_user(id) DEFERRABLE INITIALLY DEFERRED;


--
-- Name: usuaris_accio usuaris_accio_usuari_id_a283f60a_fk_auth_user_id; Type: FK CONSTRAINT; Schema: public; Owner: demo_user
--

ALTER TABLE ONLY public.usuaris_accio
    ADD CONSTRAINT usuaris_accio_usuari_id_a283f60a_fk_auth_user_id FOREIGN KEY (usuari_id) REFERENCES public.auth_user(id) DEFERRABLE INITIALLY DEFERRED;


--
-- Name: usuaris_dadesaddicionalsprofessor usuaris_dadesaddicio_professor_id_1d12e561_fk_auth_user; Type: FK CONSTRAINT; Schema: public; Owner: demo_user
--

ALTER TABLE ONLY public.usuaris_dadesaddicionalsprofessor
    ADD CONSTRAINT usuaris_dadesaddicio_professor_id_1d12e561_fk_auth_user FOREIGN KEY (professor_id) REFERENCES public.auth_user(id) DEFERRABLE INITIALLY DEFERRED;


--
-- Name: usuaris_loginusuari usuaris_loginusuari_usuari_id_294c69da_fk_auth_user_id; Type: FK CONSTRAINT; Schema: public; Owner: demo_user
--

ALTER TABLE ONLY public.usuaris_loginusuari
    ADD CONSTRAINT usuaris_loginusuari_usuari_id_294c69da_fk_auth_user_id FOREIGN KEY (usuari_id) REFERENCES public.auth_user(id) DEFERRABLE INITIALLY DEFERRED;


--
-- Name: usuaris_notifusuari usuaris_notifusuari_alumne_id_7ba7c741_fk_alumnes_alumne_id; Type: FK CONSTRAINT; Schema: public; Owner: demo_user
--

ALTER TABLE ONLY public.usuaris_notifusuari
    ADD CONSTRAINT usuaris_notifusuari_alumne_id_7ba7c741_fk_alumnes_alumne_id FOREIGN KEY (alumne_id) REFERENCES public.alumnes_alumne(id) DEFERRABLE INITIALLY DEFERRED;


--
-- Name: usuaris_notifusuari usuaris_notifusuari_usuari_id_59bce9d1_fk_auth_user_id; Type: FK CONSTRAINT; Schema: public; Owner: demo_user
--

ALTER TABLE ONLY public.usuaris_notifusuari
    ADD CONSTRAINT usuaris_notifusuari_usuari_id_59bce9d1_fk_auth_user_id FOREIGN KEY (usuari_id) REFERENCES public.auth_user(id) DEFERRABLE INITIALLY DEFERRED;


--
-- Name: usuaris_onetimepasswd usuaris_onetimepassw_abstractonetimepassw_97fa722d_fk_usuaris_a; Type: FK CONSTRAINT; Schema: public; Owner: demo_user
--

ALTER TABLE ONLY public.usuaris_onetimepasswd
    ADD CONSTRAINT usuaris_onetimepassw_abstractonetimepassw_97fa722d_fk_usuaris_a FOREIGN KEY (abstractonetimepasswd_ptr_id) REFERENCES public.usuaris_abstractonetimepasswd(id) DEFERRABLE INITIALLY DEFERRED;


--
-- Name: usuaris_qrportal usuaris_qrportal_alumne_referenciat_i_98fc6aaa_fk_alumnes_a; Type: FK CONSTRAINT; Schema: public; Owner: demo_user
--

ALTER TABLE ONLY public.usuaris_qrportal
    ADD CONSTRAINT usuaris_qrportal_alumne_referenciat_i_98fc6aaa_fk_alumnes_a FOREIGN KEY (alumne_referenciat_id) REFERENCES public.alumnes_alumne(id) DEFERRABLE INITIALLY DEFERRED;


--
-- Name: usuaris_qrportal usuaris_qrportal_usuari_referenciat_id_c43b6d99_fk_auth_user_id; Type: FK CONSTRAINT; Schema: public; Owner: demo_user
--

ALTER TABLE ONLY public.usuaris_qrportal
    ADD CONSTRAINT usuaris_qrportal_usuari_referenciat_id_c43b6d99_fk_auth_user_id FOREIGN KEY (usuari_referenciat_id) REFERENCES public.auth_user(id) DEFERRABLE INITIALLY DEFERRED;


--
-- PostgreSQL database dump complete
--

\unrestrict H6mEtoAttAIJfPlv3eTbC6eXFfXafkzSQi9I8K4oGg9iOMbN5pJlmczRgI32diG

